-- MySQL dump 10.13  Distrib 8.0.22, for Linux (x86_64)
--
-- Host: localhost    Database: vk
-- ------------------------------------------------------
-- Server version	8.0.22-0ubuntu0.20.04.3

/*!40101 SET @OLD_CHARACTER_SET_CLIENT=@@CHARACTER_SET_CLIENT */;
/*!40101 SET @OLD_CHARACTER_SET_RESULTS=@@CHARACTER_SET_RESULTS */;
/*!40101 SET @OLD_COLLATION_CONNECTION=@@COLLATION_CONNECTION */;
/*!50503 SET NAMES utf8mb4 */;
/*!40103 SET @OLD_TIME_ZONE=@@TIME_ZONE */;
/*!40103 SET TIME_ZONE='+00:00' */;
/*!40014 SET @OLD_UNIQUE_CHECKS=@@UNIQUE_CHECKS, UNIQUE_CHECKS=0 */;
/*!40014 SET @OLD_FOREIGN_KEY_CHECKS=@@FOREIGN_KEY_CHECKS, FOREIGN_KEY_CHECKS=0 */;
/*!40101 SET @OLD_SQL_MODE=@@SQL_MODE, SQL_MODE='NO_AUTO_VALUE_ON_ZERO' */;
/*!40111 SET @OLD_SQL_NOTES=@@SQL_NOTES, SQL_NOTES=0 */;

--
-- Table structure for table `cities`
--

DROP TABLE IF EXISTS `cities`;
/*!40101 SET @saved_cs_client     = @@character_set_client */;
/*!50503 SET character_set_client = utf8mb4 */;
CREATE TABLE `cities` (
  `id` int unsigned NOT NULL AUTO_INCREMENT COMMENT 'Идентификатор города',
  `city` varchar(130) NOT NULL COMMENT 'Название города',
  PRIMARY KEY (`id`),
  UNIQUE KEY `city` (`city`)
) ENGINE=InnoDB AUTO_INCREMENT=101 DEFAULT CHARSET=utf8mb4 COLLATE=utf8mb4_0900_ai_ci COMMENT='Справочников городов';
/*!40101 SET character_set_client = @saved_cs_client */;

--
-- Dumping data for table `cities`
--

LOCK TABLES `cities` WRITE;
/*!40000 ALTER TABLE `cities` DISABLE KEYS */;
INSERT INTO `cities` VALUES (14,'Aaronton'),(70,'Adamsshire'),(36,'Albinaburgh'),(90,'Aldenton'),(83,'Alexaville'),(62,'Alysontown'),(77,'Beahanshire'),(56,'Bednarmouth'),(66,'Bergeton'),(8,'Blickstad'),(74,'Bodeton'),(1,'Boganview'),(34,'Bruenhaven'),(97,'Caleighbury'),(27,'Collinsberg'),(28,'Dachmouth'),(26,'Dickibury'),(5,'Dillonshire'),(48,'Durganfurt'),(54,'East Candida'),(96,'East Jacky'),(6,'East Jarred'),(15,'East Jazmynemouth'),(80,'East Justice'),(30,'East Kristinmouth'),(24,'East Louveniachester'),(87,'East Ludie'),(21,'East Neoma'),(75,'East Nikki'),(19,'Feestfort'),(3,'Gerholdburgh'),(38,'Hansenstad'),(41,'Hettiechester'),(60,'Johnathanshire'),(22,'Joneston'),(33,'Josephinemouth'),(57,'Karlmouth'),(91,'Labadieville'),(69,'Lake Gia'),(67,'Lake Jessborough'),(64,'Lake Kevon'),(10,'Lake Regan'),(59,'Lake Sage'),(65,'Lake Yasmin'),(39,'Loyalmouth'),(73,'Marcobury'),(45,'Marqueshaven'),(58,'Mayertborough'),(94,'New Barbara'),(4,'New Dawsonland'),(40,'New Elta'),(31,'New Jakob'),(32,'New Jaron'),(46,'New Jarrodhaven'),(86,'New Keagan'),(76,'New Wendell'),(11,'North Bernitafort'),(47,'North Bradley'),(53,'North Daisha'),(93,'North Jessikaborough'),(78,'North Lawsonport'),(98,'North Lorenzastad'),(71,'North Orpha'),(43,'North Osvaldoview'),(42,'North Pattie'),(44,'O\'Konburgh'),(81,'Oberbrunnerside'),(51,'Port Amy'),(17,'Port Graciela'),(88,'Port Kamronton'),(61,'Port Karianne'),(23,'Port Samantha'),(18,'Reggieside'),(20,'Rozellaside'),(55,'Satterfieldberg'),(95,'Schambergerfort'),(12,'South Abby'),(84,'South Adolph'),(35,'South Brooke'),(79,'South Camden'),(37,'South Camryn'),(85,'South Margotborough'),(25,'South Mireillehaven'),(29,'South Salvador'),(89,'South Yesseniaburgh'),(72,'Swaniawskistad'),(49,'Sydneestad'),(7,'Walshstad'),(99,'Walterland'),(63,'West Celestinemouth'),(16,'West Dorothea'),(50,'West Jarrellshire'),(13,'West Loisstad'),(68,'West Mertie'),(92,'West Noeliaport'),(2,'West Santinoberg'),(9,'West Wyman'),(100,'West Yvonnehaven'),(52,'Willberg'),(82,'Xavierfurt');
/*!40000 ALTER TABLE `cities` ENABLE KEYS */;
UNLOCK TABLES;

--
-- Table structure for table `communities`
--

DROP TABLE IF EXISTS `communities`;
/*!40101 SET @saved_cs_client     = @@character_set_client */;
/*!50503 SET character_set_client = utf8mb4 */;
CREATE TABLE `communities` (
  `id` int unsigned NOT NULL AUTO_INCREMENT COMMENT 'Идентификатор сроки',
  `name` varchar(150) CHARACTER SET utf8 COLLATE utf8_unicode_ci NOT NULL COMMENT 'Название группы',
  `created_at` datetime DEFAULT CURRENT_TIMESTAMP COMMENT 'Время создания строки',
  `updated_at` datetime DEFAULT CURRENT_TIMESTAMP ON UPDATE CURRENT_TIMESTAMP COMMENT 'Время обновления строки',
  PRIMARY KEY (`id`),
  UNIQUE KEY `name` (`name`)
) ENGINE=InnoDB AUTO_INCREMENT=11 DEFAULT CHARSET=utf8 COLLATE=utf8_unicode_ci COMMENT='Группы';
/*!40101 SET character_set_client = @saved_cs_client */;

--
-- Dumping data for table `communities`
--

LOCK TABLES `communities` WRITE;
/*!40000 ALTER TABLE `communities` DISABLE KEYS */;
INSERT INTO `communities` VALUES (1,'quis','1937-08-12 07:49:45','2016-02-22 00:35:08'),(2,'ut','1927-04-23 13:45:15','1945-06-26 11:33:59'),(3,'est','1935-04-17 19:39:38','2019-08-26 19:59:50'),(4,'mollitia','2009-03-30 01:40:18','2009-03-30 01:40:18'),(5,'natus','1966-12-28 14:19:24','2014-08-16 10:42:06'),(6,'fugiat','1986-01-28 20:00:36','1986-01-28 20:00:36'),(7,'quidem','1994-06-09 11:49:59','1994-06-09 11:49:59'),(8,'perferendis','1929-05-13 10:43:15','1951-06-02 01:24:19'),(9,'fuga','1990-04-21 14:14:08','1997-02-04 02:18:48'),(10,'corporis','1935-12-11 00:56:36','1950-07-19 08:23:14');
/*!40000 ALTER TABLE `communities` ENABLE KEYS */;
UNLOCK TABLES;

--
-- Table structure for table `communities_users`
--

DROP TABLE IF EXISTS `communities_users`;
/*!40101 SET @saved_cs_client     = @@character_set_client */;
/*!50503 SET character_set_client = utf8mb4 */;
CREATE TABLE `communities_users` (
  `community_id` int unsigned NOT NULL COMMENT 'Ссылка на группу',
  `user_id` int unsigned NOT NULL COMMENT 'Ссылка на пользователя',
  `created_at` datetime DEFAULT CURRENT_TIMESTAMP COMMENT 'Время создания строки',
  PRIMARY KEY (`community_id`,`user_id`) COMMENT 'Составной первичный ключ',
  KEY `communities_users_user_id_fk` (`user_id`),
  CONSTRAINT `communities_users_community_id_fk` FOREIGN KEY (`community_id`) REFERENCES `communities` (`id`) ON DELETE CASCADE ON UPDATE CASCADE,
  CONSTRAINT `communities_users_user_id_fk` FOREIGN KEY (`user_id`) REFERENCES `users` (`id`) ON DELETE CASCADE ON UPDATE CASCADE
) ENGINE=InnoDB DEFAULT CHARSET=utf8 COLLATE=utf8_unicode_ci COMMENT='Участники групп, связь между пользователями и группами';
/*!40101 SET character_set_client = @saved_cs_client */;

--
-- Dumping data for table `communities_users`
--

LOCK TABLES `communities_users` WRITE;
/*!40000 ALTER TABLE `communities_users` DISABLE KEYS */;
INSERT INTO `communities_users` VALUES (1,1,'2019-12-16 19:55:39'),(1,11,'1944-09-10 06:42:56'),(1,21,'2000-10-04 21:50:49'),(1,31,'1992-01-14 01:38:18'),(1,41,'1957-04-04 15:02:17'),(1,51,'1964-05-14 18:57:17'),(1,61,'1941-08-12 20:17:10'),(1,71,'1982-03-02 17:31:41'),(1,81,'1987-03-30 00:11:42'),(1,91,'2013-11-29 04:36:17'),(2,2,'2006-04-19 19:57:29'),(2,10,'2020-12-11 04:34:30'),(2,11,'2020-12-11 04:34:30'),(2,12,'2018-11-16 11:55:18'),(2,22,'2006-10-21 11:10:53'),(2,32,'2007-06-06 15:38:05'),(2,42,'2009-07-12 08:58:38'),(2,52,'1993-12-31 09:11:15'),(2,62,'1982-05-12 21:33:00'),(2,72,'1963-10-27 15:02:20'),(2,82,'1999-06-06 18:08:35'),(2,92,'2005-08-17 06:35:36'),(3,3,'1986-01-06 02:08:42'),(3,12,'2020-12-11 04:34:30'),(3,13,'1966-11-20 05:18:38'),(3,14,'2020-12-11 04:34:30'),(3,15,'2020-12-11 04:34:30'),(3,23,'1929-03-01 13:16:27'),(3,33,'1989-11-25 13:47:01'),(3,43,'2012-08-12 16:25:29'),(3,53,'1960-09-25 00:52:39'),(3,63,'1950-05-11 04:37:17'),(3,73,'1945-12-18 08:36:03'),(3,83,'1941-08-25 01:00:34'),(3,93,'1987-11-23 21:13:38'),(4,4,'1996-12-14 20:49:03'),(4,14,'2009-03-30 01:40:18'),(4,16,'2020-12-11 04:34:30'),(4,17,'2020-12-11 04:34:30'),(4,18,'2020-12-11 04:34:30'),(4,19,'2020-12-11 04:34:30'),(4,24,'2009-03-30 01:40:18'),(4,34,'2009-08-21 06:01:28'),(4,44,'2009-03-30 01:40:18'),(4,54,'1969-08-25 08:52:09'),(4,64,'1995-07-08 12:31:12'),(4,74,'2009-03-30 01:40:18'),(4,84,'2018-08-18 08:17:27'),(4,94,'2012-01-17 23:53:19'),(5,5,'1986-08-29 10:42:43'),(5,15,'1966-12-28 14:19:24'),(5,20,'2020-12-11 04:34:30'),(5,21,'2020-12-11 04:34:30'),(5,22,'2020-12-11 04:34:30'),(5,23,'2020-12-11 04:34:30'),(5,24,'2020-12-11 04:34:30'),(5,25,'1989-05-31 19:34:27'),(5,35,'1966-12-28 14:19:24'),(5,45,'1984-11-09 00:29:11'),(5,55,'2017-05-03 05:51:22'),(5,65,'1970-01-27 13:47:48'),(5,75,'1966-12-28 14:19:24'),(5,85,'2004-10-16 14:39:27'),(5,95,'1934-03-03 14:28:41'),(6,6,'2004-11-16 22:23:43'),(6,16,'2012-03-29 16:24:54'),(6,25,'2020-12-11 04:34:30'),(6,26,'2000-11-18 22:40:48'),(6,27,'2020-12-11 04:34:30'),(6,28,'2020-12-11 04:34:30'),(6,29,'2020-12-11 04:34:30'),(6,30,'2020-12-11 04:34:30'),(6,31,'2020-12-11 04:34:30'),(6,36,'2004-10-07 12:48:48'),(6,46,'1963-06-20 23:39:40'),(6,56,'2018-07-11 04:19:54'),(6,66,'2000-06-30 14:08:05'),(6,76,'1986-01-28 20:00:36'),(6,86,'1997-10-19 00:37:12'),(6,96,'1975-11-14 02:16:06'),(7,7,'2010-05-11 08:57:55'),(7,17,'1970-10-27 14:36:05'),(7,27,'1994-06-09 11:49:59'),(7,32,'2020-12-11 04:34:30'),(7,33,'2020-12-11 04:34:30'),(7,34,'2020-12-11 04:34:30'),(7,35,'2020-12-11 04:34:30'),(7,36,'2020-12-11 04:34:30'),(7,37,'2019-09-30 01:41:42'),(7,38,'2020-12-11 04:34:30'),(7,39,'2020-12-11 04:34:30'),(7,47,'1958-07-27 08:47:32'),(7,57,'2010-08-22 23:23:38'),(7,67,'2007-09-28 17:11:31'),(7,77,'1969-09-18 07:31:24'),(7,87,'1984-05-10 11:46:52'),(7,97,'2011-12-04 10:38:00'),(8,8,'2014-10-04 08:39:21'),(8,18,'1967-03-06 11:44:04'),(8,28,'2004-08-01 04:49:50'),(8,38,'2020-04-16 17:50:07'),(8,40,'2020-12-11 04:34:30'),(8,41,'2020-12-11 04:34:30'),(8,42,'2020-12-11 04:34:30'),(8,43,'2020-12-11 04:34:30'),(8,44,'2020-12-11 04:34:30'),(8,45,'2020-12-11 04:34:30'),(8,46,'2020-12-11 04:34:30'),(8,47,'2020-12-11 04:34:30'),(8,48,'1983-09-19 15:45:38'),(8,58,'1968-12-15 07:14:16'),(8,68,'2015-07-27 02:59:57'),(8,78,'1958-03-16 21:16:14'),(8,88,'2004-09-13 20:18:50'),(8,98,'2020-04-18 09:18:45'),(9,9,'2008-05-15 10:25:51'),(9,19,'2018-05-19 21:22:24'),(9,29,'2020-07-09 14:19:03'),(9,39,'1960-08-17 14:29:21'),(9,48,'2020-12-11 04:34:30'),(9,49,'1945-02-20 16:07:07'),(9,50,'2020-12-11 04:34:30'),(9,51,'2020-12-11 04:34:30'),(9,52,'2020-12-11 04:34:30'),(9,53,'2020-12-11 04:34:30'),(9,54,'2020-12-11 04:34:30'),(9,55,'2020-12-11 04:34:30'),(9,56,'2020-12-11 04:34:30'),(9,57,'2020-12-11 04:34:30'),(9,59,'1993-05-02 16:53:25'),(9,69,'1972-08-13 07:42:41'),(9,79,'1991-09-04 09:58:44'),(9,89,'2013-09-27 17:13:46'),(9,99,'2010-10-02 07:50:12'),(10,10,'1988-02-12 09:39:04'),(10,20,'1943-06-12 19:33:38'),(10,30,'2005-05-29 21:07:10'),(10,40,'1977-06-14 14:31:59'),(10,50,'2013-04-03 23:32:29'),(10,58,'2020-12-11 04:34:30'),(10,59,'2020-12-11 04:34:30'),(10,60,'1984-06-27 09:49:10'),(10,61,'2020-12-11 04:34:30'),(10,62,'2020-12-11 04:34:30'),(10,63,'2020-12-11 04:34:30'),(10,64,'2020-12-11 04:34:30'),(10,65,'2020-12-11 04:34:30'),(10,66,'2020-12-11 04:34:30'),(10,67,'2020-12-11 04:34:30'),(10,68,'2020-12-11 04:34:30'),(10,70,'2019-08-12 07:25:59'),(10,80,'2011-04-13 21:40:22'),(10,90,'2015-03-06 12:46:01'),(10,100,'2014-04-25 07:51:00');
/*!40000 ALTER TABLE `communities_users` ENABLE KEYS */;
UNLOCK TABLES;

--
-- Table structure for table `content_links`
--

DROP TABLE IF EXISTS `content_links`;
/*!40101 SET @saved_cs_client     = @@character_set_client */;
/*!50503 SET character_set_client = utf8mb4 */;
CREATE TABLE `content_links` (
  `id` int unsigned NOT NULL AUTO_INCREMENT COMMENT 'Уникальный идентификатор ссылки',
  `user_id` int unsigned NOT NULL COMMENT 'Идентификатор пользователя - создателя ссылки',
  `content_id` int unsigned NOT NULL COMMENT 'Идентификатор сущности, которая будет прикрепляться',
  `content_type_id` int unsigned NOT NULL COMMENT 'Идентификатор типа сущности, которая будет прикрепляться',
  `to_content_id` int unsigned NOT NULL COMMENT 'Идентификатор сущности, к которой будет прикрепляться контент',
  `to_content_type_id` int unsigned NOT NULL COMMENT 'Идентификатор типа сущности, к которой будет прикрепляться контент',
  `created_at` datetime DEFAULT CURRENT_TIMESTAMP COMMENT 'Время создания ссылки',
  `updated_at` datetime DEFAULT CURRENT_TIMESTAMP ON UPDATE CURRENT_TIMESTAMP COMMENT 'Время обновления ссылки',
  PRIMARY KEY (`id`),
  KEY `content_links_user_id_fk` (`user_id`),
  KEY `content_links_to_content_type_id_fk` (`to_content_type_id`),
  CONSTRAINT `content_links_content_type_id_fk` FOREIGN KEY (`to_content_type_id`) REFERENCES `content_types` (`id`) ON DELETE RESTRICT ON UPDATE CASCADE,
  CONSTRAINT `content_links_to_content_type_id_fk` FOREIGN KEY (`to_content_type_id`) REFERENCES `content_types` (`id`) ON DELETE RESTRICT ON UPDATE CASCADE,
  CONSTRAINT `content_links_user_id_fk` FOREIGN KEY (`user_id`) REFERENCES `users` (`id`) ON DELETE CASCADE ON UPDATE CASCADE
) ENGINE=InnoDB DEFAULT CHARSET=utf8mb4 COLLATE=utf8mb4_0900_ai_ci COMMENT='Таблица ссылок на контент';
/*!40101 SET character_set_client = @saved_cs_client */;

--
-- Dumping data for table `content_links`
--

LOCK TABLES `content_links` WRITE;
/*!40000 ALTER TABLE `content_links` DISABLE KEYS */;
/*!40000 ALTER TABLE `content_links` ENABLE KEYS */;
UNLOCK TABLES;

--
-- Table structure for table `content_types`
--

DROP TABLE IF EXISTS `content_types`;
/*!40101 SET @saved_cs_client     = @@character_set_client */;
/*!50503 SET character_set_client = utf8mb4 */;
CREATE TABLE `content_types` (
  `id` int unsigned NOT NULL AUTO_INCREMENT,
  `name` varchar(255) NOT NULL,
  PRIMARY KEY (`id`),
  UNIQUE KEY `name` (`name`)
) ENGINE=InnoDB AUTO_INCREMENT=6 DEFAULT CHARSET=utf8mb4 COLLATE=utf8mb4_0900_ai_ci COMMENT='Типы целевых таблиц';
/*!40101 SET character_set_client = @saved_cs_client */;

--
-- Dumping data for table `content_types`
--

LOCK TABLES `content_types` WRITE;
/*!40000 ALTER TABLE `content_types` DISABLE KEYS */;
INSERT INTO `content_types` VALUES (5,'communities'),(3,'media'),(1,'messages'),(4,'posts'),(2,'users');
/*!40000 ALTER TABLE `content_types` ENABLE KEYS */;
UNLOCK TABLES;

--
-- Table structure for table `countries`
--

DROP TABLE IF EXISTS `countries`;
/*!40101 SET @saved_cs_client     = @@character_set_client */;
/*!50503 SET character_set_client = utf8mb4 */;
CREATE TABLE `countries` (
  `id` int unsigned NOT NULL AUTO_INCREMENT COMMENT 'Идентификатор города',
  `country` varchar(130) NOT NULL COMMENT 'Название страны',
  PRIMARY KEY (`id`),
  UNIQUE KEY `country` (`country`)
) ENGINE=InnoDB AUTO_INCREMENT=85 DEFAULT CHARSET=utf8mb4 COLLATE=utf8mb4_0900_ai_ci COMMENT='Справочник стран';
/*!40101 SET character_set_client = @saved_cs_client */;

--
-- Dumping data for table `countries`
--

LOCK TABLES `countries` WRITE;
/*!40000 ALTER TABLE `countries` DISABLE KEYS */;
INSERT INTO `countries` VALUES (9,'Albania'),(74,'Argentina'),(73,'Armenia'),(83,'Aruba'),(25,'Australia'),(18,'Azerbaijan'),(42,'Benin'),(50,'Bermuda'),(75,'Bolivia'),(35,'Bosnia and Herzegovina'),(80,'Botswana'),(11,'British Indian Ocean Territory (Chagos Archipelago)'),(84,'Burundi'),(17,'Chad'),(16,'Chile'),(31,'China'),(72,'Christmas Island'),(59,'Cote d\'Ivoire'),(28,'Croatia'),(82,'Denmark'),(5,'Djibouti'),(22,'Ecuador'),(37,'El Salvador'),(62,'Estonia'),(51,'Faroe Islands'),(48,'Finland'),(10,'France'),(77,'French Polynesia'),(4,'French Southern Territories'),(26,'Gambia'),(8,'Greece'),(6,'Guadeloupe'),(65,'Guyana'),(61,'Haiti'),(58,'Holy See (Vatican City State)'),(54,'Iraq'),(56,'Israel'),(14,'Jamaica'),(78,'Japan'),(49,'Korea'),(43,'Luxembourg'),(79,'Malaysia'),(3,'Mali'),(76,'Malta'),(70,'Mexico'),(38,'Monaco'),(23,'Morocco'),(53,'Nepal'),(45,'Netherlands Antilles'),(12,'Norfolk Island'),(64,'Northern Mariana Islands'),(47,'Pakistan'),(7,'Paraguay'),(69,'Peru'),(40,'Philippines'),(13,'Portugal'),(20,'Puerto Rico'),(55,'Qatar'),(34,'Russian Federation'),(30,'Rwanda'),(36,'Saint Helena'),(67,'Saint Lucia'),(44,'Saint Martin'),(68,'Saint Pierre and Miquelon'),(32,'Saint Vincent and the Grenadines'),(15,'Samoa'),(60,'Saudi Arabia'),(27,'Slovakia (Slovak Republic)'),(46,'Slovenia'),(24,'South Africa'),(66,'Sri Lanka'),(57,'Swaziland'),(81,'Thailand'),(63,'Togo'),(33,'Tokelau'),(21,'Tonga'),(29,'Trinidad and Tobago'),(71,'Tuvalu'),(41,'United Kingdom'),(19,'United States Minor Outlying Islands'),(2,'United States of America'),(1,'Venezuela'),(39,'Wallis and Futuna'),(52,'Zimbabwe');
/*!40000 ALTER TABLE `countries` ENABLE KEYS */;
UNLOCK TABLES;

--
-- Table structure for table `friendship`
--

DROP TABLE IF EXISTS `friendship`;
/*!40101 SET @saved_cs_client     = @@character_set_client */;
/*!50503 SET character_set_client = utf8mb4 */;
CREATE TABLE `friendship` (
  `user_id` int unsigned NOT NULL COMMENT 'Ссылка на инициатора дружеских отношений',
  `friend_id` int unsigned NOT NULL COMMENT 'Ссылка на получателя приглашения дружить',
  `status_id` int unsigned NOT NULL COMMENT 'Ссылка на статус (текущее состояние) отношений',
  `confirmed_at` datetime DEFAULT NULL COMMENT 'Время подтверждения приглашения',
  `created_at` datetime DEFAULT CURRENT_TIMESTAMP COMMENT 'Время создания строки',
  `updated_at` datetime DEFAULT CURRENT_TIMESTAMP ON UPDATE CURRENT_TIMESTAMP COMMENT 'Время обновления строки',
  PRIMARY KEY (`user_id`,`friend_id`) COMMENT 'Составной первичный ключ',
  KEY `friendship_friend_id_fk` (`friend_id`),
  KEY `friendship_status_id_fk` (`status_id`),
  CONSTRAINT `friendship_friend_id_fk` FOREIGN KEY (`friend_id`) REFERENCES `users` (`id`) ON DELETE CASCADE ON UPDATE CASCADE,
  CONSTRAINT `friendship_status_id_fk` FOREIGN KEY (`status_id`) REFERENCES `friendship_statuses` (`id`) ON DELETE RESTRICT ON UPDATE CASCADE,
  CONSTRAINT `friendship_user_id_fk` FOREIGN KEY (`user_id`) REFERENCES `users` (`id`) ON DELETE CASCADE ON UPDATE CASCADE
) ENGINE=InnoDB DEFAULT CHARSET=utf8 COLLATE=utf8_unicode_ci COMMENT='Таблица дружбы';
/*!40101 SET character_set_client = @saved_cs_client */;

--
-- Dumping data for table `friendship`
--

LOCK TABLES `friendship` WRITE;
/*!40000 ALTER TABLE `friendship` DISABLE KEYS */;
INSERT INTO `friendship` VALUES (1,21,2,'1965-09-27 21:35:14','2019-12-16 19:55:39','2020-11-18 05:11:24'),(2,42,2,'1990-08-26 16:49:47','2017-02-17 18:08:31','2017-02-17 18:08:31'),(3,25,3,'1983-05-23 17:53:57','1978-11-21 00:32:47','2020-11-18 05:11:24'),(4,80,3,'2001-08-03 06:12:49','2011-04-13 21:40:22','2020-11-18 05:11:24'),(5,17,1,'1922-02-06 02:56:48','1970-10-27 14:36:05','2020-11-18 05:11:24'),(6,78,3,'1946-05-14 22:45:55','1996-11-19 11:22:40','2020-11-18 05:11:24'),(7,31,3,'2012-10-18 05:41:48','2020-05-16 10:44:55','2020-05-16 10:44:55'),(8,99,1,'1990-01-26 15:06:24','2011-11-13 14:10:46','2020-11-18 05:11:24'),(9,84,2,'1993-02-11 10:11:03','2018-08-18 08:17:27','2020-11-18 05:11:24'),(10,55,2,'1974-06-15 16:35:26','1988-02-12 09:39:04','2020-11-18 05:11:24'),(11,11,1,'1925-12-19 23:27:33','2001-11-10 05:27:15','2020-11-18 05:11:00'),(12,22,2,'2013-10-20 11:06:06','1988-04-29 20:19:37','2020-11-18 05:11:00'),(13,100,1,'1926-06-28 09:37:15','1966-11-20 05:18:38','2020-11-18 05:11:24'),(14,91,1,'2015-05-05 10:24:05','2013-11-29 04:36:17','2020-11-18 05:11:24'),(15,8,3,'1971-12-25 18:59:04','2011-11-13 14:10:46','2020-11-18 05:11:24'),(16,14,3,'1942-11-21 14:52:54','1984-11-28 18:02:28','2020-11-18 05:11:00'),(17,49,2,'2019-10-06 01:53:26','1992-02-12 17:09:51','2020-11-18 05:11:00'),(18,60,2,'1972-09-06 01:32:13','2011-02-19 16:49:55','2018-07-02 05:47:48'),(19,95,2,'1937-05-10 13:41:49','1942-12-21 03:49:11','2020-11-18 05:11:24'),(20,30,3,'1966-12-23 05:45:12','2005-05-29 21:07:10','2020-11-18 05:11:24'),(21,90,3,'1999-08-16 01:57:36','2015-03-06 12:46:01','2020-11-18 05:11:24'),(22,70,2,'1965-05-02 14:02:48','1984-03-02 12:17:32','2020-11-18 05:11:24'),(23,27,1,'1933-07-21 18:59:42','1973-08-17 03:21:27','2020-11-18 05:11:00'),(24,44,2,'2014-03-28 18:19:28','1977-04-23 07:41:45','2020-11-18 05:11:24'),(25,20,1,'1969-07-24 06:41:53','1985-08-24 17:23:28','1995-09-20 04:39:45'),(26,45,3,'1991-06-05 20:01:09','2000-11-18 22:40:48','2020-11-18 05:11:24'),(27,38,2,'1954-10-29 10:38:49','1959-11-29 16:30:53','2020-11-18 05:11:24'),(28,41,2,'1998-07-18 16:11:58','1948-10-09 00:47:10','2020-11-18 05:11:24'),(29,6,1,'1957-05-23 21:26:24','1955-02-20 20:33:20','2020-11-18 05:11:24'),(30,63,3,'2009-11-15 23:12:40','2005-05-29 21:07:10','2020-11-18 05:11:24'),(31,93,1,'1939-07-18 05:04:49','1992-01-14 01:38:18','2020-11-18 05:11:24'),(32,29,1,'1940-10-01 06:27:17','1972-02-17 03:59:09','2020-11-18 05:11:00'),(33,13,1,'1984-05-24 13:35:11','2015-01-15 21:47:01','2015-01-15 21:47:01'),(34,1,3,'2011-08-16 13:34:08','2009-08-21 06:01:28','2020-11-18 05:11:24'),(35,48,2,'2003-03-16 13:55:27','1983-09-19 15:45:38','2020-11-18 05:11:24'),(36,96,3,'1931-12-04 15:49:39','2015-07-01 22:53:12','2020-11-18 05:11:00'),(37,77,2,'1942-06-29 14:07:09','2019-09-30 01:41:42','2020-11-18 05:11:24'),(38,92,1,'1964-01-04 00:43:33','1944-01-16 13:25:28','2020-11-18 05:11:24'),(39,71,3,'2006-04-24 04:40:57','1960-08-17 14:29:21','2020-11-18 05:11:24'),(40,32,1,'1968-03-08 21:24:10','1977-06-14 14:31:59','2020-11-18 05:11:24'),(41,85,3,'1936-11-12 12:48:53','2004-10-16 14:39:27','2020-11-18 05:11:24'),(42,61,1,'1924-07-09 18:15:37','2007-08-28 15:03:57','2020-11-18 05:11:00'),(43,23,3,'1974-08-04 23:37:35','2000-04-14 00:39:04','2000-04-14 00:39:04'),(44,67,2,'1974-04-08 16:05:13','1977-04-23 07:41:45','2020-11-18 05:11:24'),(45,69,1,'2012-03-11 16:19:11','1945-05-29 00:54:27','2020-11-18 05:11:24'),(46,39,1,'1942-07-26 04:29:49','2000-01-23 09:18:41','2020-11-18 05:11:00'),(47,82,1,'1938-06-01 03:53:39','2014-10-15 19:59:04','2020-11-18 05:11:00'),(48,37,1,'2002-12-26 23:42:03','1983-09-19 15:45:38','2020-11-18 05:11:24'),(49,4,2,'1997-04-11 00:04:26','1996-12-14 20:49:03','2020-11-18 05:11:24'),(50,53,1,'2007-05-02 07:32:03','2013-04-03 23:32:29','2020-11-18 05:11:24'),(51,52,1,'1927-04-21 17:27:57','1964-05-14 18:57:17','2020-11-18 05:11:24'),(52,68,1,'1982-04-06 08:51:39','2015-07-27 02:59:57','2020-11-18 05:11:24'),(53,5,1,'1940-03-27 10:03:23','2012-12-03 03:58:06','2012-12-03 03:58:06'),(54,47,2,'1974-11-05 15:49:52','1973-06-25 00:42:33','1994-07-09 04:30:08'),(55,33,1,'1933-10-05 02:45:57','2017-05-03 05:51:22','2020-11-18 05:11:24'),(56,72,1,'2009-03-24 15:54:06','2004-03-04 19:33:26','2020-11-18 05:11:24'),(57,57,1,'1981-01-15 00:10:24','1948-06-26 15:36:01','2003-03-04 01:49:45'),(58,59,1,'1976-07-09 19:29:49','1996-01-10 14:22:52','2020-11-18 05:11:00'),(59,65,1,'1981-09-13 03:05:09','2004-12-17 13:25:58','2020-11-18 05:11:00'),(60,2,1,'1994-04-19 02:31:23','2006-04-19 19:57:29','2020-11-18 05:11:24'),(61,46,3,'2016-04-29 08:12:28','2006-04-28 12:44:47','2020-11-18 05:11:00'),(62,75,3,'1972-04-19 04:54:59','1982-05-12 21:33:00','2020-11-18 05:11:24'),(63,24,2,'1921-05-14 21:38:31','1992-07-26 01:03:08','2020-11-18 05:11:00'),(64,35,2,'2012-09-06 22:25:11','2012-11-22 15:18:34','2020-11-18 05:11:00'),(65,19,2,'1954-01-29 21:27:07','1970-01-27 13:47:48','2020-11-18 05:11:24'),(66,26,2,'1971-08-25 05:31:51','2000-06-30 14:08:05','2020-11-18 05:11:24'),(67,10,3,'1943-03-30 09:02:22','2007-09-28 17:11:31','2020-11-18 05:11:24'),(68,74,2,'1932-09-07 02:39:09','2015-07-27 02:59:57','2020-11-18 05:11:24'),(69,66,1,'1963-10-18 19:43:53','1972-08-13 07:42:41','2020-11-18 05:11:24'),(70,56,1,'2012-02-01 14:01:49','2019-08-12 07:25:59','2020-11-18 05:11:24'),(71,58,1,'1927-12-17 16:26:38','1997-04-30 23:18:15','2020-11-18 05:11:00'),(72,98,3,'1976-01-05 18:20:16','1959-08-14 11:56:47','2020-11-18 05:11:24'),(73,94,3,'1996-12-19 10:33:21','1945-12-18 08:36:03','2020-11-18 05:11:24'),(74,40,1,'1943-12-10 19:26:39','1992-06-21 12:56:50','2020-11-18 05:11:00'),(75,50,3,'2016-01-08 12:12:31','2013-04-03 23:32:29','2020-11-18 05:11:24'),(76,76,3,'1991-09-16 19:25:54','1948-04-04 05:06:35','2020-11-18 05:11:24'),(77,9,3,'2001-09-02 00:47:23','1969-09-18 07:31:24','2020-11-18 05:11:24'),(78,64,1,'1967-08-17 11:21:10','1958-03-16 21:16:14','2020-11-18 05:11:24'),(79,28,1,'1995-07-10 20:11:30','2007-09-25 11:28:22','2020-11-18 05:11:00'),(80,51,1,'1980-01-29 11:29:53','2011-04-13 21:40:22','2020-11-18 05:11:24'),(81,79,2,'1970-03-13 19:26:22','2017-03-09 18:23:07','2020-11-18 05:11:00'),(82,34,1,'2008-11-02 15:33:36','2009-08-21 06:01:28','2020-11-18 05:11:24'),(83,89,1,'1984-04-29 09:17:49','2003-07-14 21:57:02','2020-11-18 05:11:00'),(84,97,1,'1969-09-09 02:59:28','2018-08-18 08:17:27','2020-11-18 05:11:24'),(85,87,3,'2013-05-08 09:57:48','2004-10-16 14:39:27','2020-11-18 05:11:24'),(86,62,1,'1932-03-03 17:47:41','1975-02-05 12:26:06','2020-11-18 05:11:24'),(87,81,1,'2011-08-25 17:36:52','2019-02-08 03:21:47','2020-11-18 05:11:00'),(88,36,1,'1960-01-24 07:16:09','2004-09-13 20:18:50','2020-11-18 05:11:24'),(89,43,3,'1952-09-27 08:58:27','1975-01-13 00:57:55','2020-11-18 05:11:24'),(90,16,3,'1923-05-18 08:31:05','2015-03-06 12:46:01','2020-11-18 05:11:24'),(91,73,1,'1934-04-06 02:00:46','2013-11-29 04:36:17','2020-11-18 05:11:24'),(92,18,2,'1978-12-15 17:42:28','2005-08-17 06:35:36','2020-11-18 05:11:24'),(93,86,1,'1931-07-10 22:18:48','1987-11-23 21:13:38','2020-11-18 05:11:24'),(94,15,3,'1997-12-09 18:50:46','1996-08-25 05:38:42','2020-11-18 05:11:24'),(95,83,2,'2009-04-05 12:19:14','1980-12-07 03:06:07','2020-11-18 05:11:00'),(96,7,2,'1961-12-01 14:11:26','1975-11-14 02:16:06','2020-11-18 05:11:24'),(97,3,3,'1921-01-14 20:44:03','2011-12-04 10:38:00','2020-11-18 05:11:24'),(98,54,3,'2000-06-29 20:15:19','2020-04-18 09:18:45','2020-11-18 05:11:24'),(99,12,2,'1969-11-23 08:58:32','1964-08-25 05:19:14','2020-11-18 05:11:24'),(100,88,1,'1972-03-04 12:08:27','2014-04-25 07:51:00','2020-11-18 05:11:24');
/*!40000 ALTER TABLE `friendship` ENABLE KEYS */;
UNLOCK TABLES;

--
-- Table structure for table `friendship_statuses`
--

DROP TABLE IF EXISTS `friendship_statuses`;
/*!40101 SET @saved_cs_client     = @@character_set_client */;
/*!50503 SET character_set_client = utf8mb4 */;
CREATE TABLE `friendship_statuses` (
  `id` int unsigned NOT NULL AUTO_INCREMENT COMMENT 'Идентификатор строки',
  `name` varchar(150) CHARACTER SET utf8 COLLATE utf8_unicode_ci NOT NULL COMMENT 'Название статуса',
  PRIMARY KEY (`id`),
  UNIQUE KEY `name` (`name`)
) ENGINE=InnoDB AUTO_INCREMENT=4 DEFAULT CHARSET=utf8 COLLATE=utf8_unicode_ci COMMENT='Статусы дружбы';
/*!40101 SET character_set_client = @saved_cs_client */;

--
-- Dumping data for table `friendship_statuses`
--

LOCK TABLES `friendship_statuses` WRITE;
/*!40000 ALTER TABLE `friendship_statuses` DISABLE KEYS */;
INSERT INTO `friendship_statuses` VALUES (2,'confirmed'),(3,'rejected'),(1,'requested');
/*!40000 ALTER TABLE `friendship_statuses` ENABLE KEYS */;
UNLOCK TABLES;

--
-- Table structure for table `likes`
--

DROP TABLE IF EXISTS `likes`;
/*!40101 SET @saved_cs_client     = @@character_set_client */;
/*!50503 SET character_set_client = utf8mb4 */;
CREATE TABLE `likes` (
  `id` int unsigned NOT NULL AUTO_INCREMENT,
  `user_id` int unsigned NOT NULL,
  `content_id` int unsigned NOT NULL,
  `content_type_id` int unsigned NOT NULL,
  `created_at` datetime DEFAULT CURRENT_TIMESTAMP,
  PRIMARY KEY (`id`),
  KEY `likes_user_id_fk` (`user_id`),
  KEY `likes_content_type_id_fk` (`content_type_id`),
  KEY `likes_content_id_idx` (`content_id`),
  CONSTRAINT `likes_content_type_id_fk` FOREIGN KEY (`content_type_id`) REFERENCES `content_types` (`id`) ON DELETE RESTRICT ON UPDATE CASCADE,
  CONSTRAINT `likes_user_id_fk` FOREIGN KEY (`user_id`) REFERENCES `users` (`id`) ON DELETE CASCADE ON UPDATE CASCADE
) ENGINE=InnoDB AUTO_INCREMENT=201 DEFAULT CHARSET=utf8mb4 COLLATE=utf8mb4_0900_ai_ci COMMENT='Таблица лайков';
/*!40101 SET character_set_client = @saved_cs_client */;

--
-- Dumping data for table `likes`
--

LOCK TABLES `likes` WRITE;
/*!40000 ALTER TABLE `likes` DISABLE KEYS */;
INSERT INTO `likes` VALUES (1,96,86,2,'2020-11-25 03:46:27'),(2,42,90,2,'2020-11-25 03:46:27'),(3,43,46,5,'2020-11-25 03:46:27'),(4,60,99,1,'2020-11-25 03:46:27'),(5,90,95,1,'2020-11-25 03:46:27'),(6,34,58,5,'2020-11-25 03:46:27'),(7,60,40,2,'2020-11-25 03:46:27'),(8,83,52,1,'2020-11-25 03:46:27'),(9,99,61,1,'2020-11-25 03:46:27'),(10,60,72,4,'2020-11-25 03:46:27'),(11,83,74,2,'2020-11-25 03:46:27'),(12,84,54,1,'2020-11-25 03:46:27'),(13,22,59,2,'2020-11-25 03:46:27'),(14,72,69,2,'2020-11-25 03:46:27'),(15,29,63,2,'2020-11-25 03:46:27'),(16,47,52,1,'2020-11-25 03:46:27'),(17,32,9,3,'2020-11-25 03:46:27'),(18,3,75,4,'2020-11-25 03:46:27'),(19,4,21,5,'2020-11-25 03:46:27'),(20,1,25,2,'2020-11-25 03:46:27'),(21,44,46,5,'2020-11-25 03:46:27'),(22,51,60,3,'2020-11-25 03:46:27'),(23,47,97,3,'2020-11-25 03:46:27'),(24,29,13,4,'2020-11-25 03:46:27'),(25,52,25,4,'2020-11-25 03:46:27'),(26,57,84,3,'2020-11-25 03:46:27'),(27,2,56,4,'2020-11-25 03:46:27'),(28,98,71,4,'2020-11-25 03:46:27'),(29,89,61,2,'2020-11-25 03:46:27'),(30,12,43,4,'2020-11-25 03:46:27'),(31,57,54,5,'2020-11-25 03:46:27'),(32,23,22,2,'2020-11-25 03:46:27'),(33,32,42,1,'2020-11-25 03:46:27'),(34,31,22,1,'2020-11-25 03:46:27'),(35,14,19,3,'2020-11-25 03:46:27'),(36,10,91,2,'2020-11-25 03:46:27'),(37,35,9,3,'2020-11-25 03:46:27'),(38,79,70,1,'2020-11-25 03:46:27'),(39,60,55,5,'2020-11-25 03:46:27'),(40,18,98,2,'2020-11-25 03:46:27'),(41,82,4,4,'2020-11-25 03:46:27'),(42,49,27,5,'2020-11-25 03:46:27'),(43,54,8,4,'2020-11-25 03:46:27'),(44,66,95,4,'2020-11-25 03:46:27'),(45,5,91,2,'2020-11-25 03:46:27'),(46,14,56,2,'2020-11-25 03:46:27'),(47,15,67,5,'2020-11-25 03:46:27'),(48,31,96,5,'2020-11-25 03:46:27'),(49,35,23,1,'2020-11-25 03:46:27'),(50,65,5,2,'2020-11-25 03:46:27'),(51,28,55,5,'2020-11-25 03:46:27'),(52,76,14,3,'2020-11-25 03:46:27'),(53,67,9,3,'2020-11-25 03:46:27'),(54,81,81,4,'2020-11-25 03:46:27'),(55,64,36,5,'2020-11-25 03:46:27'),(56,30,86,3,'2020-11-25 03:46:27'),(57,44,98,3,'2020-11-25 03:46:27'),(58,89,73,5,'2020-11-25 03:46:27'),(59,76,83,5,'2020-11-25 03:46:27'),(60,82,49,5,'2020-11-25 03:46:27'),(61,41,14,3,'2020-11-25 03:46:27'),(62,76,51,2,'2020-11-25 03:46:27'),(63,73,89,2,'2020-11-25 03:46:27'),(64,64,41,1,'2020-11-25 03:46:27'),(65,33,29,3,'2020-11-25 03:46:27'),(66,41,70,2,'2020-11-25 03:46:27'),(67,9,74,3,'2020-11-25 03:46:27'),(68,89,15,1,'2020-11-25 03:46:27'),(69,8,8,1,'2020-11-25 03:46:27'),(70,53,16,2,'2020-11-25 03:46:27'),(71,65,57,5,'2020-11-25 03:46:27'),(72,68,77,4,'2020-11-25 03:46:27'),(73,61,70,4,'2020-11-25 03:46:27'),(74,12,66,5,'2020-11-25 03:46:27'),(75,65,47,2,'2020-11-25 03:46:27'),(76,48,28,5,'2020-11-25 03:46:27'),(77,80,22,4,'2020-11-25 03:46:27'),(78,86,19,2,'2020-11-25 03:46:27'),(79,26,17,1,'2020-11-25 03:46:27'),(80,94,43,2,'2020-11-25 03:46:27'),(81,33,65,2,'2020-11-25 03:46:27'),(82,34,92,3,'2020-11-25 03:46:27'),(83,18,12,1,'2020-11-25 03:46:27'),(84,99,72,4,'2020-11-25 03:46:27'),(85,99,4,2,'2020-11-25 03:46:27'),(86,99,27,2,'2020-11-25 03:46:27'),(87,10,33,2,'2020-11-25 03:46:27'),(88,83,5,4,'2020-11-25 03:46:27'),(89,66,99,5,'2020-11-25 03:46:27'),(90,90,56,1,'2020-11-25 03:46:27'),(91,90,12,5,'2020-11-25 03:46:27'),(92,13,96,3,'2020-11-25 03:46:27'),(94,34,44,1,'2020-11-25 03:46:27'),(95,53,14,1,'2020-11-25 03:46:27'),(96,6,2,5,'2020-11-25 03:46:27'),(97,43,45,5,'2020-11-25 03:46:27'),(98,51,61,3,'2020-11-25 03:46:27'),(99,70,98,4,'2020-11-25 03:46:27'),(100,3,74,4,'2020-11-25 03:46:27'),(101,96,86,3,'2020-11-25 03:46:27'),(102,56,52,5,'2020-11-25 03:46:27'),(103,100,25,2,'2020-11-25 03:46:27'),(104,42,41,4,'2020-11-25 03:46:27'),(105,62,78,1,'2020-11-25 03:46:27'),(106,75,71,2,'2020-11-25 03:46:27'),(107,38,100,5,'2020-11-25 03:46:27'),(108,11,9,1,'2020-11-25 03:46:27'),(109,22,82,3,'2020-11-25 03:46:27'),(110,58,69,4,'2020-11-25 03:46:27'),(111,32,57,5,'2020-11-25 03:46:27'),(112,76,10,2,'2020-11-25 03:46:27'),(113,81,36,2,'2020-11-25 03:46:27'),(114,75,63,5,'2020-11-25 03:46:27'),(115,70,72,3,'2020-11-25 03:46:27'),(116,38,38,4,'2020-11-25 03:46:27'),(117,50,32,1,'2020-11-25 03:46:27'),(118,50,20,3,'2020-11-25 03:46:27'),(119,96,24,2,'2020-11-25 03:46:27'),(120,87,40,2,'2020-11-25 03:46:27'),(121,67,21,1,'2020-11-25 03:46:27'),(122,66,12,3,'2020-11-25 03:46:27'),(123,63,34,4,'2020-11-25 03:46:27'),(124,100,57,5,'2020-11-25 03:46:27'),(125,47,86,5,'2020-11-25 03:46:27'),(126,70,94,3,'2020-11-25 03:46:27'),(127,4,47,2,'2020-11-25 03:46:27'),(128,81,30,1,'2020-11-25 03:46:27'),(129,38,75,3,'2020-11-25 03:46:27'),(130,70,74,3,'2020-11-25 03:46:27'),(131,74,93,2,'2020-11-25 03:46:27'),(132,22,90,5,'2020-11-25 03:46:27'),(133,39,50,2,'2020-11-25 03:46:27'),(134,7,40,4,'2020-11-25 03:46:27'),(135,78,50,1,'2020-11-25 03:46:27'),(136,33,15,4,'2020-11-25 03:46:27'),(137,36,48,2,'2020-11-25 03:46:27'),(138,20,1,3,'2020-11-25 03:46:27'),(139,24,83,3,'2020-11-25 03:46:27'),(140,62,82,2,'2020-11-25 03:46:27'),(141,77,12,2,'2020-11-25 03:46:27'),(142,92,82,2,'2020-11-25 03:46:27'),(143,33,57,5,'2020-11-25 03:46:27'),(144,51,2,3,'2020-11-25 03:46:27'),(145,82,34,2,'2020-11-25 03:46:27'),(146,12,92,2,'2020-11-25 03:46:27'),(147,43,43,5,'2020-11-25 03:46:27'),(148,98,31,4,'2020-11-25 03:46:27'),(149,23,26,3,'2020-11-25 03:46:27'),(150,7,66,1,'2020-11-25 03:46:27'),(151,38,68,2,'2020-11-25 03:46:27'),(152,14,99,3,'2020-11-25 03:46:27'),(153,59,41,2,'2020-11-25 03:46:27'),(154,11,76,3,'2020-11-25 03:46:27'),(155,90,19,2,'2020-11-25 03:46:27'),(156,61,35,5,'2020-11-25 03:46:27'),(157,57,5,3,'2020-11-25 03:46:27'),(158,63,45,2,'2020-11-25 03:46:27'),(159,55,61,2,'2020-11-25 03:46:27'),(160,10,33,2,'2020-11-25 03:46:27'),(161,70,48,2,'2020-11-25 03:46:27'),(162,8,46,1,'2020-11-25 03:46:27'),(163,1,81,1,'2020-11-25 03:46:27'),(164,70,39,5,'2020-11-25 03:46:27'),(165,6,77,4,'2020-11-25 03:46:27'),(166,4,17,4,'2020-11-25 03:46:27'),(167,20,76,1,'2020-11-25 03:46:27'),(168,73,2,5,'2020-11-25 03:46:27'),(169,43,44,5,'2020-11-25 03:46:27'),(170,17,17,2,'2020-11-25 03:46:27'),(171,3,24,1,'2020-11-25 03:46:27'),(172,84,84,4,'2020-11-25 03:46:27'),(173,79,96,3,'2020-11-25 03:46:27'),(174,24,90,4,'2020-11-25 03:46:27'),(175,25,87,3,'2020-11-25 03:46:27'),(176,34,92,3,'2020-11-25 03:46:27'),(177,10,78,3,'2020-11-25 03:46:27'),(178,67,53,4,'2020-11-25 03:46:27'),(179,52,74,1,'2020-11-25 03:46:27'),(180,37,49,2,'2020-11-25 03:46:27'),(182,55,92,5,'2020-11-25 03:46:27'),(183,10,59,4,'2020-11-25 03:46:27'),(184,33,80,5,'2020-11-25 03:46:27'),(185,57,85,3,'2020-11-25 03:46:27'),(186,9,86,1,'2020-11-25 03:46:27'),(187,53,57,2,'2020-11-25 03:46:27'),(188,61,24,2,'2020-11-25 03:46:27'),(189,22,90,5,'2020-11-25 03:46:27'),(190,54,15,1,'2020-11-25 03:46:27'),(191,12,27,5,'2020-11-25 03:46:27'),(192,8,47,1,'2020-11-25 03:46:27'),(193,11,24,5,'2020-11-25 03:46:27'),(194,60,41,2,'2020-11-25 03:46:27'),(195,92,92,5,'2020-11-25 03:46:27'),(196,34,23,1,'2020-11-25 03:46:27'),(197,92,25,3,'2020-11-25 03:46:27'),(198,56,39,2,'2020-11-25 03:46:27'),(199,18,7,5,'2020-11-25 03:46:27'),(200,85,80,3,'2020-11-25 03:46:27');
/*!40000 ALTER TABLE `likes` ENABLE KEYS */;
UNLOCK TABLES;

--
-- Table structure for table `media`
--

DROP TABLE IF EXISTS `media`;
/*!40101 SET @saved_cs_client     = @@character_set_client */;
/*!50503 SET character_set_client = utf8mb4 */;
CREATE TABLE `media` (
  `id` int unsigned NOT NULL AUTO_INCREMENT COMMENT 'Идентификатор строки',
  `user_id` int unsigned NOT NULL COMMENT 'Ссылка на пользователя, который загрузил файл',
  `filename` varchar(255) CHARACTER SET utf8 COLLATE utf8_unicode_ci NOT NULL COMMENT 'Путь к файлу',
  `size` int NOT NULL COMMENT 'Размер файла',
  `metadata` longtext CHARACTER SET utf8mb4 COLLATE utf8mb4_bin COMMENT 'Метаданные файла',
  `media_type_id` int unsigned NOT NULL COMMENT 'Ссылка на тип контента',
  `created_at` datetime DEFAULT CURRENT_TIMESTAMP COMMENT 'Время создания строки',
  `updated_at` datetime DEFAULT CURRENT_TIMESTAMP ON UPDATE CURRENT_TIMESTAMP COMMENT 'Время обновления строки',
  PRIMARY KEY (`id`),
  KEY `media_user_id_fk` (`user_id`),
  KEY `media_type_id_fk` (`media_type_id`),
  CONSTRAINT `media_type_id_fk` FOREIGN KEY (`media_type_id`) REFERENCES `media_types` (`id`) ON DELETE RESTRICT ON UPDATE CASCADE,
  CONSTRAINT `media_user_id_fk` FOREIGN KEY (`user_id`) REFERENCES `users` (`id`) ON DELETE CASCADE ON UPDATE CASCADE,
  CONSTRAINT `media_chk_1` CHECK (json_valid(`metadata`))
) ENGINE=InnoDB AUTO_INCREMENT=101 DEFAULT CHARSET=utf8 COLLATE=utf8_unicode_ci COMMENT='Медиафайлы';
/*!40101 SET character_set_client = @saved_cs_client */;

--
-- Dumping data for table `media`
--

LOCK TABLES `media` WRITE;
/*!40000 ALTER TABLE `media` DISABLE KEYS */;
INSERT INTO `media` VALUES (1,1,'https://drive.google.com/drive/vk/quia.avi',628014,'{\"owner\":\"Dayana Bins\"}',2,'2019-12-16 19:55:39','2020-11-18 05:10:11'),(2,2,'https://drive.google.com/drive/vk/qui.avi',7573,'{\"owner\":\"Kristoffer Lakin\"}',2,'2006-04-19 19:57:29','2020-11-18 05:10:11'),(3,3,'https://drive.google.com/drive/vk/mollitia.avi',612974,'{\"owner\":\"Macie Block\"}',2,'1978-11-21 00:32:47','2020-11-18 05:10:11'),(4,4,'https://drive.google.com/drive/vk/sapiente.jpeg',8212,'{\"owner\":\"Vaughn Beier\"}',1,'1996-12-14 20:49:03','2020-11-18 05:10:11'),(5,5,'https://drive.google.com/drive/vk/ut.jpeg',7814,'{\"owner\":\"Marjory Mosciski\"}',1,'1963-02-02 19:37:37','2020-11-18 05:10:11'),(6,6,'https://drive.google.com/drive/vk/quaerat.avi',8663,'{\"owner\":\"Rhea Zboncak\"}',2,'1996-12-05 19:42:36','2020-11-18 05:10:11'),(7,7,'https://drive.google.com/drive/vk/et.mp3',180828,'{\"owner\":\"Lavon Wisozk\"}',3,'2010-05-11 08:57:55','2020-11-18 05:10:11'),(8,8,'https://drive.google.com/drive/vk/odio.jpeg',65218,'{\"owner\":\"Sharon Hansen\"}',1,'2011-11-13 14:10:46','2020-11-18 05:10:11'),(9,9,'https://drive.google.com/drive/vk/beatae.avi',8916,'{\"owner\":\"Rick Witting\"}',2,'1986-10-08 23:35:37','2020-11-18 05:10:11'),(10,10,'https://drive.google.com/drive/vk/ipsa.avi',10216,'{\"owner\":\"Maxwell McCullough\"}',2,'1988-02-12 09:39:04','2020-11-18 05:10:11'),(11,11,'https://drive.google.com/drive/vk/quia.avi',783606,'{\"owner\":\"Wilmer Klein\"}',2,'1977-08-12 02:55:20','2020-11-18 05:10:11'),(12,12,'https://drive.google.com/drive/vk/qui.avi',7510,'{\"owner\":\"Lincoln Runolfsson\"}',2,'2016-06-15 22:07:51','2020-11-18 05:10:11'),(13,13,'https://drive.google.com/drive/vk/consequuntur.mp3',8622,'{\"owner\":\"Sebastian Russel\"}',3,'1966-11-20 05:18:38','2020-11-18 05:10:11'),(14,14,'https://drive.google.com/drive/vk/nulla.avi',8810,'{\"owner\":\"Gilberto Kohler\"}',2,'2015-02-25 14:54:24','2020-11-18 05:10:11'),(15,15,'https://drive.google.com/drive/vk/dolorem.jpeg',722374,'{\"owner\":\"Chloe Haley\"}',1,'1958-02-26 19:49:22','2020-11-18 05:10:11'),(16,16,'https://drive.google.com/drive/vk/sunt.mp3',261050,'{\"owner\":\"Margarita Hahn\"}',3,'1989-01-24 22:50:08','2020-11-18 05:10:11'),(17,17,'https://drive.google.com/drive/vk/autem.mp3',6201,'{\"owner\":\"Rachelle Runolfsson\"}',3,'2012-06-17 01:43:13','2020-11-18 05:10:11'),(18,18,'https://drive.google.com/drive/vk/eius.mp3',7315,'{\"owner\":\"Effie Daniel\"}',3,'1989-05-01 11:12:39','2020-11-18 05:10:11'),(19,19,'https://drive.google.com/drive/vk/est.mp3',5007,'{\"owner\":\"Jarod Purdy\"}',3,'1958-02-19 07:20:34','2020-11-18 05:10:11'),(20,20,'https://drive.google.com/drive/vk/eligendi.jpeg',138128,'{\"owner\":\"Dayton Kunze\"}',1,'2013-05-04 07:44:13','2020-11-18 05:10:11'),(21,21,'https://drive.google.com/drive/vk/nesciunt.mp3',5007,'{\"owner\":\"Abner Bruen\"}',3,'1991-07-17 10:39:53','2020-11-18 05:10:11'),(22,22,'https://drive.google.com/drive/vk/numquam.avi',907492,'{\"owner\":\"Percival Brekke\"}',2,'1984-03-02 12:17:32','2020-11-18 05:10:11'),(23,23,'https://drive.google.com/drive/vk/distinctio.mp3',123075,'{\"owner\":\"Yessenia White\"}',3,'1983-08-02 09:47:17','2020-11-18 05:10:11'),(24,24,'https://drive.google.com/drive/vk/qui.jpeg',892896,'{\"owner\":\"Makenna Armstrong\"}',1,'2002-01-11 15:38:48','2020-11-18 05:10:11'),(25,25,'https://drive.google.com/drive/vk/fugiat.jpeg',6046,'{\"owner\":\"Belle O\'Connell\"}',1,'1994-03-22 09:42:28','2020-11-18 05:10:11'),(26,26,'https://drive.google.com/drive/vk/recusandae.avi',6140,'{\"owner\":\"Derrick Rosenbaum\"}',2,'2015-07-25 01:41:32','2020-11-18 05:10:11'),(27,27,'https://drive.google.com/drive/vk/a.avi',5851,'{\"owner\":\"Marvin Herman\"}',2,'2006-09-16 03:05:40','2020-11-18 05:10:11'),(28,28,'https://drive.google.com/drive/vk/repudiandae.jpeg',6058,'{\"owner\":\"Santino Wilkinson\"}',1,'1948-10-09 00:47:10','2020-11-18 05:10:11'),(29,29,'https://drive.google.com/drive/vk/qui.avi',95257,'{\"owner\":\"Tessie Howe\"}',2,'2004-09-11 14:45:06','2020-11-18 05:10:11'),(30,30,'https://drive.google.com/drive/vk/impedit.mp3',8993,'{\"owner\":\"Jeffery Towne\"}',3,'2017-11-01 17:42:14','2020-11-18 05:10:11'),(31,31,'https://drive.google.com/drive/vk/voluptatem.avi',8145,'{\"owner\":\"Noelia Weissnat\"}',2,'2018-06-05 00:06:43','2020-11-18 05:10:11'),(32,32,'https://drive.google.com/drive/vk/minus.avi',5143,'{\"owner\":\"Lee Effertz\"}',2,'1957-05-20 10:29:25','2020-11-18 05:10:11'),(33,33,'https://drive.google.com/drive/vk/quis.mp3',797598,'{\"owner\":\"Clifton Thompson\"}',3,'1989-11-25 13:47:01','2020-11-18 05:10:11'),(34,34,'https://drive.google.com/drive/vk/pariatur.jpeg',702216,'{\"owner\":\"Marco Larson\"}',1,'2009-08-21 06:01:28','2020-11-18 05:10:11'),(35,35,'https://drive.google.com/drive/vk/doloribus.mp3',5563,'{\"owner\":\"Keaton Fadel\"}',3,'2014-10-28 06:50:34','2020-11-18 05:10:11'),(36,36,'https://drive.google.com/drive/vk/aliquam.avi',7679,'{\"owner\":\"Royal Brekke\"}',2,'1973-03-12 07:32:21','2020-11-18 05:10:11'),(37,37,'https://drive.google.com/drive/vk/et.jpeg',6002,'{\"owner\":\"Johnpaul Littel\"}',1,'2019-09-30 01:41:42','2020-11-18 05:10:11'),(38,38,'https://drive.google.com/drive/vk/nihil.avi',6927,'{\"owner\":\"Tia Macejkovic\"}',2,'1944-01-16 13:25:28','2020-11-18 05:10:11'),(39,39,'https://drive.google.com/drive/vk/assumenda.avi',118286,'{\"owner\":\"Bianka Wiegand\"}',2,'2003-07-30 00:22:51','2020-11-18 05:10:11'),(40,40,'https://drive.google.com/drive/vk/quis.mp3',484784,'{\"owner\":\"Rosalind McCullough\"}',3,'1977-06-14 14:31:59','2020-11-18 05:10:11'),(41,41,'https://drive.google.com/drive/vk/et.jpeg',5102,'{\"owner\":\"Rowan Kemmer\"}',1,'1938-09-05 19:05:16','2020-11-18 05:10:11'),(42,42,'https://drive.google.com/drive/vk/ullam.mp3',69058,'{\"owner\":\"Gus Schmitt\"}',3,'1997-06-13 17:26:34','2020-11-18 05:10:11'),(43,43,'https://drive.google.com/drive/vk/eligendi.avi',890940,'{\"owner\":\"Vanessa Sauer\"}',2,'1966-02-26 17:15:35','2020-11-18 05:10:11'),(44,44,'https://drive.google.com/drive/vk/harum.avi',8289,'{\"owner\":\"Abel Denesik\"}',2,'1977-04-23 07:41:45','2020-11-18 05:10:11'),(45,45,'https://drive.google.com/drive/vk/quia.jpeg',247525,'{\"owner\":\"Earl Tromp\"}',1,'1952-09-02 06:49:12','2020-11-18 05:10:11'),(46,46,'https://drive.google.com/drive/vk/aliquid.avi',5126,'{\"owner\":\"Cecilia Cartwright\"}',2,'1966-11-22 03:47:25','2020-11-18 05:10:11'),(47,47,'https://drive.google.com/drive/vk/hic.avi',7980,'{\"owner\":\"Hudson Simonis\"}',2,'1958-07-27 08:47:32','2020-11-18 05:10:11'),(48,48,'https://drive.google.com/drive/vk/vitae.jpeg',7686,'{\"owner\":\"Judy Larkin\"}',1,'2016-07-18 08:56:49','2020-11-18 05:10:11'),(49,49,'https://drive.google.com/drive/vk/debitis.mp3',564804,'{\"owner\":\"Henry Bailey\"}',3,'1993-10-13 13:15:47','2020-11-18 05:10:11'),(50,50,'https://drive.google.com/drive/vk/quis.mp3',81446,'{\"owner\":\"Raven Kihn\"}',3,'2013-04-03 23:32:29','2020-11-18 05:10:11'),(51,51,'https://drive.google.com/drive/vk/non.jpeg',712816,'{\"owner\":\"Henriette Koss\"}',1,'1964-05-14 18:57:17','2020-11-18 05:10:11'),(52,52,'https://drive.google.com/drive/vk/perspiciatis.jpeg',5465,'{\"owner\":\"Sigurd Bergstrom\"}',1,'1975-03-22 08:07:16','2020-11-18 05:10:11'),(53,53,'https://drive.google.com/drive/vk/vel.mp3',7426,'{\"owner\":\"Monty Kiehn\"}',3,'1985-11-15 00:11:12','2020-11-18 05:10:11'),(54,54,'https://drive.google.com/drive/vk/est.avi',9909,'{\"owner\":\"Imogene Paucek\"}',2,'2010-02-27 23:54:55','2020-11-18 05:10:11'),(55,55,'https://drive.google.com/drive/vk/qui.mp3',8013,'{\"owner\":\"Jamaal Satterfield\"}',3,'2017-05-03 05:51:22','2020-11-18 05:10:11'),(56,56,'https://drive.google.com/drive/vk/et.jpeg',319740,'{\"owner\":\"Kianna Ankunding\"}',1,'2004-03-04 19:33:26','2020-11-18 05:10:11'),(57,57,'https://drive.google.com/drive/vk/doloribus.avi',7928,'{\"owner\":\"Freeman Wilkinson\"}',2,'1947-07-31 01:04:12','2020-11-18 05:10:11'),(58,58,'https://drive.google.com/drive/vk/esse.avi',460253,'{\"owner\":\"Gunnar Weber\"}',2,'1967-09-05 19:34:48','2020-11-18 05:10:11'),(59,59,'https://drive.google.com/drive/vk/tenetur.avi',342046,'{\"owner\":\"Mossie Farrell\"}',2,'2019-08-10 17:50:39','2020-11-18 05:10:11'),(60,60,'https://drive.google.com/drive/vk/quia.mp3',7864,'{\"owner\":\"Jeanette Bechtelar\"}',3,'1950-03-01 21:25:07','2020-11-18 05:10:11'),(61,61,'https://drive.google.com/drive/vk/libero.avi',9970,'{\"owner\":\"Tabitha Moen\"}',2,'1941-08-12 20:17:10','2020-11-18 05:10:11'),(62,62,'https://drive.google.com/drive/vk/architecto.jpeg',329470,'{\"owner\":\"Mustafa Bahringer\"}',1,'1982-05-12 21:33:00','2020-11-18 05:10:11'),(63,63,'https://drive.google.com/drive/vk/dolore.jpeg',621211,'{\"owner\":\"Armando Hilll\"}',1,'1986-01-19 16:03:46','2020-11-18 05:10:11'),(64,64,'https://drive.google.com/drive/vk/delectus.mp3',6529,'{\"owner\":\"Kendall Bergstrom\"}',3,'1995-07-08 12:31:12','2020-11-18 05:10:11'),(65,65,'https://drive.google.com/drive/vk/reiciendis.jpeg',7886,'{\"owner\":\"Reanna Romaguera\"}',1,'1970-01-27 13:47:48','2020-11-18 05:10:11'),(66,66,'https://drive.google.com/drive/vk/unde.avi',117644,'{\"owner\":\"Humberto Walsh\"}',2,'2013-02-06 09:57:35','2020-11-18 05:10:11'),(67,67,'https://drive.google.com/drive/vk/inventore.avi',6848,'{\"owner\":\"Gino Bechtelar\"}',2,'2007-09-28 17:11:31','2020-11-18 05:10:11'),(68,68,'https://drive.google.com/drive/vk/autem.mp3',724585,'{\"owner\":\"Mackenzie Paucek\"}',3,'2015-07-27 02:59:57','2020-11-18 05:10:11'),(69,69,'https://drive.google.com/drive/vk/natus.jpeg',8970,'{\"owner\":\"Wilfrid Morar\"}',1,'1972-08-13 07:42:41','2020-11-18 05:10:11'),(70,70,'https://drive.google.com/drive/vk/molestias.jpeg',7555,'{\"owner\":\"Pascale Krajcik\"}',1,'2019-08-12 07:25:59','2020-11-18 05:10:11'),(71,71,'https://drive.google.com/drive/vk/ex.jpeg',269994,'{\"owner\":\"Era Buckridge\"}',1,'1980-04-29 20:55:23','2020-11-18 05:10:11'),(72,72,'https://drive.google.com/drive/vk/dolorem.mp3',10116,'{\"owner\":\"Harold Wiegand\"}',3,'1974-05-06 18:42:08','2020-11-18 05:10:11'),(73,73,'https://drive.google.com/drive/vk/et.jpeg',6854,'{\"owner\":\"Laurie Beier\"}',1,'2018-12-21 06:36:17','2020-11-18 05:10:11'),(74,74,'https://drive.google.com/drive/vk/quibusdam.jpeg',8217,'{\"owner\":\"Terence Rolfson\"}',1,'1978-11-18 11:33:37','2020-11-18 05:10:11'),(75,75,'https://drive.google.com/drive/vk/veniam.avi',176217,'{\"owner\":\"Alejandra Beatty\"}',2,'1942-06-30 16:42:42','2020-11-18 05:10:11'),(76,76,'https://drive.google.com/drive/vk/optio.jpeg',71099,'{\"owner\":\"Uriah Wilkinson\"}',1,'2000-01-01 12:55:45','2020-11-18 05:10:11'),(77,77,'https://drive.google.com/drive/vk/praesentium.avi',6644,'{\"owner\":\"Mercedes Bartell\"}',2,'1969-09-18 07:31:24','2020-11-18 05:10:11'),(78,78,'https://drive.google.com/drive/vk/aut.avi',826843,'{\"owner\":\"Makenzie Corwin\"}',2,'1958-03-16 21:16:14','2020-11-18 05:10:11'),(79,79,'https://drive.google.com/drive/vk/sunt.mp3',6728,'{\"owner\":\"Ariel Ratke\"}',3,'1991-09-04 09:58:44','2020-11-18 05:10:11'),(80,80,'https://drive.google.com/drive/vk/dicta.avi',920921,'{\"owner\":\"Jamel Hodkiewicz\"}',2,'2011-04-13 21:40:22','2020-11-18 05:10:11'),(81,81,'https://drive.google.com/drive/vk/incidunt.avi',9126,'{\"owner\":\"Janick Schulist\"}',2,'1995-11-18 07:57:22','2020-11-18 05:10:11'),(82,82,'https://drive.google.com/drive/vk/maxime.jpeg',7538,'{\"owner\":\"Armando Roob\"}',1,'1994-01-06 11:01:30','2020-11-18 05:10:11'),(83,83,'https://drive.google.com/drive/vk/voluptatibus.mp3',8242,'{\"owner\":\"Casimer Renner\"}',3,'1984-03-14 18:26:19','2020-11-18 05:10:11'),(84,84,'https://drive.google.com/drive/vk/occaecati.avi',8458,'{\"owner\":\"Renee Wiza\"}',2,'2018-08-18 08:17:27','2020-11-18 05:10:11'),(85,85,'https://drive.google.com/drive/vk/ducimus.mp3',7136,'{\"owner\":\"Lydia Boyle\"}',3,'2004-10-16 14:39:27','2020-11-18 05:10:11'),(86,86,'https://drive.google.com/drive/vk/non.avi',124072,'{\"owner\":\"Margret Littel\"}',2,'2017-08-13 20:35:40','2020-11-18 05:10:11'),(87,87,'https://drive.google.com/drive/vk/qui.avi',5892,'{\"owner\":\"Lina Bashirian\"}',2,'1984-05-10 11:46:52','2020-11-18 05:10:11'),(88,88,'https://drive.google.com/drive/vk/dolore.mp3',857598,'{\"owner\":\"Kira Gibson\"}',3,'2004-09-13 20:18:50','2020-11-18 05:10:11'),(89,89,'https://drive.google.com/drive/vk/quo.jpeg',915772,'{\"owner\":\"Wilfred Harber\"}',1,'1997-12-20 01:33:13','2020-11-18 05:10:11'),(90,90,'https://drive.google.com/drive/vk/voluptatem.jpeg',5713,'{\"owner\":\"Rodrick Larson\"}',1,'2015-03-06 12:46:01','2020-11-18 05:10:11'),(91,91,'https://drive.google.com/drive/vk/voluptas.mp3',10145,'{\"owner\":\"Murphy Rolfson\"}',3,'2013-11-29 04:36:17','2020-11-18 05:10:11'),(92,92,'https://drive.google.com/drive/vk/nemo.mp3',6519,'{\"owner\":\"Jarrell Krajcik\"}',3,'2005-12-22 15:05:37','2020-11-18 05:10:11'),(93,93,'https://drive.google.com/drive/vk/ab.mp3',6020,'{\"owner\":\"Kelvin Mann\"}',3,'1987-11-23 21:13:38','2020-11-18 05:10:11'),(94,94,'https://drive.google.com/drive/vk/labore.jpeg',6973,'{\"owner\":\"Julianne Bartell\"}',1,'1996-08-25 05:38:42','2020-11-18 05:10:11'),(95,95,'https://drive.google.com/drive/vk/sint.mp3',8269,'{\"owner\":\"Amos Kulas\"}',3,'1936-12-12 16:49:25','2020-11-18 05:10:11'),(96,96,'https://drive.google.com/drive/vk/qui.jpeg',7382,'{\"owner\":\"Abelardo Bechtelar\"}',1,'1994-01-30 06:48:49','2020-11-18 05:10:11'),(97,97,'https://drive.google.com/drive/vk/illo.mp3',6066,'{\"owner\":\"Margaretta Mertz\"}',3,'2011-12-04 10:38:00','2020-11-18 05:10:11'),(98,98,'https://drive.google.com/drive/vk/nesciunt.avi',9355,'{\"owner\":\"Lisandro Johns\"}',2,'2020-04-18 09:18:45','2020-11-18 05:10:11'),(99,99,'https://drive.google.com/drive/vk/vero.avi',283016,'{\"owner\":\"Hugh Volkman\"}',2,'1961-05-21 21:57:59','2020-11-18 05:10:11'),(100,100,'https://drive.google.com/drive/vk/quam.avi',9408,'{\"owner\":\"Presley Gottlieb\"}',2,'2014-04-25 07:51:00','2020-11-18 05:10:11');
/*!40000 ALTER TABLE `media` ENABLE KEYS */;
UNLOCK TABLES;

--
-- Table structure for table `media_types`
--

DROP TABLE IF EXISTS `media_types`;
/*!40101 SET @saved_cs_client     = @@character_set_client */;
/*!50503 SET character_set_client = utf8mb4 */;
CREATE TABLE `media_types` (
  `id` int unsigned NOT NULL AUTO_INCREMENT COMMENT 'Идентификатор строки',
  `name` varchar(255) CHARACTER SET utf8 COLLATE utf8_unicode_ci NOT NULL COMMENT 'Название типа',
  PRIMARY KEY (`id`),
  UNIQUE KEY `name` (`name`)
) ENGINE=InnoDB AUTO_INCREMENT=4 DEFAULT CHARSET=utf8 COLLATE=utf8_unicode_ci COMMENT='Типы медиафайлов';
/*!40101 SET character_set_client = @saved_cs_client */;

--
-- Dumping data for table `media_types`
--

LOCK TABLES `media_types` WRITE;
/*!40000 ALTER TABLE `media_types` DISABLE KEYS */;
INSERT INTO `media_types` VALUES (3,'audio'),(1,'photo'),(2,'video');
/*!40000 ALTER TABLE `media_types` ENABLE KEYS */;
UNLOCK TABLES;

--
-- Table structure for table `messages`
--

DROP TABLE IF EXISTS `messages`;
/*!40101 SET @saved_cs_client     = @@character_set_client */;
/*!50503 SET character_set_client = utf8mb4 */;
CREATE TABLE `messages` (
  `id` int unsigned NOT NULL AUTO_INCREMENT COMMENT 'Идентификатор строки',
  `from_user_id` int unsigned NOT NULL COMMENT 'Ссылка на отправителя сообщения',
  `to_user_id` int unsigned NOT NULL COMMENT 'Ссылка на получателя сообщения',
  `body` text CHARACTER SET utf8 COLLATE utf8_unicode_ci NOT NULL COMMENT 'Текст сообщения',
  `is_important` tinyint(1) DEFAULT NULL COMMENT 'Признак важности',
  `is_delivered` tinyint(1) DEFAULT NULL COMMENT 'Признак доставки',
  `created_at` datetime DEFAULT CURRENT_TIMESTAMP COMMENT 'Время создания строки',
  PRIMARY KEY (`id`),
  KEY `messages_from_user_id_fk` (`from_user_id`),
  KEY `messages_to_user_id_fk` (`to_user_id`),
  CONSTRAINT `messages_from_user_id_fk` FOREIGN KEY (`from_user_id`) REFERENCES `users` (`id`) ON DELETE CASCADE ON UPDATE CASCADE,
  CONSTRAINT `messages_to_user_id_fk` FOREIGN KEY (`to_user_id`) REFERENCES `users` (`id`) ON DELETE CASCADE ON UPDATE CASCADE
) ENGINE=InnoDB AUTO_INCREMENT=201 DEFAULT CHARSET=utf8 COLLATE=utf8_unicode_ci COMMENT='Сообщения';
/*!40101 SET character_set_client = @saved_cs_client */;

--
-- Dumping data for table `messages`
--

LOCK TABLES `messages` WRITE;
/*!40000 ALTER TABLE `messages` DISABLE KEYS */;
INSERT INTO `messages` VALUES (1,29,94,'Aut nesciunt dolor eaque nihil. Quia est dolores fuga. Provident asperiores eos saepe suscipit omnis. Atque et veniam illo voluptatem.',1,1,'2012-01-28 04:41:21'),(2,31,8,'Eius esse qui eligendi tenetur. Reprehenderit voluptatum minima vitae repudiandae architecto labore nisi. Quo at et excepturi autem aliquam. Esse repellendus non quas et eaque.',0,0,'1992-01-14 01:38:18'),(3,60,83,'Et quia ullam eveniet ipsum eum. Minima architecto a doloribus eum placeat facilis. Officiis quaerat totam provident quia voluptate nam eos. Quis ipsa doloremque repudiandae molestiae facilis.',1,0,'1996-11-24 19:05:09'),(4,86,52,'Consequatur repellat dolor sed sed. Itaque perferendis voluptas eveniet id. Quibusdam debitis voluptatem consectetur vel nobis et.',1,1,'1975-02-05 12:26:06'),(5,60,9,'Reiciendis animi ullam neque sit totam sint. Eligendi ipsa et earum natus sed eaque est. Odio et aut facere eligendi ea aut itaque.',1,0,'2009-12-27 03:55:31'),(6,8,90,'Pariatur dicta et earum impedit dolores sint. Omnis et modi porro consectetur veniam et dolore. Nihil veritatis inventore reiciendis enim et.',1,1,'2011-11-13 14:10:46'),(7,12,50,'Et consequatur sed illum provident possimus. In est ad velit voluptatibus occaecati aliquid corporis est. Et doloremque inventore laborum adipisci quae officiis blanditiis quo. Molestias ut maiores eius ut maiores at culpa.',0,1,'2013-04-03 23:32:29'),(8,74,47,'Quae sint molestiae sit pariatur. Eum officia magnam laborum consequatur deserunt rerum placeat. Sed itaque atque molestias deleniti aut. Vitae voluptate esse quo non consectetur.',1,1,'1997-09-07 00:58:05'),(9,75,53,'Accusantium suscipit consequatur earum enim sed libero dolore. Occaecati sunt facere aut modi. Non quos ipsa dolorem excepturi. Minus tenetur beatae aliquam accusantium et.',1,0,'1997-03-14 03:22:02'),(10,7,61,'Delectus laborum quas voluptate reiciendis vitae et. Error maxime quia eos porro. Quia accusamus sequi sint possimus facilis. Corporis itaque et maiores consequatur reiciendis ipsa vero ipsum.',0,1,'2010-05-11 08:57:55'),(11,82,22,'Ut itaque iure consequatur tenetur perspiciatis. Dolore sit consequatur quasi molestiae rerum expedita. Voluptas fugit dolores ab in esse placeat.',1,1,'1994-01-06 11:01:30'),(12,71,82,'Enim sunt placeat rerum vero. Ipsa consequatur iure vel ullam neque. Hic laboriosam et nemo. Facere aliquam totam et exercitationem provident consequatur nobis.',1,1,'1994-01-06 11:01:30'),(13,28,41,'Repudiandae qui neque dolor amet. Mollitia qui nam eaque possimus. Sit ut eaque repudiandae sint soluta.',1,1,'1974-09-11 23:36:35'),(14,50,12,'Ut labore molestiae quia excepturi et molestiae. Consequatur aut assumenda eos quia aliquid fuga eum alias. Voluptatum nisi repudiandae reiciendis sunt. Aliquid quaerat corrupti itaque omnis.',1,1,'2013-04-03 23:32:29'),(15,40,71,'Rerum fugit excepturi porro sit nam pariatur. Ullam et neque est quasi. Vel doloremque non asperiores quo aut placeat ad possimus. Tempore quas qui reiciendis iure dignissimos aut.',0,0,'2011-07-22 05:46:35'),(16,3,44,'Dolorem beatae pariatur alias libero quaerat consequatur eligendi. Unde aut quam accusantium odio. Sit sunt minima aut et alias. Facere ipsum id et dolorum voluptatem vel fuga doloremque.',1,0,'2000-01-22 01:21:00'),(17,38,71,'Voluptate voluptas nostrum pariatur. Praesentium voluptate similique expedita quia est. Qui repellat id eligendi.',0,1,'1977-05-01 02:41:19'),(18,84,9,'Sit a quidem maxime explicabo ratione molestias natus qui. Repudiandae quos perferendis repellat aut fugiat repudiandae nihil. Nulla enim dolores ut deleniti eligendi ea ea iste. Blanditiis in tempora consectetur adipisci unde.',1,1,'2018-08-18 08:17:27'),(19,69,64,'Sed ut qui architecto et animi. Quis ea repellat odit qui consequatur illo distinctio. Laboriosam dolorem porro delectus est. Fugit impedit aut illum in quisquam.',0,0,'1995-07-08 12:31:12'),(20,56,21,'Sed repellendus sunt error. Aliquam odio animi ab atque debitis. Tempora deleniti consequatur qui est.',0,0,'2005-05-11 03:31:22'),(21,54,30,'Incidunt quam et vitae nulla. Quidem suscipit ut sed dolorum. Aut assumenda dolorem debitis qui ut.',1,1,'2005-05-29 21:07:10'),(22,65,31,'Suscipit aut et eaque velit dolor voluptatem. Vitae velit eos quia quae ut ratione. Vero vitae asperiores qui asperiores eum impedit cum vero.',1,1,'1998-02-22 00:45:15'),(23,28,99,'Voluptatum omnis facilis excepturi delectus est tempora qui. Repellat id eligendi excepturi recusandae praesentium aliquam eligendi. Sed perspiciatis iusto et et rem at aut animi.',1,1,'2003-03-10 16:15:47'),(24,1,55,'Provident dolorum neque et soluta nesciunt ipsa quia incidunt. Consectetur doloremque in repellat et voluptatem nisi enim.',0,1,'2019-12-16 19:55:39'),(25,68,86,'Voluptas cupiditate ipsam atque aut sunt eos veritatis. Nulla vero sit suscipit enim qui hic. Quasi fugiat aliquid consequatur et necessitatibus porro. Est eveniet reiciendis aliquid tempora sit autem dolores.',1,0,'2015-07-27 02:59:57'),(26,16,75,'Non dignissimos dolor qui animi voluptate expedita. Praesentium quasi velit placeat et veritatis. Voluptatibus tempora soluta doloribus officiis sit enim ut. Qui dolorem consequuntur quisquam dolor illo.',1,0,'2006-01-20 17:16:02'),(27,4,74,'Error voluptas alias cum. Recusandae quae laudantium ad nemo tempore omnis omnis. Rerum sit consectetur totam consequatur excepturi dolor qui.',1,1,'2009-12-04 06:00:15'),(28,31,95,'Nemo harum veniam fugit corporis et omnis consequatur. Non voluptatem nihil aut asperiores.',1,1,'2010-11-08 16:12:20'),(29,42,32,'Numquam dolores sunt molestiae ab. Ea rerum aliquid autem nihil eum. Voluptates provident ut molestiae at.',1,0,'2007-04-04 04:41:45'),(30,39,34,'Sunt vel quis sint in odit nemo laudantium atque. Consequatur alias velit tenetur eos quaerat. Molestias tempora culpa veniam odit eaque autem. Autem esse eaque quia nesciunt qui.',1,0,'2009-08-21 06:01:28'),(31,94,6,'Natus soluta beatae exercitationem sed officia. Deleniti ut deserunt autem repellendus itaque illo. Dolore explicabo eveniet aut ad cumque voluptatum optio. Iure possimus possimus ut ut dolorum enim.',1,1,'1996-08-25 05:38:42'),(32,93,17,'Laudantium numquam corporis quia. Ullam exercitationem sed laborum nam tempore. Modi voluptatem dolor amet eos maxime ipsum illo.',1,1,'1987-11-23 21:13:38'),(33,61,30,'Recusandae enim autem eum veritatis. Eius commodi id placeat voluptatem repellat distinctio libero. Impedit ipsa omnis modi odio et provident.',0,0,'2005-05-29 21:07:10'),(34,47,59,'Et fugiat distinctio eum consectetur aliquam eveniet ipsa modi. Quisquam voluptates consectetur aut similique quo aliquid eum. Aut impedit eos et quisquam voluptas voluptates. Autem nemo provident dicta sunt corporis repellendus necessitatibus consequatur.',1,1,'2020-11-04 00:50:26'),(35,77,65,'Fuga facilis laborum nemo velit consequatur. Vitae rem ab voluptas velit ut qui dolore. Dolores voluptate ea sequi. Fugiat omnis molestias suscipit porro officia id. Et nulla cumque ipsa et totam quis.',0,1,'2017-07-07 02:27:22'),(36,31,92,'Praesentium vitae vel laboriosam culpa. Repudiandae in harum natus natus esse et. At quibusdam excepturi repudiandae eligendi neque. Ipsum ut sint ex. Nobis soluta quas a numquam.',1,0,'2007-04-02 17:59:03'),(37,49,95,'A soluta inventore qui sit officiis sit et. Tempore eius porro autem ut suscipit laborum. Aliquid et fugit ut eius dolores. In quam et rerum.',0,0,'2002-05-12 23:37:47'),(38,100,8,'In enim ut aliquam illum. Et reiciendis qui et iure. Fugiat magni et aut aut officia.',0,0,'2016-10-24 18:53:30'),(39,75,41,'Ut accusamus consequatur quo odit atque non. Libero est magnam porro animi iusto. Amet animi numquam sunt quia eligendi. Excepturi quisquam qui ut porro dolorem.',0,0,'1983-11-18 22:47:51'),(40,89,33,'Quia et et praesentium dolores sit. Aut earum perferendis sapiente.',1,1,'1993-03-19 20:20:18'),(41,33,25,'Voluptas dolor laudantium itaque adipisci repudiandae quod. Autem occaecati delectus ipsa explicabo possimus labore sed optio. Vel ea at reiciendis mollitia.',0,1,'1989-11-25 13:47:01'),(42,95,73,'Ut et ratione et sed eveniet. Qui voluptas ut vitae vel.',1,1,'1972-07-03 03:28:07'),(43,77,50,'Sunt est quas veniam vel. Aut repudiandae impedit quas porro. Qui aut magni occaecati molestias et.',0,0,'2013-04-03 23:32:29'),(44,5,91,'Enim asperiores cum cumque vel fugit ut fugiat vel. Quo repudiandae neque voluptas quo molestias numquam.',0,0,'2017-11-04 16:52:58'),(45,22,37,'Quis velit pariatur voluptas nobis nisi nihil iste qui. Veritatis assumenda dolorum autem quae.',1,0,'1984-03-02 12:17:32'),(46,81,45,'Natus cumque fugiat dolor iste. Quis molestiae tenetur commodi unde odit omnis sequi. Animi possimus voluptatem quisquam.',0,0,'1998-08-15 04:15:17'),(47,1,53,'Sit quis et vitae voluptatem adipisci. Praesentium id dolore aut ut qui tempora et amet. Dolor cum rerum ut non. Voluptatem et quae omnis sit.',0,1,'2019-12-16 19:55:39'),(48,76,78,'Dolore sit in voluptatibus cupiditate vero et qui. Quia et autem est. Dignissimos consequatur qui ex.',0,0,'1974-10-06 22:56:45'),(49,9,37,'Qui hic impedit minima eius. Ipsum occaecati autem neque dolorum. Doloribus est eligendi nihil. Dolorem et nemo occaecati voluptas reprehenderit magni veritatis mollitia.',0,1,'2019-09-30 01:41:42'),(50,11,17,'Voluptatibus suscipit corporis eaque sit placeat quasi similique voluptatem. Occaecati et labore veritatis eligendi. Quisquam laudantium et odio et.',0,1,'2019-01-30 21:06:14'),(51,4,57,'Quibusdam blanditiis dicta facere officia possimus sit est quam. Sunt architecto sit ut officia est asperiores. Nostrum dolor similique blanditiis quo architecto. Quo iusto minus voluptate dignissimos soluta accusamus.',0,0,'2013-12-23 23:46:06'),(52,7,86,'Ipsam voluptatibus voluptas alias nihil odit neque delectus. Pariatur consequuntur accusantium labore culpa aut rerum. Quod adipisci hic dolor adipisci adipisci dolorem. Quod quidem sunt totam praesentium qui dolores. Natus tempora voluptatum ab eos exercitationem tempore.',0,0,'2010-05-11 08:57:55'),(53,5,21,'Consequuntur eligendi atque architecto nam. Nulla maiores id amet voluptas temporibus. Alias quidem ut aut voluptatem praesentium qui.',1,1,'1987-03-04 08:33:06'),(54,16,11,'Vitae dolor dolorem cumque maiores aspernatur necessitatibus. Sapiente aut qui dolore autem necessitatibus. Repellendus perferendis nesciunt sit unde laboriosam. Quas quae est minima error ea et voluptas. Qui sed dolorum iure et quia voluptatem voluptas.',1,0,'2011-07-11 04:01:49'),(55,26,89,'Dolorem maxime ducimus magni saepe. Vel aut qui qui est praesentium facere reprehenderit. Voluptas eius voluptatem dolore vel qui sit quibusdam aspernatur.',1,1,'2000-11-18 22:40:48'),(56,42,19,'Omnis aut laudantium et atque et rerum. Quia porro odio reprehenderit molestias minima dolor. Accusantium aut itaque provident quis a impedit. Accusamus aliquid quia consequatur et.',1,0,'1997-06-13 17:26:34'),(57,66,23,'Eum quia sunt laborum consectetur cumque commodi ea. Omnis voluptas voluptas vel nulla est minima quidem. Sed excepturi aperiam sunt maiores. Eum excepturi qui cum culpa. Facilis qui qui asperiores excepturi eum minima asperiores.',0,1,'2009-10-20 10:47:51'),(58,98,22,'Est aspernatur eveniet excepturi animi qui sint. Et nisi quia culpa rem eius quae itaque. Dolores quo assumenda iste ut voluptatum.',1,0,'2020-04-18 09:18:45'),(59,34,58,'Est tenetur animi et enim aut deleniti eos dicta. Minima quam ut itaque ea eligendi culpa labore.',0,1,'2009-08-21 06:01:28'),(60,20,78,'Non blanditiis occaecati non aut sapiente nisi voluptas. Magni laborum consequuntur quasi et voluptatem perferendis. Quia voluptas voluptatem et voluptatem at tempora animi.',0,1,'2017-02-25 02:25:49'),(61,76,42,'Rerum vero a cupiditate earum dolores nobis. Necessitatibus explicabo soluta tenetur ad quasi assumenda a praesentium. Rerum ea officia optio dolorem eveniet et. Et quia aut sed est tempore dolores. Nulla perferendis ea odit asperiores.',0,1,'1997-06-13 17:26:34'),(62,45,45,'Magnam consequatur omnis itaque ipsa non enim. Earum eum modi quo et sunt laudantium. Corporis blanditiis accusantium omnis molestias. Quo maiores suscipit nam sapiente.',0,0,'2005-05-12 06:05:15'),(63,88,51,'Sed ullam quibusdam doloribus maxime sit. Minima nihil eveniet quod rerum. Tempore sunt placeat eius iste ipsa necessitatibus consequuntur.',1,1,'2018-02-15 08:35:58'),(64,53,66,'Beatae iste vitae sint voluptas iure totam. Qui et repellat molestiae commodi est cumque. Nostrum omnis veniam molestiae inventore vero qui consequatur.',0,0,'2000-06-30 14:08:05'),(65,95,53,'Distinctio nihil quis facilis. Nihil dolorem architecto perspiciatis assumenda qui dolor. Ut ullam consequatur alias velit rerum illum quia. Corporis commodi voluptatem incidunt quae.',0,1,'1994-07-14 20:42:37'),(66,45,18,'Et alias assumenda consequatur. Ab perferendis ipsam sequi facilis et perspiciatis est.',0,1,'1981-08-21 03:31:49'),(67,10,85,'Ratione architecto maiores eum numquam alias sed sed. Et repellat dicta mollitia molestiae. Repudiandae et at soluta vero est repellat. Quaerat corporis ipsam aut tempore natus ea nemo omnis. Inventore at quo quia sed in qui.',1,1,'2004-10-16 14:39:27'),(68,18,31,'Ut necessitatibus quis quaerat quia aut deleniti. Nihil eos quod qui molestias ipsa. Voluptas porro aut dicta blanditiis.',0,0,'1992-01-14 01:38:18'),(69,18,35,'Nulla quisquam perferendis similique quos voluptatibus nihil itaque consectetur. Magnam sint est architecto est incidunt autem aut. Qui ducimus amet modi est dolorem. Repellendus amet voluptas minima nihil reiciendis accusantium. Voluptate ut quibusdam voluptatum porro in consequatur.',0,0,'2000-02-12 23:50:47'),(70,55,65,'Dolorem rem culpa fugit labore voluptatem enim architecto dolor. Nemo magni necessitatibus odio sed. Sit cumque quia ut excepturi inventore pariatur.',1,1,'2017-05-03 05:51:22'),(71,76,99,'Nam ea sint in ut consequuntur qui vero cupiditate. Facere qui quidem cupiditate. Enim eveniet deserunt autem vitae eius vitae. Harum et praesentium velit ipsam doloremque.',0,0,'2003-10-31 03:55:32'),(72,27,14,'Unde ut occaecati sit dolorem aut eos. Omnis repellendus vero blanditiis ipsum iusto et architecto. Magni ex non aut. Ad aut placeat fuga id illum cupiditate deleniti.',1,0,'2019-03-31 03:34:35'),(73,22,21,'Neque laboriosam ex odio illum modi. Qui id inventore aliquid neque magnam tempore quaerat. Facere aut iusto quia ea expedita non. Molestiae deserunt qui aliquid iusto.',1,0,'2017-06-11 05:08:24'),(74,22,28,'Tempora sunt sapiente harum et et alias. Dolor labore voluptas dolor labore culpa. Iusto eos debitis commodi dolor iure ipsam qui ad.',0,0,'1991-03-10 02:03:37'),(75,44,61,'Quisquam ut quia nam reprehenderit sit enim omnis voluptas. Voluptatibus eos dolorem ad ratione corporis voluptatum quia voluptatem. Asperiores vitae aut odio illum numquam nesciunt.',1,0,'1986-11-19 10:20:35'),(76,35,24,'Voluptatem assumenda enim aut quisquam. Excepturi omnis commodi voluptate est nam. Magni blanditiis omnis commodi minus.',0,1,'2000-12-07 22:50:02'),(77,60,71,'Et exercitationem dolorem minus magni eos atque. In provident alias error expedita quibusdam. Dolores ipsum possimus vero fugiat id fugit aut.',1,0,'2013-05-11 19:49:43'),(78,46,15,'Nesciunt necessitatibus consequuntur sed ipsum. Dolore voluptatem eligendi earum perferendis. Occaecati culpa officia ullam asperiores nihil saepe. Officiis molestias veniam natus amet ipsum soluta et non.',1,0,'2011-05-09 17:57:02'),(79,15,33,'Rerum nesciunt sit omnis rerum. Culpa vel nulla doloribus iure quo ab maiores. Qui rerum quasi officiis dolores molestias qui.',1,0,'2010-02-14 04:55:15'),(80,10,38,'Enim officia enim animi id. Est quia occaecati temporibus recusandae magni.',0,1,'1988-02-12 09:39:04'),(81,2,38,'Ea enim aliquid dolores ut. Labore saepe corrupti tenetur maxime voluptatem. Aspernatur quia hic cum natus soluta necessitatibus autem.',0,1,'2017-02-02 06:46:35'),(82,97,100,'Omnis quo quis officia aspernatur. Laboriosam nemo expedita similique dolorem dolores et. Similique sed maxime eum labore.',0,1,'2011-12-04 10:38:00'),(83,21,30,'Illum officia voluptate ad dolorum velit consequatur. Voluptatem optio officiis expedita aliquid quos dolor. Totam mollitia veniam rerum et autem.',0,0,'2005-05-29 21:07:10'),(84,47,34,'Enim consectetur adipisci repellat cumque repudiandae dignissimos voluptate. Perspiciatis quidem dolor sed. Rerum assumenda iusto non facere.',1,0,'2009-08-21 06:01:28'),(85,68,48,'Quia libero necessitatibus ut harum hic. Iste qui sint ea voluptatem eligendi sint. Rerum qui dolorum ut totam. Culpa qui repellendus repellat voluptas.',1,0,'2015-07-27 02:59:57'),(86,75,76,'Perferendis et laboriosam voluptatum rerum dolor nihil amet. Ut dicta vero qui eos enim. Non quia repudiandae corporis dolorum corrupti consequatur necessitatibus dolorem. Omnis alias inventore quas.',0,1,'2003-04-05 19:37:19'),(87,56,1,'Minima cum velit et doloremque tenetur eum cum. Et porro sint id eos ea aliquam incidunt. Praesentium et dolores commodi esse. Quo omnis non voluptas quaerat qui incidunt consequatur.',1,1,'2019-12-16 19:55:39'),(88,36,72,'Dolor est repellendus aperiam odio omnis qui. Aliquid ea et recusandae reiciendis quos. Perspiciatis nihil aut incidunt amet.',1,1,'2016-02-05 06:06:07'),(89,99,72,'Earum itaque eligendi est assumenda sit. Voluptatem sit totam beatae quod eum laborum quibusdam. Est voluptatibus rerum dolorem fugiat.',0,0,'2009-11-30 11:54:02'),(90,49,75,'Ut cupiditate atque dignissimos illum est est. Voluptas cupiditate commodi consequuntur quia. Quos ad deserunt necessitatibus molestiae id ipsum maiores. Ea aut iure blanditiis tempore tenetur unde ipsum.',1,1,'1978-11-28 17:08:11'),(91,76,55,'Velit sit cum nobis itaque doloremque sint suscipit. Hic a nisi eum. Et a illum exercitationem harum nulla et nesciunt. Ut omnis eos velit aut natus praesentium et.',0,0,'2017-05-03 05:51:22'),(92,55,29,'Doloremque commodi sequi ratione quia. Dolores ullam non quia possimus asperiores voluptas similique. Et placeat qui quas cum officiis doloribus. Voluptas sed sed sint omnis est occaecati error impedit.',1,1,'2017-05-03 05:51:22'),(93,66,9,'Veritatis qui tempora est reprehenderit cum iste quod. Illum tempora magni velit quis et. Sequi voluptate reiciendis omnis quis laboriosam ratione. Dolorem quis quibusdam distinctio et occaecati modi itaque.',1,0,'2000-06-30 14:08:05'),(94,22,85,'Voluptatum eligendi sint rerum cumque. Ut eaque voluptatem omnis eos aut et. Aut alias culpa eum consectetur. Voluptas facere cum non nobis ad eligendi.',1,1,'1984-03-02 12:17:32'),(95,77,50,'Ut iure atque recusandae eveniet dolorum soluta sunt. Itaque nemo incidunt vel inventore officia enim voluptas. Quis et nihil harum rem laudantium. Repellat eos corrupti incidunt sed non velit.',0,1,'2013-04-03 23:32:29'),(96,57,71,'Sed provident vitae in. Error vero minus aspernatur doloremque qui nihil reprehenderit omnis. Blanditiis minima hic magni atque.',0,1,'1977-05-01 02:41:19'),(97,51,73,'Quos voluptates qui impedit inventore. Fugit voluptas quis possimus. Quaerat et molestiae non ipsam sed voluptatibus.',0,0,'1986-03-31 01:14:27'),(98,31,5,'Suscipit distinctio quos aut vero ut aut. Minima ut excepturi est illum a in accusantium. Quis consequatur commodi tempora aspernatur reprehenderit. Doloribus nihil distinctio officiis eius ipsa corporis.',0,0,'1998-06-30 05:11:00'),(99,31,50,'Velit consequatur quidem dolores. Sunt perspiciatis atque tenetur ab aut consequatur. Dolores fugiat iusto reiciendis non.',1,0,'2013-04-03 23:32:29'),(100,42,42,'Quia magni excepturi quia fugit. Dicta quod sint nam voluptatem cum. Officia excepturi neque possimus.',1,0,'2009-07-14 11:18:07'),(101,96,25,'Est necessitatibus quis voluptatem architecto. Et at sequi cumque necessitatibus quam velit. Voluptatem ut et nihil ut sit laborum.',0,1,'1982-07-25 22:01:57'),(102,12,69,'Doloremque voluptatem fugit voluptatibus quam. Dolorem ea magni cupiditate tempora asperiores et debitis recusandae. Dolor perferendis harum odio ea officia. Eaque aut laboriosam quisquam provident.',1,0,'2001-09-13 16:53:54'),(103,4,6,'Doloremque laudantium non harum adipisci itaque in. Saepe quod rerum quidem aspernatur ipsum quisquam. Quidem libero et enim quis sequi eius. Est ducimus tempora eum provident vel.',1,0,'1996-12-14 20:49:03'),(104,50,37,'Sed facilis sint et et repellat voluptate vel voluptatum. Et minus tempora nesciunt blanditiis quam aperiam. Eveniet asperiores qui est nostrum quibusdam. Quia corrupti quis sed qui voluptatem suscipit numquam.',1,1,'2013-04-03 23:32:29'),(105,21,98,'Eos sed enim hic quas et et. Quo omnis nemo iure. Ut minus nam voluptas voluptas nostrum nihil. Est dolore at consequatur et iusto dicta adipisci.',1,1,'2020-04-18 09:18:45'),(106,86,15,'Dicta consequuntur voluptas animi vel ipsum debitis deleniti. Sed nemo et maiores praesentium. Similique quisquam qui ea dolores consequatur dicta similique. Sit qui quas neque.',0,0,'2008-03-10 13:16:32'),(107,49,72,'Enim facere iure necessitatibus aspernatur hic alias quis. Consequuntur enim voluptas non officia ab quidem totam. Beatae dolor perspiciatis voluptatem reprehenderit.',0,0,'2002-03-25 00:56:25'),(108,93,29,'Et rerum enim sed. Quia et enim ut. Qui repellendus nemo sit voluptas quaerat laboriosam saepe veniam. Dolor enim officiis non dicta non.',0,0,'1987-11-23 21:13:38'),(109,65,48,'Iusto iste est sint iure voluptatem eveniet atque. Natus aperiam maxime maxime omnis neque. Id omnis officia rerum eum et impedit maxime repellat. Voluptates fuga perspiciatis et inventore veniam quasi.',1,1,'1986-04-28 07:38:00'),(110,96,48,'Omnis repellat qui a impedit. Voluptas quibusdam nihil possimus aut. Perspiciatis consequatur deserunt voluptate. Voluptatem accusamus hic molestiae odio ipsam.',0,1,'1983-09-19 15:45:38'),(111,5,45,'Magnam optio explicabo molestias laboriosam odio. Libero optio eligendi rem ea atque cum. Cumque voluptas in sequi voluptas eum. Minima nam quasi aut id commodi vero ullam adipisci.',0,0,'2013-08-11 18:39:36'),(112,39,47,'Sunt minima atque dolorem explicabo eum quae et. Rem ea alias quos quasi autem eos. Maxime nostrum animi earum laudantium odit harum ratione. Nihil et soluta est.',1,1,'1995-02-18 00:43:20'),(113,81,54,'Ducimus libero ut et cum. Voluptas voluptate dolor eligendi. Non voluptate sunt dolorem ut adipisci tempore nihil. Expedita non molestiae in nostrum tempora iusto praesentium.',1,0,'1996-01-17 10:21:11'),(114,57,80,'Veniam quasi iure dolor ea quo iure. Voluptas inventore harum vero. Ut ut voluptas odit et.',0,0,'2011-04-13 21:40:22'),(115,26,44,'Quia illo magnam dolores facere voluptatem iusto et. Illo voluptas ut architecto. Ipsa fugiat illum eveniet asperiores rerum dolorem ipsum. Rerum asperiores enim veritatis libero omnis voluptatibus et.',0,0,'2009-08-10 09:16:37'),(116,82,46,'Numquam et quae unde optio quia. Sed ea itaque et. Similique atque aut et est. Similique repellendus est assumenda ad libero.',0,1,'1994-01-06 11:01:30'),(117,46,98,'Exercitationem sit repellendus sapiente nihil sed rerum. Maiores delectus illum velit at rem porro cum sit. Incidunt dolor eum ducimus.',1,0,'2020-04-18 09:18:45'),(118,65,14,'Dolores iste et ipsam aperiam doloremque. Quibusdam dolores eius sed voluptas. Maxime mollitia quo repudiandae at minus. Mollitia reprehenderit pariatur dolorem. Qui accusamus nihil animi velit adipisci consequatur.',0,1,'2020-09-12 08:16:11'),(119,51,38,'Quidem doloremque et quas quasi distinctio similique eaque. Dignissimos nobis dolorem iure quasi vero necessitatibus dolorem aut. Quam quia ut provident molestiae et animi at. Quia officiis eos ullam dolorum delectus nemo.',0,1,'2014-10-25 19:45:03'),(120,4,81,'Non cum est nostrum nulla libero. Autem fuga et cum inventore ad culpa id. Commodi asperiores sit cupiditate magnam itaque. Molestiae sunt voluptatibus eaque in labore voluptate ad atque.',0,1,'2016-08-18 00:26:18'),(121,67,28,'Aut harum eveniet pariatur veritatis ullam sed omnis. Et aut dolor veritatis.',1,0,'2007-09-28 17:11:31'),(122,20,43,'Sint et in non enim beatae et. Occaecati ad recusandae optio consectetur labore ullam quia voluptatem. Dicta culpa ut earum et exercitationem nulla. Dolorum sapiente et laudantium pariatur libero amet debitis.',0,0,'2008-10-27 14:44:54'),(123,48,59,'Quam quam repudiandae eos quibusdam. Laudantium incidunt sequi quisquam vitae.',0,1,'1984-09-06 10:09:11'),(124,74,32,'Sit veritatis reiciendis iste aperiam architecto. Blanditiis soluta voluptatem voluptatem. Ducimus voluptas vitae quae similique sunt.',0,0,'1993-03-24 14:04:14'),(125,26,32,'Iusto iusto est qui aut ipsam non accusamus. Quis ratione omnis vel enim quibusdam dolores. Ab ut eum sed asperiores laudantium accusamus et. Rerum et quidem qui porro.',0,0,'2000-11-18 22:40:48'),(126,65,83,'Eum est molestias necessitatibus deserunt aut quo fugit. Laborum deleniti possimus facilis ab. Ipsum explicabo sit maiores animi. Tenetur animi fuga sequi vero beatae non at.',0,1,'1990-10-06 01:52:09'),(127,22,28,'Est veniam perferendis doloremque voluptas. Vel asperiores voluptas quidem animi nostrum quis sint. Vero tenetur ratione nisi nulla quidem aut et. Est fugiat inventore magni eaque officiis ipsum. Est porro laudantium commodi vero enim cumque.',1,0,'1990-04-09 07:56:51'),(128,81,52,'Ut sapiente ut deserunt nihil quidem. Consequatur in dolor quasi sequi consequatur illum. Fugit corrupti et et voluptatibus.',0,0,'2005-08-20 07:56:06'),(129,50,63,'Blanditiis quod autem accusamus quia nihil. Recusandae voluptatibus consequatur sunt ipsam.',1,0,'2013-04-03 23:32:29'),(130,56,20,'Totam sed debitis a molestias et quia dignissimos. Earum totam est earum facilis consequatur quam incidunt. Incidunt magni ad totam eos aut facere quas.',0,0,'2004-03-04 19:33:26'),(131,21,83,'Molestias accusamus suscipit dignissimos modi aut ut. Voluptatem saepe enim reprehenderit soluta enim molestiae. Perspiciatis sed consequatur possimus non enim voluptatum tempore maiores. Illo minima sequi incidunt ex voluptatem minus necessitatibus. Enim ex voluptatem similique fugit et harum.',1,0,'1991-06-23 19:32:22'),(132,16,31,'Sunt consequuntur sint eligendi sit. Id sunt quaerat quae laborum delectus earum. Qui id maiores voluptas corporis velit qui.',1,1,'2010-11-18 08:57:36'),(133,72,51,'Sunt velit molestiae nostrum ut aspernatur autem. Soluta numquam dolorem sapiente sapiente et nesciunt. Odio corrupti fuga necessitatibus dolorem autem accusamus exercitationem. Dolores enim harum exercitationem aut voluptates reiciendis. Omnis deleniti explicabo voluptas quia quod.',1,1,'2012-07-22 12:10:49'),(134,79,32,'Laudantium molestiae sit porro est quaerat quidem quasi. Asperiores eaque eius aut necessitatibus at. Sunt velit consequatur et praesentium optio tempora distinctio voluptatem. Impedit est minus assumenda ut magnam.',1,0,'1997-04-03 13:20:48'),(135,39,33,'Vel ab modi laudantium ipsum minus nostrum omnis tempore. Et dolores aspernatur ut doloribus dicta. Nemo nemo vel iusto et repellendus consequuntur blanditiis voluptas. Praesentium iusto pariatur qui.',0,1,'1989-11-25 13:47:01'),(136,92,16,'Atque repudiandae et corporis beatae. Eligendi mollitia itaque laudantium ut in. Quis officiis et harum ut.',0,1,'2005-08-17 06:35:36'),(137,95,81,'Et vero consectetur quod repudiandae enim rerum nostrum. Ad animi voluptatibus saepe enim repellat quae et. Quo sunt ad deserunt nesciunt consequatur vel rem. Quis sunt et ut totam mollitia.',1,1,'2011-05-01 04:41:29'),(138,23,46,'Et tempore debitis rerum consectetur delectus. Fugit fugiat nisi et totam eos. Omnis cupiditate ut reiciendis reprehenderit libero ipsum. Qui placeat est illum labore. Aut quod in aut molestiae esse.',0,0,'1985-09-30 00:52:55'),(139,2,11,'Maxime doloremque magni iusto consequatur doloribus quos. Consectetur corrupti quam sed. Beatae odio eum rerum dignissimos dolorum ea.',0,1,'2007-11-15 04:34:33'),(140,2,40,'Qui perspiciatis dolorum impedit sunt enim vero ut laudantium. Rerum dicta commodi tempore aut tempora maxime in. Sunt animi aperiam illum vel et quibusdam exercitationem voluptatibus. Autem iste voluptates dolor quas alias voluptas quis.',1,0,'2006-04-19 19:57:29'),(141,39,37,'Qui voluptatem dolor cumque. Dolor ut eos officiis dolorum. A consequatur vitae delectus quasi ducimus veritatis quis. Quidem et qui minus. Laudantium officiis necessitatibus omnis nihil natus vero vel.',0,0,'2019-09-30 01:41:42'),(142,70,11,'Aut voluptatem voluptatem ullam. Architecto amet tempore nihil quia. Et voluptatibus suscipit distinctio quis inventore nihil aliquam. Corporis enim earum fugit laboriosam. Vitae in a aut voluptatem velit repudiandae.',1,0,'2019-08-12 07:25:59'),(143,86,58,'Consectetur autem officiis aut veritatis et. Quia sed aliquam et ipsa. Quisquam nesciunt quo quasi quaerat.',1,0,'1987-10-07 00:14:51'),(144,29,44,'Quod qui ratione voluptatibus vero quis sed harum. Ex rerum aspernatur optio doloremque quidem. Est neque amet beatae. Quae veritatis similique quidem. Sed excepturi corporis voluptas.',0,0,'2013-11-02 13:49:01'),(145,68,40,'Mollitia quam hic rerum. Quidem sed facere repellendus laboriosam iste fugiat. Est dolores blanditiis unde quasi inventore. Ea aut doloremque enim illo molestias similique rerum nam.',0,1,'2015-07-27 02:59:57'),(146,55,41,'Laborum iure consequatur blanditiis exercitationem et. Commodi voluptatum blanditiis omnis qui quasi et vero. Voluptas non exercitationem odio deleniti. Vitae omnis voluptatem totam ipsum.',1,1,'2017-05-03 05:51:22'),(147,62,10,'Distinctio facere consequuntur voluptas. Blanditiis numquam repellat asperiores pariatur molestiae et maiores. Alias vitae cum ut animi inventore doloribus ad. Est dolore modi quia et et repudiandae qui reiciendis.',0,0,'2010-05-14 08:52:14'),(148,28,86,'Esse fugiat mollitia consequatur id explicabo magnam. Sit quidem omnis sed tempora minima voluptates. Molestiae sit et voluptas vel laudantium repudiandae. Adipisci quos unde soluta eius.',0,0,'1975-02-05 12:26:06'),(149,22,49,'Blanditiis ex aliquam enim fugiat. Sunt eos natus facere eaque numquam dolores. Omnis temporibus pariatur hic nihil. Voluptatibus laboriosam quos est autem voluptatem labore.',1,1,'1984-03-02 12:17:32'),(150,77,57,'Vel asperiores itaque error iste totam eligendi. Ut voluptates velit animi et amet molestiae consequatur. Iste est molestias natus.',1,1,'1984-02-05 19:33:03'),(151,24,94,'Accusantium nisi officia et. Aliquam fugiat vel ea ad qui ad. Cumque non voluptas ipsam neque id quibusdam sequi.',0,1,'1996-08-25 05:38:42'),(152,63,62,'Quisquam ut assumenda dolorem praesentium. Sit aspernatur quia voluptatem maiores ipsum consequatur dolore. Sed deserunt necessitatibus placeat accusantium omnis eum perferendis.',0,0,'2019-02-08 20:03:06'),(153,19,88,'Vero animi et rem autem. Qui autem molestias porro quod. Dolore voluptas laboriosam accusantium. Quis voluptas tempora laboriosam nostrum qui. Provident consectetur officiis voluptatum quod voluptatem quos fugiat molestiae.',1,1,'2004-09-13 20:18:50'),(154,30,96,'Nostrum mollitia maxime dolorem assumenda. Qui labore veniam placeat nostrum. Provident consectetur temporibus est quod ea repellat.',1,1,'2014-03-18 21:14:16'),(155,83,22,'Consequatur fugiat enim quibusdam aliquid quia eos. Quaerat exercitationem natus non et. Non consectetur earum reiciendis incidunt.',1,1,'1984-03-02 12:17:32'),(156,60,91,'Incidunt culpa aliquam ipsum maiores aut asperiores asperiores. Architecto placeat consequatur aut doloribus. Consequatur et expedita ad ut. Iusto possimus quo in facilis hic unde molestias sed.',1,1,'2018-02-28 06:05:33'),(157,39,10,'Repellat et ipsum dolore alias provident dicta. Velit voluptatem maiores repellendus. Similique itaque quibusdam architecto est in iure. Ut et debitis dolores corporis. Quia quia ea nesciunt id voluptates ipsum nam.',1,1,'2003-02-25 09:13:20'),(158,72,27,'Nisi impedit vel quisquam aut qui explicabo qui. Quod earum ad tempore officia esse. Rerum consequatur omnis et voluptatibus officiis. Sequi non ullam eveniet sed.',0,0,'2013-07-30 22:01:25'),(159,8,91,'Et quae voluptatum nihil. Ea ab veritatis sed fuga molestias et alias quas. Numquam sed architecto debitis ut perspiciatis molestiae qui facere. Eius provident nihil inventore distinctio repellendus nemo esse adipisci.',0,1,'2011-11-13 14:10:46'),(160,94,61,'Dignissimos quidem veniam id laudantium quo labore officia. Nisi voluptatem non velit laborum.',0,1,'1996-08-25 05:38:42'),(161,61,35,'Ratione mollitia dolor id consequatur quia labore assumenda saepe. Culpa mollitia voluptatem ad doloremque fugit. Dolores autem et rerum excepturi rerum rerum inventore.',1,0,'1972-09-26 01:07:51'),(162,76,34,'Distinctio quasi pariatur sapiente excepturi voluptatibus cupiditate alias. Et deserunt labore est placeat voluptatem dolores ut. Pariatur fugit quisquam hic quia molestiae saepe.',0,1,'2009-08-21 06:01:28'),(163,38,58,'Reprehenderit et quae harum aut. Cum iste dolores aspernatur qui maiores. Autem et expedita id corrupti. Fugiat porro explicabo possimus omnis ratione laudantium rerum quia. Explicabo vel et tenetur vel tempora hic saepe delectus.',1,0,'2009-05-29 01:24:15'),(164,87,23,'Qui quisquam iste nostrum ullam quod corrupti laboriosam. Nisi deleniti est est ut sit.',1,0,'2011-02-06 18:17:54'),(165,7,17,'Pariatur totam odio illo qui rem hic dolor. Perspiciatis dolor eius exercitationem numquam quas quis. Placeat eum placeat amet repudiandae architecto eum eum.',1,0,'2012-05-11 12:07:31'),(166,33,16,'Ducimus rerum repellendus omnis corporis amet aut tempora. Eaque et minima iusto et ut soluta cumque. Itaque aut eum tempore vel iste assumenda fugiat odio. Iure error illo veniam assumenda. Rerum dolores ut vel ad voluptatem sint qui.',0,1,'1989-11-25 13:47:01'),(167,68,64,'Expedita dolorem officia et sint ducimus. Consectetur cupiditate quos architecto vitae. Quae quam rem numquam et et. Quae quis sunt nemo blanditiis.',1,1,'2015-07-27 02:59:57'),(168,73,38,'Eligendi beatae ducimus et qui sunt ullam id velit. Impedit aut doloremque debitis saepe blanditiis perferendis. Maiores consequuntur eum quis ab voluptatum.',0,0,'2006-11-23 08:54:44'),(169,21,84,'Magni molestiae voluptatibus eveniet blanditiis et. Quis deleniti et aut aut atque.',0,1,'2018-08-18 08:17:27'),(170,70,15,'Quisquam necessitatibus quia et nostrum omnis. Sequi culpa beatae nam tempore placeat ipsa deleniti.',0,0,'2019-08-12 07:25:59'),(171,2,76,'Cupiditate placeat temporibus maxime aliquid molestiae placeat. At autem sit atque fuga. Voluptas enim molestias aspernatur quos.',1,0,'2006-04-19 19:57:29'),(172,35,19,'Id rerum qui consequuntur modi est eum. Nihil nostrum quaerat incidunt sunt. Est nisi et soluta omnis.',1,1,'2000-03-07 10:50:45'),(173,87,22,'Magni numquam sunt nisi delectus. Impedit dolorem consequatur qui voluptatum facere beatae ipsa quam. Consectetur tempora praesentium aspernatur esse. Labore voluptatem velit qui. Id ut earum quas eveniet.',1,1,'2019-03-27 17:56:28'),(174,48,38,'Deleniti sit cumque impedit voluptatem et sit vero. Quae harum sit omnis quia tempora fugiat delectus qui. Dolorem neque laudantium harum nulla vero porro veritatis voluptatum.',0,0,'1989-07-23 16:54:00'),(175,65,64,'Nemo sed quaerat officiis eaque esse vitae. Fugiat quia minus vero est nam sed. Earum ipsa unde enim.',1,0,'2005-01-07 03:29:15'),(176,57,45,'Aspernatur facere nostrum est odit veritatis. Quod sint natus illum atque occaecati soluta. Et unde et autem iusto. Voluptas voluptatum ut neque autem similique consequatur.',0,0,'1992-07-24 19:41:31'),(177,81,15,'Voluptatem ex reiciendis porro. Aliquid occaecati et dignissimos. Non eaque omnis doloremque porro dolorem ipsa tenetur ut.',0,1,'1998-05-29 19:07:33'),(178,29,13,'Doloribus voluptatum iusto pariatur amet. Saepe ullam quia eaque est necessitatibus. Quisquam aut culpa ut. Consequuntur odit perferendis doloremque sint soluta.',0,0,'1986-04-28 06:47:17'),(179,35,25,'Rerum quis omnis in unde voluptate quisquam est. Et maxime odit nostrum laborum et. Aut est occaecati non velit rem adipisci consectetur.',1,0,'1988-03-02 18:26:37'),(180,87,70,'Veritatis exercitationem ex veniam. Eum eum magni quam omnis. Quae eos ea beatae sit.',1,1,'1984-05-10 11:46:52'),(181,42,1,'Asperiores debitis eos repellat vero cumque ut consequuntur. Illo nesciunt ut accusamus molestiae et voluptatum. Commodi vitae est omnis ipsam qui alias est ex.',0,0,'2019-12-16 19:55:39'),(182,48,5,'Aut rerum blanditiis aut unde ea quia molestiae. Repellat quo ut mollitia occaecati. Et dignissimos et corporis odit et sed. Modi dolorem voluptatem et hic enim at iusto rerum.',0,1,'2005-09-15 12:55:18'),(183,12,21,'Asperiores nam hic mollitia. Consectetur sapiente at quaerat magnam et aut ducimus. Officiis numquam natus et et quia assumenda. Et natus voluptatum impedit quasi totam et.',0,1,'1992-10-10 09:20:57'),(184,87,37,'Dolorem dolor voluptas sit veritatis quo. Alias quis iste laudantium quo nam.',1,0,'2019-09-30 01:41:42'),(185,45,41,'Rerum fugiat suscipit consequatur reiciendis laudantium ipsam deserunt perferendis. Itaque numquam aut ad eum soluta maiores ducimus. Culpa laboriosam nostrum et. Et minus rerum fuga quia fuga ut repellendus.',1,1,'2001-05-18 09:22:20'),(186,40,93,'Consequuntur eum quasi reiciendis quas occaecati. Maiores ullam quidem mollitia assumenda. Sunt ex quas ut nostrum repellat ut. Sint pariatur quaerat nulla blanditiis quis quaerat deserunt.',0,1,'1990-01-14 09:35:29'),(187,66,99,'Numquam suscipit nulla adipisci unde ea ut reiciendis. Mollitia non iure eligendi ex. Molestiae facilis sit architecto. Impedit id molestiae et ad.',0,1,'2000-06-30 14:08:05'),(188,17,95,'Molestiae quae vel tempora aut assumenda. Aut repellat atque ipsum. Quod sequi totam rem quasi placeat sunt. Ea iste expedita vel ratione voluptatum.',1,0,'1974-03-08 03:39:13'),(189,21,45,'Rem natus consequuntur cum non soluta autem. Alias et ad qui explicabo sint quis. Facilis quam veniam neque optio sed doloremque atque quia.',0,1,'1975-06-20 07:17:44'),(190,5,30,'Inventore et magnam totam veritatis cum enim. Aut corporis eligendi laboriosam qui quia qui quisquam. Est mollitia enim a aut reprehenderit maxime vel. Exercitationem quam velit perferendis fuga rerum.',0,1,'2005-05-29 21:07:10'),(191,67,66,'Itaque optio et voluptatem doloremque commodi quod. Optio qui quaerat eos et. Accusamus sit in quasi tempora dolor sequi eum.',1,0,'2007-09-28 17:11:31'),(192,6,82,'Neque quasi mollitia qui dolore. Earum iure est minima voluptatem laudantium. Facilis doloremque possimus natus suscipit praesentium quo.',0,0,'1996-11-19 11:22:40'),(193,49,84,'Architecto ut aut voluptas qui. Adipisci delectus sit eveniet sit exercitationem necessitatibus velit. Quisquam libero est nihil iusto iusto qui molestiae ut. Eveniet expedita adipisci numquam veritatis nostrum.',0,0,'2018-08-18 08:17:27'),(194,67,63,'Omnis doloremque deleniti quo quasi. Corporis quod dolores facere quo rem error cum. Culpa non odit voluptates dolor minus vel voluptas consequatur. Laudantium ut tempora cumque nostrum magni quis et.',1,1,'2007-09-28 17:11:31'),(195,20,74,'Ut pariatur sint libero et omnis et. Et minus id provident vero labore ut optio dolor. Veritatis ab recusandae et quo harum qui blanditiis tempora.',1,0,'2001-06-13 15:51:38'),(196,79,74,'Distinctio voluptas voluptate quod sint explicabo voluptatum quo qui. Maiores voluptatem repellendus voluptatem iste velit numquam. Voluptatem placeat neque unde fugiat ratione error.',1,1,'1991-09-04 09:58:44'),(197,47,6,'Quam et officia officia ut. Officiis sunt sint dolores ea repellat. Quam aut rerum ut repudiandae.',1,1,'1996-11-19 11:22:40'),(198,69,31,'Dolor quibusdam sapiente commodi quia ut. Incidunt quasi adipisci dolorem qui ratione voluptatem. Numquam quibusdam beatae repellendus.',0,0,'1992-01-14 01:38:18'),(199,5,52,'Aspernatur nihil est qui qui. Nobis voluptatum expedita voluptates pariatur modi. Sunt est rerum totam libero omnis sit.',1,0,'1999-01-21 16:42:29'),(200,5,57,'Earum ratione et aut harum et saepe. Esse incidunt ut ut nobis qui aspernatur fugit. Omnis enim quisquam quod exercitationem.',0,0,'1970-07-21 18:07:20');
/*!40000 ALTER TABLE `messages` ENABLE KEYS */;
UNLOCK TABLES;

--
-- Table structure for table `posts`
--

DROP TABLE IF EXISTS `posts`;
/*!40101 SET @saved_cs_client     = @@character_set_client */;
/*!50503 SET character_set_client = utf8mb4 */;
CREATE TABLE `posts` (
  `id` int unsigned NOT NULL AUTO_INCREMENT COMMENT 'Идентификатор поста',
  `user_id` int unsigned NOT NULL COMMENT 'Идентификатор пользователя, создавшего пост',
  `from_user_id` int unsigned DEFAULT NULL COMMENT 'Идентификатор пользователя при репосте',
  `header` varchar(255) DEFAULT NULL COMMENT 'Заголовок поста',
  `body` text NOT NULL COMMENT 'Текст поста',
  `is_only_top` tinyint(1) DEFAULT '0' COMMENT 'Признак фиксации наверху ленты',
  `is_public` tinyint(1) DEFAULT '1' COMMENT 'Признак публикации',
  `is_archived` tinyint(1) DEFAULT '0' COMMENT 'Признак архивации',
  `created_at` datetime DEFAULT CURRENT_TIMESTAMP COMMENT 'Время создания поста',
  `updated_at` datetime DEFAULT CURRENT_TIMESTAMP ON UPDATE CURRENT_TIMESTAMP COMMENT 'Время обновления поста',
  PRIMARY KEY (`id`),
  KEY `posts_user_id_fk` (`user_id`),
  KEY `posts_from_user_id_fk` (`from_user_id`),
  CONSTRAINT `posts_from_user_id_fk` FOREIGN KEY (`from_user_id`) REFERENCES `users` (`id`) ON DELETE CASCADE ON UPDATE CASCADE,
  CONSTRAINT `posts_user_id_fk` FOREIGN KEY (`user_id`) REFERENCES `users` (`id`) ON DELETE CASCADE ON UPDATE CASCADE
) ENGINE=InnoDB AUTO_INCREMENT=201 DEFAULT CHARSET=utf8mb4 COLLATE=utf8mb4_0900_ai_ci COMMENT='Таблица постов';
/*!40101 SET character_set_client = @saved_cs_client */;

--
-- Dumping data for table `posts`
--

LOCK TABLES `posts` WRITE;
/*!40000 ALTER TABLE `posts` DISABLE KEYS */;
INSERT INTO `posts` VALUES (1,86,NULL,'Заголовок поста','Тело поста со случайным текстом',0,1,0,'2020-11-26 06:22:35','2020-11-26 06:22:35'),(2,59,NULL,'Заголовок поста','Тело поста со случайным текстом',0,1,0,'2020-11-26 06:22:35','2020-11-26 06:22:35'),(3,94,NULL,'Заголовок поста','Тело поста со случайным текстом',0,1,0,'2020-11-26 06:22:35','2020-11-26 06:22:35'),(4,23,NULL,'Заголовок поста','Тело поста со случайным текстом',0,1,0,'2020-11-26 06:22:35','2020-11-26 06:22:35'),(5,55,NULL,'Заголовок поста','Тело поста со случайным текстом',0,1,0,'2020-11-26 06:22:35','2020-11-26 06:22:35'),(6,7,NULL,'Заголовок поста','Тело поста со случайным текстом',0,1,0,'2020-11-26 06:22:35','2020-11-26 06:22:35'),(7,17,NULL,'Заголовок поста','Тело поста со случайным текстом',0,1,0,'2020-11-26 06:22:35','2020-11-26 06:22:35'),(8,62,NULL,'Заголовок поста','Тело поста со случайным текстом',0,1,0,'2020-11-26 06:22:35','2020-11-26 06:22:35'),(9,32,NULL,'Заголовок поста','Тело поста со случайным текстом',0,1,0,'2020-11-26 06:22:35','2020-11-26 06:22:35'),(10,65,NULL,'Заголовок поста','Тело поста со случайным текстом',0,1,0,'2020-11-26 06:22:35','2020-11-26 06:22:35'),(11,42,NULL,'Заголовок поста','Тело поста со случайным текстом',0,1,0,'2020-11-26 06:22:35','2020-11-26 06:22:35'),(12,22,NULL,'Заголовок поста','Тело поста со случайным текстом',0,1,0,'2020-11-26 06:22:35','2020-11-26 06:22:35'),(13,19,NULL,'Заголовок поста','Тело поста со случайным текстом',0,1,0,'2020-11-26 06:22:35','2020-11-26 06:22:35'),(14,43,NULL,'Заголовок поста','Тело поста со случайным текстом',0,1,0,'2020-11-26 06:22:35','2020-11-26 06:22:35'),(15,74,NULL,'Заголовок поста','Тело поста со случайным текстом',0,1,0,'2020-11-26 06:22:35','2020-11-26 06:22:35'),(16,90,NULL,'Заголовок поста','Тело поста со случайным текстом',0,1,0,'2020-11-26 06:22:35','2020-11-26 06:22:35'),(17,55,NULL,'Заголовок поста','Тело поста со случайным текстом',0,1,0,'2020-11-26 06:22:35','2020-11-26 06:22:35'),(18,49,NULL,'Заголовок поста','Тело поста со случайным текстом',0,1,0,'2020-11-26 06:22:35','2020-11-26 06:22:35'),(19,98,NULL,'Заголовок поста','Тело поста со случайным текстом',0,1,0,'2020-11-26 06:22:35','2020-11-26 06:22:35'),(20,17,NULL,'Заголовок поста','Тело поста со случайным текстом',0,1,0,'2020-11-26 06:22:35','2020-11-26 06:22:35'),(21,76,NULL,'Заголовок поста','Тело поста со случайным текстом',0,1,0,'2020-11-26 06:22:35','2020-11-26 06:22:35'),(22,77,NULL,'Заголовок поста','Тело поста со случайным текстом',0,1,0,'2020-11-26 06:22:35','2020-11-26 06:22:35'),(23,67,NULL,'Заголовок поста','Тело поста со случайным текстом',0,1,0,'2020-11-26 06:22:35','2020-11-26 06:22:35'),(24,65,NULL,'Заголовок поста','Тело поста со случайным текстом',0,1,0,'2020-11-26 06:22:35','2020-11-26 06:22:35'),(25,57,NULL,'Заголовок поста','Тело поста со случайным текстом',0,1,0,'2020-11-26 06:22:35','2020-11-26 06:22:35'),(26,61,NULL,'Заголовок поста','Тело поста со случайным текстом',0,1,0,'2020-11-26 06:22:35','2020-11-26 06:22:35'),(27,33,NULL,'Заголовок поста','Тело поста со случайным текстом',0,1,0,'2020-11-26 06:22:35','2020-11-26 06:22:35'),(28,20,NULL,'Заголовок поста','Тело поста со случайным текстом',0,1,0,'2020-11-26 06:22:35','2020-11-26 06:22:35'),(29,27,NULL,'Заголовок поста','Тело поста со случайным текстом',0,1,0,'2020-11-26 06:22:35','2020-11-26 06:22:35'),(30,79,NULL,'Заголовок поста','Тело поста со случайным текстом',0,1,0,'2020-11-26 06:22:35','2020-11-26 06:22:35'),(31,12,NULL,'Заголовок поста','Тело поста со случайным текстом',0,1,0,'2020-11-26 06:22:35','2020-11-26 06:22:35'),(32,72,NULL,'Заголовок поста','Тело поста со случайным текстом',0,1,0,'2020-11-26 06:22:35','2020-11-26 06:22:35'),(33,56,NULL,'Заголовок поста','Тело поста со случайным текстом',0,1,0,'2020-11-26 06:22:35','2020-11-26 06:22:35'),(34,32,NULL,'Заголовок поста','Тело поста со случайным текстом',0,1,0,'2020-11-26 06:22:35','2020-11-26 06:22:35'),(35,43,NULL,'Заголовок поста','Тело поста со случайным текстом',0,1,0,'2020-11-26 06:22:35','2020-11-26 06:22:35'),(36,19,NULL,'Заголовок поста','Тело поста со случайным текстом',0,1,0,'2020-11-26 06:22:35','2020-11-26 06:22:35'),(37,78,NULL,'Заголовок поста','Тело поста со случайным текстом',0,1,0,'2020-11-26 06:22:35','2020-11-26 06:22:35'),(38,77,NULL,'Заголовок поста','Тело поста со случайным текстом',0,1,0,'2020-11-26 06:22:35','2020-11-26 06:22:35'),(39,67,NULL,'Заголовок поста','Тело поста со случайным текстом',0,1,0,'2020-11-26 06:22:35','2020-11-26 06:22:35'),(40,73,NULL,'Заголовок поста','Тело поста со случайным текстом',0,1,0,'2020-11-26 06:22:35','2020-11-26 06:22:35'),(41,4,NULL,'Заголовок поста','Тело поста со случайным текстом',0,1,0,'2020-11-26 06:22:35','2020-11-26 06:22:35'),(42,82,NULL,'Заголовок поста','Тело поста со случайным текстом',0,1,0,'2020-11-26 06:22:35','2020-11-26 06:22:35'),(43,3,NULL,'Заголовок поста','Тело поста со случайным текстом',0,1,0,'2020-11-26 06:22:35','2020-11-26 06:22:35'),(44,27,NULL,'Заголовок поста','Тело поста со случайным текстом',0,1,0,'2020-11-26 06:22:35','2020-11-26 06:22:35'),(45,47,NULL,'Заголовок поста','Тело поста со случайным текстом',0,1,0,'2020-11-26 06:22:35','2020-11-26 06:22:35'),(46,72,NULL,'Заголовок поста','Тело поста со случайным текстом',0,1,0,'2020-11-26 06:22:35','2020-11-26 06:22:35'),(47,88,NULL,'Заголовок поста','Тело поста со случайным текстом',0,1,0,'2020-11-26 06:22:35','2020-11-26 06:22:35'),(48,97,NULL,'Заголовок поста','Тело поста со случайным текстом',0,1,0,'2020-11-26 06:22:35','2020-11-26 06:22:35'),(49,42,NULL,'Заголовок поста','Тело поста со случайным текстом',0,1,0,'2020-11-26 06:22:35','2020-11-26 06:22:35'),(50,79,NULL,'Заголовок поста','Тело поста со случайным текстом',0,1,0,'2020-11-26 06:22:35','2020-11-26 06:22:35'),(51,96,NULL,'Заголовок поста','Тело поста со случайным текстом',0,1,0,'2020-11-26 06:22:35','2020-11-26 06:22:35'),(52,31,NULL,'Заголовок поста','Тело поста со случайным текстом',0,1,0,'2020-11-26 06:22:35','2020-11-26 06:22:35'),(53,91,NULL,'Заголовок поста','Тело поста со случайным текстом',0,1,0,'2020-11-26 06:22:35','2020-11-26 06:22:35'),(54,22,NULL,'Заголовок поста','Тело поста со случайным текстом',0,1,0,'2020-11-26 06:22:35','2020-11-26 06:22:35'),(55,91,NULL,'Заголовок поста','Тело поста со случайным текстом',0,1,0,'2020-11-26 06:22:35','2020-11-26 06:22:35'),(56,4,NULL,'Заголовок поста','Тело поста со случайным текстом',0,1,0,'2020-11-26 06:22:35','2020-11-26 06:22:35'),(57,64,NULL,'Заголовок поста','Тело поста со случайным текстом',0,1,0,'2020-11-26 06:22:35','2020-11-26 06:22:35'),(58,70,NULL,'Заголовок поста','Тело поста со случайным текстом',0,1,0,'2020-11-26 06:22:35','2020-11-26 06:22:35'),(59,43,NULL,'Заголовок поста','Тело поста со случайным текстом',0,1,0,'2020-11-26 06:22:35','2020-11-26 06:22:35'),(60,23,NULL,'Заголовок поста','Тело поста со случайным текстом',0,1,0,'2020-11-26 06:22:35','2020-11-26 06:22:35'),(61,67,NULL,'Заголовок поста','Тело поста со случайным текстом',0,1,0,'2020-11-26 06:22:35','2020-11-26 06:22:35'),(62,78,NULL,'Заголовок поста','Тело поста со случайным текстом',0,1,0,'2020-11-26 06:22:35','2020-11-26 06:22:35'),(63,42,NULL,'Заголовок поста','Тело поста со случайным текстом',0,1,0,'2020-11-26 06:22:35','2020-11-26 06:22:35'),(64,21,NULL,'Заголовок поста','Тело поста со случайным текстом',0,1,0,'2020-11-26 06:22:35','2020-11-26 06:22:35'),(65,37,NULL,'Заголовок поста','Тело поста со случайным текстом',0,1,0,'2020-11-26 06:22:35','2020-11-26 06:22:35'),(66,97,NULL,'Заголовок поста','Тело поста со случайным текстом',0,1,0,'2020-11-26 06:22:35','2020-11-26 06:22:35'),(67,50,NULL,'Заголовок поста','Тело поста со случайным текстом',0,1,0,'2020-11-26 06:22:35','2020-11-26 06:22:35'),(68,14,NULL,'Заголовок поста','Тело поста со случайным текстом',0,1,0,'2020-11-26 06:22:35','2020-11-26 06:22:35'),(69,29,NULL,'Заголовок поста','Тело поста со случайным текстом',0,1,0,'2020-11-26 06:22:35','2020-11-26 06:22:35'),(70,16,NULL,'Заголовок поста','Тело поста со случайным текстом',0,1,0,'2020-11-26 06:22:35','2020-11-26 06:22:35'),(71,43,NULL,'Заголовок поста','Тело поста со случайным текстом',0,1,0,'2020-11-26 06:22:35','2020-11-26 06:22:35'),(72,76,NULL,'Заголовок поста','Тело поста со случайным текстом',0,1,0,'2020-11-26 06:22:35','2020-11-26 06:22:35'),(73,54,NULL,'Заголовок поста','Тело поста со случайным текстом',0,1,0,'2020-11-26 06:22:35','2020-11-26 06:22:35'),(74,29,NULL,'Заголовок поста','Тело поста со случайным текстом',0,1,0,'2020-11-26 06:22:35','2020-11-26 06:22:35'),(75,30,NULL,'Заголовок поста','Тело поста со случайным текстом',0,1,0,'2020-11-26 06:22:35','2020-11-26 06:22:35'),(76,60,NULL,'Заголовок поста','Тело поста со случайным текстом',0,1,0,'2020-11-26 06:22:35','2020-11-26 06:22:35'),(77,90,NULL,'Заголовок поста','Тело поста со случайным текстом',0,1,0,'2020-11-26 06:22:35','2020-11-26 06:22:35'),(78,74,NULL,'Заголовок поста','Тело поста со случайным текстом',0,1,0,'2020-11-26 06:22:35','2020-11-26 06:22:35'),(79,60,NULL,'Заголовок поста','Тело поста со случайным текстом',0,1,0,'2020-11-26 06:22:35','2020-11-26 06:22:35'),(80,26,NULL,'Заголовок поста','Тело поста со случайным текстом',0,1,0,'2020-11-26 06:22:35','2020-11-26 06:22:35'),(81,45,NULL,'Заголовок поста','Тело поста со случайным текстом',0,1,0,'2020-11-26 06:22:35','2020-11-26 06:22:35'),(82,71,NULL,'Заголовок поста','Тело поста со случайным текстом',0,1,0,'2020-11-26 06:22:35','2020-11-26 06:22:35'),(83,23,NULL,'Заголовок поста','Тело поста со случайным текстом',0,1,0,'2020-11-26 06:22:35','2020-11-26 06:22:35'),(84,26,NULL,'Заголовок поста','Тело поста со случайным текстом',0,1,0,'2020-11-26 06:22:35','2020-11-26 06:22:35'),(85,5,NULL,'Заголовок поста','Тело поста со случайным текстом',0,1,0,'2020-11-26 06:22:35','2020-11-26 06:22:35'),(86,40,NULL,'Заголовок поста','Тело поста со случайным текстом',0,1,0,'2020-11-26 06:22:35','2020-11-26 06:22:35'),(87,40,NULL,'Заголовок поста','Тело поста со случайным текстом',0,1,0,'2020-11-26 06:22:35','2020-11-26 06:22:35'),(88,2,NULL,'Заголовок поста','Тело поста со случайным текстом',0,1,0,'2020-11-26 06:22:35','2020-11-26 06:22:35'),(89,38,NULL,'Заголовок поста','Тело поста со случайным текстом',0,1,0,'2020-11-26 06:22:35','2020-11-26 06:22:35'),(90,18,NULL,'Заголовок поста','Тело поста со случайным текстом',0,1,0,'2020-11-26 06:22:35','2020-11-26 06:22:35'),(91,13,NULL,'Заголовок поста','Тело поста со случайным текстом',0,1,0,'2020-11-26 06:22:35','2020-11-26 06:22:35'),(92,53,NULL,'Заголовок поста','Тело поста со случайным текстом',0,1,0,'2020-11-26 06:22:35','2020-11-26 06:22:35'),(93,20,NULL,'Заголовок поста','Тело поста со случайным текстом',0,1,0,'2020-11-26 06:22:35','2020-11-26 06:22:35'),(94,83,NULL,'Заголовок поста','Тело поста со случайным текстом',0,1,0,'2020-11-26 06:22:35','2020-11-26 06:22:35'),(95,88,NULL,'Заголовок поста','Тело поста со случайным текстом',0,1,0,'2020-11-26 06:22:35','2020-11-26 06:22:35'),(96,12,NULL,'Заголовок поста','Тело поста со случайным текстом',0,1,0,'2020-11-26 06:22:35','2020-11-26 06:22:35'),(97,8,NULL,'Заголовок поста','Тело поста со случайным текстом',0,1,0,'2020-11-26 06:22:35','2020-11-26 06:22:35'),(98,36,NULL,'Заголовок поста','Тело поста со случайным текстом',0,1,0,'2020-11-26 06:22:35','2020-11-26 06:22:35'),(99,22,NULL,'Заголовок поста','Тело поста со случайным текстом',0,1,0,'2020-11-26 06:22:35','2020-11-26 06:22:35'),(100,41,NULL,'Заголовок поста','Тело поста со случайным текстом',0,1,0,'2020-11-26 06:22:35','2020-11-26 06:22:35'),(101,90,NULL,'Заголовок поста','Тело поста со случайным текстом',0,1,0,'2020-11-26 06:22:35','2020-11-26 06:22:35'),(102,46,NULL,'Заголовок поста','Тело поста со случайным текстом',0,1,0,'2020-11-26 06:22:35','2020-11-26 06:22:35'),(103,81,NULL,'Заголовок поста','Тело поста со случайным текстом',0,1,0,'2020-11-26 06:22:35','2020-11-26 06:22:35'),(104,48,NULL,'Заголовок поста','Тело поста со случайным текстом',0,1,0,'2020-11-26 06:22:35','2020-11-26 06:22:35'),(105,5,NULL,'Заголовок поста','Тело поста со случайным текстом',0,1,0,'2020-11-26 06:22:35','2020-11-26 06:22:35'),(106,70,NULL,'Заголовок поста','Тело поста со случайным текстом',0,1,0,'2020-11-26 06:22:35','2020-11-26 06:22:35'),(107,55,NULL,'Заголовок поста','Тело поста со случайным текстом',0,1,0,'2020-11-26 06:22:35','2020-11-26 06:22:35'),(108,46,NULL,'Заголовок поста','Тело поста со случайным текстом',0,1,0,'2020-11-26 06:22:35','2020-11-26 06:22:35'),(109,55,NULL,'Заголовок поста','Тело поста со случайным текстом',0,1,0,'2020-11-26 06:22:35','2020-11-26 06:22:35'),(110,28,NULL,'Заголовок поста','Тело поста со случайным текстом',0,1,0,'2020-11-26 06:22:35','2020-11-26 06:22:35'),(111,74,NULL,'Заголовок поста','Тело поста со случайным текстом',0,1,0,'2020-11-26 06:22:35','2020-11-26 06:22:35'),(112,87,NULL,'Заголовок поста','Тело поста со случайным текстом',0,1,0,'2020-11-26 06:22:35','2020-11-26 06:22:35'),(113,17,NULL,'Заголовок поста','Тело поста со случайным текстом',0,1,0,'2020-11-26 06:22:35','2020-11-26 06:22:35'),(114,22,NULL,'Заголовок поста','Тело поста со случайным текстом',0,1,0,'2020-11-26 06:22:35','2020-11-26 06:22:35'),(115,52,NULL,'Заголовок поста','Тело поста со случайным текстом',0,1,0,'2020-11-26 06:22:35','2020-11-26 06:22:35'),(116,40,NULL,'Заголовок поста','Тело поста со случайным текстом',0,1,0,'2020-11-26 06:22:35','2020-11-26 06:22:35'),(117,11,NULL,'Заголовок поста','Тело поста со случайным текстом',0,1,0,'2020-11-26 06:22:35','2020-11-26 06:22:35'),(118,42,NULL,'Заголовок поста','Тело поста со случайным текстом',0,1,0,'2020-11-26 06:22:35','2020-11-26 06:22:35'),(119,9,NULL,'Заголовок поста','Тело поста со случайным текстом',0,1,0,'2020-11-26 06:22:35','2020-11-26 06:22:35'),(120,14,NULL,'Заголовок поста','Тело поста со случайным текстом',0,1,0,'2020-11-26 06:22:35','2020-11-26 06:22:35'),(121,81,NULL,'Заголовок поста','Тело поста со случайным текстом',0,1,0,'2020-11-26 06:22:35','2020-11-26 06:22:35'),(122,8,NULL,'Заголовок поста','Тело поста со случайным текстом',0,1,0,'2020-11-26 06:22:35','2020-11-26 06:22:35'),(123,82,NULL,'Заголовок поста','Тело поста со случайным текстом',0,1,0,'2020-11-26 06:22:35','2020-11-26 06:22:35'),(124,63,NULL,'Заголовок поста','Тело поста со случайным текстом',0,1,0,'2020-11-26 06:22:35','2020-11-26 06:22:35'),(125,87,NULL,'Заголовок поста','Тело поста со случайным текстом',0,1,0,'2020-11-26 06:22:35','2020-11-26 06:22:35'),(126,45,NULL,'Заголовок поста','Тело поста со случайным текстом',0,1,0,'2020-11-26 06:22:35','2020-11-26 06:22:35'),(127,28,NULL,'Заголовок поста','Тело поста со случайным текстом',0,1,0,'2020-11-26 06:22:35','2020-11-26 06:22:35'),(128,68,NULL,'Заголовок поста','Тело поста со случайным текстом',0,1,0,'2020-11-26 06:22:35','2020-11-26 06:22:35'),(129,10,NULL,'Заголовок поста','Тело поста со случайным текстом',0,1,0,'2020-11-26 06:22:35','2020-11-26 06:22:35'),(130,46,NULL,'Заголовок поста','Тело поста со случайным текстом',0,1,0,'2020-11-26 06:22:35','2020-11-26 06:22:35'),(131,58,NULL,'Заголовок поста','Тело поста со случайным текстом',0,1,0,'2020-11-26 06:22:35','2020-11-26 06:22:35'),(132,30,NULL,'Заголовок поста','Тело поста со случайным текстом',0,1,0,'2020-11-26 06:22:35','2020-11-26 06:22:35'),(133,72,NULL,'Заголовок поста','Тело поста со случайным текстом',0,1,0,'2020-11-26 06:22:35','2020-11-26 06:22:35'),(134,88,NULL,'Заголовок поста','Тело поста со случайным текстом',0,1,0,'2020-11-26 06:22:35','2020-11-26 06:22:35'),(135,98,NULL,'Заголовок поста','Тело поста со случайным текстом',0,1,0,'2020-11-26 06:22:35','2020-11-26 06:22:35'),(136,38,NULL,'Заголовок поста','Тело поста со случайным текстом',0,1,0,'2020-11-26 06:22:35','2020-11-26 06:22:35'),(137,41,NULL,'Заголовок поста','Тело поста со случайным текстом',0,1,0,'2020-11-26 06:22:35','2020-11-26 06:22:35'),(138,60,NULL,'Заголовок поста','Тело поста со случайным текстом',0,1,0,'2020-11-26 06:22:35','2020-11-26 06:22:35'),(139,63,NULL,'Заголовок поста','Тело поста со случайным текстом',0,1,0,'2020-11-26 06:22:35','2020-11-26 06:22:35'),(140,79,NULL,'Заголовок поста','Тело поста со случайным текстом',0,1,0,'2020-11-26 06:22:35','2020-11-26 06:22:35'),(141,30,NULL,'Заголовок поста','Тело поста со случайным текстом',0,1,0,'2020-11-26 06:22:35','2020-11-26 06:22:35'),(142,69,NULL,'Заголовок поста','Тело поста со случайным текстом',0,1,0,'2020-11-26 06:22:35','2020-11-26 06:22:35'),(143,78,NULL,'Заголовок поста','Тело поста со случайным текстом',0,1,0,'2020-11-26 06:22:35','2020-11-26 06:22:35'),(144,96,NULL,'Заголовок поста','Тело поста со случайным текстом',0,1,0,'2020-11-26 06:22:35','2020-11-26 06:22:35'),(145,54,NULL,'Заголовок поста','Тело поста со случайным текстом',0,1,0,'2020-11-26 06:22:35','2020-11-26 06:22:35'),(146,15,NULL,'Заголовок поста','Тело поста со случайным текстом',0,1,0,'2020-11-26 06:22:35','2020-11-26 06:22:35'),(147,57,NULL,'Заголовок поста','Тело поста со случайным текстом',0,1,0,'2020-11-26 06:22:35','2020-11-26 06:22:35'),(148,77,NULL,'Заголовок поста','Тело поста со случайным текстом',0,1,0,'2020-11-26 06:22:35','2020-11-26 06:22:35'),(149,89,NULL,'Заголовок поста','Тело поста со случайным текстом',0,1,0,'2020-11-26 06:22:35','2020-11-26 06:22:35'),(150,31,NULL,'Заголовок поста','Тело поста со случайным текстом',0,1,0,'2020-11-26 06:22:35','2020-11-26 06:22:35'),(151,35,NULL,'Заголовок поста','Тело поста со случайным текстом',0,1,0,'2020-11-26 06:22:35','2020-11-26 06:22:35'),(152,10,NULL,'Заголовок поста','Тело поста со случайным текстом',0,1,0,'2020-11-26 06:22:35','2020-11-26 06:22:35'),(153,2,NULL,'Заголовок поста','Тело поста со случайным текстом',0,1,0,'2020-11-26 06:22:35','2020-11-26 06:22:35'),(154,26,NULL,'Заголовок поста','Тело поста со случайным текстом',0,1,0,'2020-11-26 06:22:35','2020-11-26 06:22:35'),(155,74,NULL,'Заголовок поста','Тело поста со случайным текстом',0,1,0,'2020-11-26 06:22:35','2020-11-26 06:22:35'),(156,85,NULL,'Заголовок поста','Тело поста со случайным текстом',0,1,0,'2020-11-26 06:22:35','2020-11-26 06:22:35'),(157,53,NULL,'Заголовок поста','Тело поста со случайным текстом',0,1,0,'2020-11-26 06:22:35','2020-11-26 06:22:35'),(158,93,NULL,'Заголовок поста','Тело поста со случайным текстом',0,1,0,'2020-11-26 06:22:35','2020-11-26 06:22:35'),(159,52,NULL,'Заголовок поста','Тело поста со случайным текстом',0,1,0,'2020-11-26 06:22:35','2020-11-26 06:22:35'),(160,24,NULL,'Заголовок поста','Тело поста со случайным текстом',0,1,0,'2020-11-26 06:22:35','2020-11-26 06:22:35'),(161,25,NULL,'Заголовок поста','Тело поста со случайным текстом',0,1,0,'2020-11-26 06:22:35','2020-11-26 06:22:35'),(162,37,NULL,'Заголовок поста','Тело поста со случайным текстом',0,1,0,'2020-11-26 06:22:35','2020-11-26 06:22:35'),(163,69,NULL,'Заголовок поста','Тело поста со случайным текстом',0,1,0,'2020-11-26 06:22:35','2020-11-26 06:22:35'),(164,78,NULL,'Заголовок поста','Тело поста со случайным текстом',0,1,0,'2020-11-26 06:22:35','2020-11-26 06:22:35'),(165,60,NULL,'Заголовок поста','Тело поста со случайным текстом',0,1,0,'2020-11-26 06:22:35','2020-11-26 06:22:35'),(166,51,NULL,'Заголовок поста','Тело поста со случайным текстом',0,1,0,'2020-11-26 06:22:35','2020-11-26 06:22:35'),(167,52,NULL,'Заголовок поста','Тело поста со случайным текстом',0,1,0,'2020-11-26 06:22:35','2020-11-26 06:22:35'),(168,48,NULL,'Заголовок поста','Тело поста со случайным текстом',0,1,0,'2020-11-26 06:22:35','2020-11-26 06:22:35'),(169,74,NULL,'Заголовок поста','Тело поста со случайным текстом',0,1,0,'2020-11-26 06:22:35','2020-11-26 06:22:35'),(170,46,NULL,'Заголовок поста','Тело поста со случайным текстом',0,1,0,'2020-11-26 06:22:35','2020-11-26 06:22:35'),(171,6,NULL,'Заголовок поста','Тело поста со случайным текстом',0,1,0,'2020-11-26 06:22:35','2020-11-26 06:22:35'),(172,73,NULL,'Заголовок поста','Тело поста со случайным текстом',0,1,0,'2020-11-26 06:22:35','2020-11-26 06:22:35'),(173,57,NULL,'Заголовок поста','Тело поста со случайным текстом',0,1,0,'2020-11-26 06:22:35','2020-11-26 06:22:35'),(174,14,NULL,'Заголовок поста','Тело поста со случайным текстом',0,1,0,'2020-11-26 06:22:35','2020-11-26 06:22:35'),(175,100,NULL,'Заголовок поста','Тело поста со случайным текстом',0,1,0,'2020-11-26 06:22:35','2020-11-26 06:22:35'),(176,72,NULL,'Заголовок поста','Тело поста со случайным текстом',0,1,0,'2020-11-26 06:22:35','2020-11-26 06:22:35'),(177,89,NULL,'Заголовок поста','Тело поста со случайным текстом',0,1,0,'2020-11-26 06:22:35','2020-11-26 06:22:35'),(178,23,NULL,'Заголовок поста','Тело поста со случайным текстом',0,1,0,'2020-11-26 06:22:35','2020-11-26 06:22:35'),(179,84,NULL,'Заголовок поста','Тело поста со случайным текстом',0,1,0,'2020-11-26 06:22:35','2020-11-26 06:22:35'),(180,50,NULL,'Заголовок поста','Тело поста со случайным текстом',0,1,0,'2020-11-26 06:22:35','2020-11-26 06:22:35'),(181,91,NULL,'Заголовок поста','Тело поста со случайным текстом',0,1,0,'2020-11-26 06:22:35','2020-11-26 06:22:35'),(182,24,NULL,'Заголовок поста','Тело поста со случайным текстом',0,1,0,'2020-11-26 06:22:35','2020-11-26 06:22:35'),(183,80,NULL,'Заголовок поста','Тело поста со случайным текстом',0,1,0,'2020-11-26 06:22:35','2020-11-26 06:22:35'),(184,78,NULL,'Заголовок поста','Тело поста со случайным текстом',0,1,0,'2020-11-26 06:22:35','2020-11-26 06:22:35'),(185,53,NULL,'Заголовок поста','Тело поста со случайным текстом',0,1,0,'2020-11-26 06:22:35','2020-11-26 06:22:35'),(186,10,NULL,'Заголовок поста','Тело поста со случайным текстом',0,1,0,'2020-11-26 06:22:35','2020-11-26 06:22:35'),(187,9,NULL,'Заголовок поста','Тело поста со случайным текстом',0,1,0,'2020-11-26 06:22:35','2020-11-26 06:22:35'),(188,81,NULL,'Заголовок поста','Тело поста со случайным текстом',0,1,0,'2020-11-26 06:22:35','2020-11-26 06:22:35'),(189,94,NULL,'Заголовок поста','Тело поста со случайным текстом',0,1,0,'2020-11-26 06:22:35','2020-11-26 06:22:35'),(190,95,NULL,'Заголовок поста','Тело поста со случайным текстом',0,1,0,'2020-11-26 06:22:35','2020-11-26 06:22:35'),(191,81,NULL,'Заголовок поста','Тело поста со случайным текстом',0,1,0,'2020-11-26 06:22:35','2020-11-26 06:22:35'),(192,64,NULL,'Заголовок поста','Тело поста со случайным текстом',0,1,0,'2020-11-26 06:22:35','2020-11-26 06:22:35'),(193,22,NULL,'Заголовок поста','Тело поста со случайным текстом',0,1,0,'2020-11-26 06:22:35','2020-11-26 06:22:35'),(194,60,NULL,'Заголовок поста','Тело поста со случайным текстом',0,1,0,'2020-11-26 06:22:35','2020-11-26 06:22:35'),(195,69,NULL,'Заголовок поста','Тело поста со случайным текстом',0,1,0,'2020-11-26 06:22:35','2020-11-26 06:22:35'),(196,47,NULL,'Заголовок поста','Тело поста со случайным текстом',0,1,0,'2020-11-26 06:22:35','2020-11-26 06:22:35'),(197,32,NULL,'Заголовок поста','Тело поста со случайным текстом',0,1,0,'2020-11-26 06:22:35','2020-11-26 06:22:35'),(198,32,NULL,'Заголовок поста','Тело поста со случайным текстом',0,1,0,'2020-11-26 06:22:35','2020-11-26 06:22:35'),(199,54,NULL,'Заголовок поста','Тело поста со случайным текстом',0,1,0,'2020-11-26 06:22:35','2020-11-26 06:22:35'),(200,86,NULL,'Заголовок поста','Тело поста со случайным текстом',0,1,0,'2020-11-26 06:22:35','2020-11-26 06:22:35');
/*!40000 ALTER TABLE `posts` ENABLE KEYS */;
UNLOCK TABLES;

--
-- Table structure for table `profiles`
--

DROP TABLE IF EXISTS `profiles`;
/*!40101 SET @saved_cs_client     = @@character_set_client */;
/*!50503 SET character_set_client = utf8mb4 */;
CREATE TABLE `profiles` (
  `user_id` int unsigned NOT NULL COMMENT 'Ссылка на пользователя',
  `gender` enum('M','F') CHARACTER SET utf8 COLLATE utf8_unicode_ci NOT NULL,
  `birthday` date DEFAULT NULL COMMENT 'Дата рождения',
  `city_id` int unsigned DEFAULT NULL,
  `country_id` int unsigned DEFAULT NULL,
  `created_at` datetime DEFAULT CURRENT_TIMESTAMP COMMENT 'Время создания строки',
  `updated_at` datetime DEFAULT CURRENT_TIMESTAMP ON UPDATE CURRENT_TIMESTAMP COMMENT 'Время обновления строки',
  PRIMARY KEY (`user_id`),
  KEY `profiles_city_id_fk` (`city_id`),
  KEY `profiles_country_id_fk` (`country_id`),
  CONSTRAINT `profiles_city_id_fk` FOREIGN KEY (`city_id`) REFERENCES `cities` (`id`) ON DELETE RESTRICT ON UPDATE CASCADE,
  CONSTRAINT `profiles_country_id_fk` FOREIGN KEY (`country_id`) REFERENCES `countries` (`id`) ON DELETE RESTRICT ON UPDATE CASCADE,
  CONSTRAINT `profiles_user_id_fk` FOREIGN KEY (`user_id`) REFERENCES `users` (`id`) ON DELETE CASCADE ON UPDATE CASCADE
) ENGINE=InnoDB DEFAULT CHARSET=utf8 COLLATE=utf8_unicode_ci COMMENT='Профили';
/*!40101 SET character_set_client = @saved_cs_client */;

--
-- Dumping data for table `profiles`
--

LOCK TABLES `profiles` WRITE;
/*!40000 ALTER TABLE `profiles` DISABLE KEYS */;
INSERT INTO `profiles` VALUES (1,'F','1975-04-16',48,69,'2019-12-16 19:55:39','2020-11-18 05:03:32'),(2,'M','1983-10-10',7,65,'2006-04-19 19:57:29','2020-11-18 05:03:32'),(3,'M','2004-06-22',87,34,'1978-11-21 00:32:47','2020-11-18 05:03:32'),(4,'M','1971-09-10',17,58,'1996-12-14 20:49:03','2020-11-18 05:03:32'),(5,'F','2011-01-26',23,20,'1926-09-07 20:30:36','2020-11-18 05:01:42'),(6,'F','2018-12-31',62,11,'1996-11-19 11:22:40','2020-11-18 05:03:32'),(7,'F','2000-01-13',45,78,'2010-05-11 08:57:55','2020-11-18 05:03:32'),(8,'F','2000-05-07',35,22,'2011-11-13 14:10:46','2020-11-18 05:03:32'),(9,'F','1991-09-23',42,43,'1933-10-19 21:27:30','2020-11-18 05:01:42'),(10,'F','2010-05-01',4,66,'1988-02-12 09:39:04','2020-11-18 05:03:32'),(11,'F','1977-01-17',93,33,'1938-04-20 02:30:32','2020-11-18 05:03:32'),(12,'M','1970-01-12',55,50,'1964-08-25 05:19:14','2020-11-18 05:03:32'),(13,'M','2000-03-15',96,69,'1966-11-20 05:18:38','2020-11-18 05:03:32'),(14,'F','1984-12-19',16,28,'1939-05-15 00:16:35','2020-11-18 05:03:32'),(15,'F','2012-05-16',87,15,'1939-05-15 00:16:35','2020-11-18 05:01:42'),(16,'F','2010-09-26',92,73,'1970-07-26 23:10:32','2020-11-18 05:03:32'),(17,'F','1987-05-28',98,71,'1970-10-27 14:36:05','2020-11-18 05:03:32'),(18,'F','1988-11-27',17,52,'1967-03-06 11:44:04','2020-11-18 05:03:32'),(19,'F','2007-03-12',88,45,'1942-12-21 03:49:11','2020-11-18 05:01:42'),(20,'F','2005-07-09',89,71,'1944-01-16 13:25:28','2020-11-18 05:01:42'),(21,'F','1980-12-31',81,51,'1945-02-20 16:07:07','2020-11-18 05:01:42'),(22,'M','2018-03-20',40,44,'1984-03-02 12:17:32','2020-11-18 05:03:32'),(23,'M','2008-01-22',55,67,'1945-05-30 05:49:00','2020-11-18 05:01:42'),(24,'M','1996-07-16',56,35,'1945-12-18 08:36:03','2020-11-18 05:01:42'),(25,'M','1976-10-30',14,58,'1972-12-01 11:59:50','2020-11-18 05:03:32'),(26,'F','1971-05-24',2,19,'2000-11-18 22:40:48','2020-11-18 05:03:32'),(27,'M','1974-07-13',67,2,'1959-11-29 16:30:53','2020-11-18 05:03:32'),(28,'F','1997-05-21',29,36,'1948-10-09 00:47:10','2020-11-18 05:01:42'),(29,'F','2017-06-21',45,9,'1955-02-20 20:33:20','2020-11-18 05:03:32'),(30,'F','1982-06-15',39,17,'2005-05-29 21:07:10','2020-11-18 05:03:32'),(31,'M','1988-07-09',59,58,'1992-01-14 01:38:18','2020-11-18 05:03:32'),(32,'M','1986-08-23',78,74,'1957-02-19 22:37:05','2020-11-18 05:01:42'),(33,'F','1982-11-06',14,30,'1989-11-25 13:47:01','2020-11-18 05:03:32'),(34,'M','1975-08-16',35,10,'2009-08-21 06:01:28','2020-11-18 05:03:32'),(35,'M','2000-03-16',31,44,'1958-07-27 08:47:32','2020-11-18 05:01:42'),(36,'F','2013-09-23',51,22,'1959-08-14 11:56:47','2020-11-18 05:01:42'),(37,'M','2002-09-21',61,60,'2019-09-30 01:41:42','2020-11-18 05:03:32'),(38,'M','1986-05-02',55,69,'1960-08-17 14:29:21','2020-11-18 05:01:42'),(39,'F','2009-11-03',91,81,'1963-06-20 23:39:40','2020-11-18 05:01:42'),(40,'F','1986-12-22',92,32,'1977-06-14 14:31:59','2020-11-18 05:03:32'),(41,'F','1982-12-12',85,83,'1964-08-25 05:19:14','2020-11-18 05:01:42'),(42,'F','1988-06-02',52,69,'1997-06-13 17:26:34','2020-11-18 05:03:32'),(43,'M','2002-05-06',3,13,'1966-11-20 05:18:38','2020-11-18 05:01:42'),(44,'M','2017-01-30',55,21,'1977-04-23 07:41:45','2020-11-18 05:03:32'),(45,'M','1972-04-01',69,68,'1969-08-25 08:52:09','2020-11-18 05:01:42'),(46,'M','2019-04-16',80,26,'1969-09-18 07:31:24','2020-11-18 05:01:42'),(47,'F','1975-12-02',94,7,'1970-01-27 13:47:48','2020-11-18 05:01:42'),(48,'F','1989-11-07',31,43,'1983-09-19 15:45:38','2020-11-18 05:03:32'),(49,'F','1988-10-26',69,26,'1970-10-27 14:36:05','2020-11-18 05:01:42'),(50,'F','2002-07-02',55,1,'2013-04-03 23:32:29','2020-11-18 05:03:32'),(51,'M','2012-07-15',66,10,'1972-12-01 11:59:50','2020-11-18 05:01:42'),(52,'F','1974-07-11',67,47,'1975-01-13 00:57:55','2020-11-18 05:01:42'),(53,'M','2020-08-02',35,39,'1975-02-05 12:26:06','2020-11-18 05:01:42'),(54,'M','2020-07-01',76,53,'1975-11-14 02:16:06','2020-11-18 05:01:42'),(55,'M','2013-01-18',74,63,'2017-05-03 05:51:22','2020-11-18 05:03:32'),(56,'F','1978-02-02',44,74,'2004-03-04 19:33:26','2020-11-18 05:03:32'),(57,'M','1976-01-18',94,12,'1977-06-14 14:31:59','2020-11-18 05:01:42'),(58,'M','1977-03-17',41,6,'1978-11-18 11:33:37','2020-11-18 05:01:42'),(59,'M','1985-02-17',24,77,'1978-11-21 00:32:47','2020-11-18 05:01:42'),(60,'M','1973-09-18',93,35,'1982-05-12 21:33:00','2020-11-18 05:01:42'),(61,'F','1999-10-14',98,24,'1983-09-19 15:45:38','2020-11-18 05:01:42'),(62,'M','2008-08-13',11,16,'1984-03-02 12:17:32','2020-11-18 05:01:42'),(63,'F','2013-09-19',56,7,'1984-05-10 11:46:52','2020-11-18 05:01:42'),(64,'F','1977-09-03',49,70,'1995-07-08 12:31:12','2020-11-18 05:03:32'),(65,'F','1975-11-30',78,78,'1987-11-23 21:13:38','2020-11-18 05:01:42'),(66,'F','2007-01-15',45,16,'2000-06-30 14:08:05','2020-11-18 05:03:32'),(67,'M','2009-02-04',88,9,'2007-09-28 17:11:31','2020-11-18 05:03:32'),(68,'M','2003-12-30',6,80,'2015-07-27 02:59:57','2020-11-18 05:03:32'),(69,'M','2004-09-15',66,42,'1992-01-14 01:38:18','2020-11-18 05:01:42'),(70,'M','1977-04-04',13,52,'2019-08-12 07:25:59','2020-11-18 05:03:32'),(71,'F','2014-01-07',63,50,'1995-07-08 12:31:12','2020-11-18 05:01:42'),(72,'F','1972-12-30',79,11,'1996-08-25 05:38:42','2020-11-18 05:01:42'),(73,'F','2012-01-25',9,70,'1996-11-19 11:22:40','2020-11-18 05:01:42'),(74,'M','1982-05-15',2,70,'1996-12-14 20:49:03','2020-11-18 05:01:42'),(75,'F','2011-03-31',85,53,'1997-06-13 17:26:34','2020-11-18 05:01:42'),(76,'F','1992-08-11',20,57,'2000-06-30 14:08:05','2020-11-18 05:01:42'),(77,'M','2007-10-22',43,42,'2000-11-18 22:40:48','2020-11-18 05:01:42'),(78,'M','1992-12-26',55,38,'2004-03-04 19:33:26','2020-11-18 05:01:42'),(79,'M','2000-12-05',49,62,'2004-09-13 20:18:50','2020-11-18 05:01:42'),(80,'M','1987-04-16',78,33,'2011-04-13 21:40:22','2020-11-18 05:03:32'),(81,'F','1987-06-23',44,59,'2005-05-29 21:07:10','2020-11-18 05:01:42'),(82,'M','1989-11-13',86,30,'2005-08-17 06:35:36','2020-11-18 05:01:42'),(83,'F','2007-10-26',1,54,'2006-04-19 19:57:29','2020-11-18 05:01:42'),(84,'F','1977-07-28',42,14,'2018-08-18 08:17:27','2020-11-18 05:03:32'),(85,'F','1992-02-19',9,76,'2009-08-21 06:01:28','2020-11-18 05:01:42'),(86,'M','1991-02-05',16,4,'2010-05-11 08:57:55','2020-11-18 05:01:42'),(87,'F','2008-09-12',53,39,'2011-04-13 21:40:22','2020-11-18 05:01:42'),(88,'F','1977-05-31',17,16,'2011-11-13 14:10:46','2020-11-18 05:01:42'),(89,'F','1998-04-28',27,46,'2011-12-04 10:38:00','2020-11-18 05:01:42'),(90,'F','2018-11-20',82,17,'2015-03-06 12:46:01','2020-11-18 05:03:32'),(91,'F','1986-08-08',33,30,'2013-11-29 04:36:17','2020-11-18 05:01:42'),(92,'F','2004-12-23',18,17,'2014-04-25 07:51:00','2020-11-18 05:01:42'),(93,'F','1987-08-12',90,74,'2015-03-06 12:46:01','2020-11-18 05:01:42'),(94,'M','1976-12-26',97,70,'2015-07-27 02:59:57','2020-11-18 05:01:42'),(95,'F','1970-09-06',16,45,'2017-05-03 05:51:22','2020-11-18 05:01:42'),(96,'F','1982-07-22',84,14,'2018-08-18 08:17:27','2020-11-18 05:01:42'),(97,'M','2014-07-20',77,17,'2019-08-12 07:25:59','2020-11-18 05:01:42'),(98,'F','1999-03-08',34,41,'2020-04-18 09:18:45','2020-11-18 05:03:32'),(99,'M','2006-01-04',36,72,'2019-12-16 19:55:39','2020-11-18 05:01:42'),(100,'M','2009-11-28',78,70,'2020-04-18 09:18:45','2020-11-18 05:01:42');
/*!40000 ALTER TABLE `profiles` ENABLE KEYS */;
UNLOCK TABLES;

--
-- Table structure for table `users`
--

DROP TABLE IF EXISTS `users`;
/*!40101 SET @saved_cs_client     = @@character_set_client */;
/*!50503 SET character_set_client = utf8mb4 */;
CREATE TABLE `users` (
  `id` int unsigned NOT NULL AUTO_INCREMENT COMMENT 'Идентификатор строки',
  `first_name` varchar(100) CHARACTER SET utf8 COLLATE utf8_unicode_ci NOT NULL COMMENT 'Имя пользователя',
  `last_name` varchar(100) CHARACTER SET utf8 COLLATE utf8_unicode_ci NOT NULL COMMENT 'Фамилия пользователя',
  `email` varchar(100) CHARACTER SET utf8 COLLATE utf8_unicode_ci NOT NULL COMMENT 'Почта',
  `phone` varchar(100) CHARACTER SET utf8 COLLATE utf8_unicode_ci NOT NULL COMMENT 'Телефон',
  `created_at` datetime DEFAULT CURRENT_TIMESTAMP COMMENT 'Время создания строки',
  `updated_at` datetime DEFAULT CURRENT_TIMESTAMP ON UPDATE CURRENT_TIMESTAMP COMMENT 'Время обновления строки',
  PRIMARY KEY (`id`),
  UNIQUE KEY `email` (`email`),
  UNIQUE KEY `phone` (`phone`),
  UNIQUE KEY `users_email_idx` (`email`),
  UNIQUE KEY `users_phone_idx` (`phone`),
  KEY `users_first_last_name_idx` (`first_name`,`last_name`)
) ENGINE=InnoDB AUTO_INCREMENT=101 DEFAULT CHARSET=utf8 COLLATE=utf8_unicode_ci COMMENT='Пользователи';
/*!40101 SET character_set_client = @saved_cs_client */;

--
-- Dumping data for table `users`
--

LOCK TABLES `users` WRITE;
/*!40000 ALTER TABLE `users` DISABLE KEYS */;
INSERT INTO `users` VALUES (1,'Dayana','Bins','streich.jermaine@example.org','344.083.2432x30204','2019-12-16 19:55:39','2019-12-16 19:55:39'),(2,'Kristoffer','Lakin','jaeden79@example.org','(570)414-5122x343','2006-04-19 19:57:29','2006-04-19 19:57:29'),(3,'Macie','Block','udaugherty@example.org','+58(7)0958199379','1978-11-21 00:32:47','1978-11-21 00:32:47'),(4,'Vaughn','Beier','payton25@example.com','+56(8)5976631129','1996-12-14 20:49:03','1996-12-14 20:49:03'),(5,'Marjory','Mosciski','brekke.brenda@example.org','949.217.0848x497','1926-09-07 20:30:36','1931-12-16 19:57:18'),(6,'Rhea','Zboncak','dquitzon@example.com','(530)685-6910','1996-11-19 11:22:40','1996-11-19 11:22:40'),(7,'Lavon','Wisozk','cameron93@example.com','1-752-316-4513x1987','2010-05-11 08:57:55','2010-05-11 08:57:55'),(8,'Sharon','Hansen','alexanne88@example.org','09821810646','2011-11-13 14:10:46','2011-11-13 14:10:46'),(9,'Rick','Witting','borer.clement@example.org','(516)748-5525x2327','1933-10-19 21:27:30','2003-03-28 13:59:32'),(10,'Maxwell','McCullough','pfannerstill.dedrick@example.net','1-608-954-0747x116','1988-02-12 09:39:04','1988-02-12 09:39:04'),(11,'Wilmer','Klein','corwin.pearline@example.com','04285490731','1938-04-20 02:30:32','1938-04-20 02:30:32'),(12,'Lincoln','Runolfsson','libbie.hauck@example.org','166.846.2735','1964-08-25 05:19:14','1992-01-11 15:13:17'),(13,'Sebastian','Russel','vallie.klocko@example.org','786-022-7268x312','1966-11-20 05:18:38','1966-11-20 05:18:38'),(14,'Gilberto','Kohler','lrice@example.com','542-872-3246x77366','1939-05-15 00:16:35','1945-06-30 23:06:09'),(15,'Chloe','Haley','dennis.heidenreich@example.com','758-564-2778x1662','1931-10-07 11:53:01','2000-08-11 03:31:59'),(16,'Margarita','Hahn','paris88@example.org','780-117-0704','1970-07-26 23:10:32','1986-04-29 04:36:48'),(17,'Rachelle','Runolfsson','annalise.rodriguez@example.com','(665)277-5822','1970-10-27 14:36:05','1970-10-27 14:36:05'),(18,'Effie','Daniel','jnicolas@example.org','539-554-7059x07353','1967-03-06 11:44:04','1967-03-06 11:44:04'),(19,'Jarod','Purdy','gerson.ullrich@example.com','619-466-1809','1942-12-21 03:49:11','2010-01-22 06:42:49'),(20,'Dayton','Kunze','paucek.cordell@example.net','1-768-616-9078x488','1923-01-12 15:12:12','1935-09-14 17:32:17'),(21,'Abner','Bruen','dlemke@example.com','02069998937','1924-09-25 19:12:49','1947-09-21 09:11:37'),(22,'Percival','Brekke','georgiana.trantow@example.com','01030321973','1984-03-02 12:17:32','1992-03-30 08:02:37'),(23,'Yessenia','White','kolson@example.com','807-763-8700x84789','1929-03-01 13:16:27','1963-08-08 12:10:57'),(24,'Makenna','Armstrong','fcole@example.org','983.784.5170x222','1934-12-04 12:07:55','1934-12-04 12:07:55'),(25,'Belle','O\'Connell','bernier.lesly@example.com','02164403642','1972-12-01 11:59:50','2000-10-07 20:29:18'),(26,'Derrick','Rosenbaum','tyundt@example.com','355.063.5274x21404','2000-11-18 22:40:48','2015-03-15 15:36:49'),(27,'Marvin','Herman','rvandervort@example.com','+63(9)6874976371','1959-11-29 16:30:53','1980-06-07 22:43:13'),(28,'Santino','Wilkinson','spinka.gordon@example.net','1-476-206-6513x698','1948-10-09 00:47:10','1948-10-09 00:47:10'),(29,'Tessie','Howe','ledner.serena@example.net','+56(5)9654032657','1955-02-20 20:33:20','1955-02-20 20:33:20'),(30,'Jeffery','Towne','rgibson@example.org','00583959444','2005-05-29 21:07:10','2005-05-29 21:07:10'),(31,'Noelia','Weissnat','jhudson@example.org','493.875.5606x360','1992-01-14 01:38:18','1992-01-14 01:38:18'),(32,'Lee','Effertz','antwan.hamill@example.net','305-423-4526','1921-05-20 06:54:50','2011-05-26 14:04:20'),(33,'Clifton','Thompson','brook.sanford@example.net','775-214-9714','1989-11-25 13:47:01','1989-11-25 13:47:01'),(34,'Marco','Larson','price.winfield@example.net','+25(4)5714385947','2009-08-21 06:01:28','2009-08-21 06:01:28'),(35,'Keaton','Fadel','jreynolds@example.com','1-827-152-9597x3565','1941-04-20 17:05:54','2001-03-12 09:00:55'),(36,'Royal','Brekke','anthony53@example.org','1-058-387-2151x36890','1939-02-15 23:18:22','2001-12-27 18:17:00'),(37,'Johnpaul','Littel','eichmann.raoul@example.net','655.856.1900x474','2019-09-30 01:41:42','2019-09-30 01:41:42'),(38,'Tia','Macejkovic','kristofer.hickle@example.org','1-713-120-0429x2636','1944-01-16 13:25:28','1962-06-27 06:20:21'),(39,'Bianka','Wiegand','zulauf.stephanie@example.net','019-457-8765x9220','1960-08-17 14:29:21','1960-08-17 14:29:21'),(40,'Rosalind','McCullough','julianne55@example.net','480.665.1945x335','1977-06-14 14:31:59','2008-03-24 22:44:22'),(41,'Rowan','Kemmer','nleannon@example.net','515.455.7662x3085','1936-10-02 05:07:32','1971-03-22 07:33:24'),(42,'Gus','Schmitt','eichmann.junius@example.net','(955)698-1783','1997-06-13 17:26:34','1997-06-13 17:26:34'),(43,'Vanessa','Sauer','amclaughlin@example.com','+69(0)5994511921','1966-02-26 17:15:35','1976-09-07 00:09:36'),(44,'Abel','Denesik','brook55@example.org','542.396.2245x025','1977-04-23 07:41:45','1977-04-23 07:41:45'),(45,'Earl','Tromp','aida15@example.com','(945)141-1928x0812','1945-05-29 00:54:27','2014-07-04 23:19:09'),(46,'Cecilia','Cartwright','bernadine85@example.net','1-328-190-5100x6276','1963-06-20 23:39:40','1965-12-16 12:55:53'),(47,'Hudson','Simonis','kschultz@example.com','(313)910-8456','1958-07-27 08:47:32','1984-02-03 10:12:01'),(48,'Judy','Larkin','caesar13@example.com','+56(2)4854862204','1983-09-19 15:45:38','2007-07-13 11:10:23'),(49,'Henry','Bailey','rohan.nils@example.com','175-932-5484','1945-02-20 16:07:07','1945-02-20 16:07:07'),(50,'Raven','Kihn','hertha59@example.net','715-345-9477','2013-04-03 23:32:29','2013-04-03 23:32:29'),(51,'Henriette','Koss','roberts.glenda@example.net','023.734.2998','1964-05-14 18:57:17','2015-11-14 06:52:06'),(52,'Sigurd','Bergstrom','simonis.ayden@example.com','(743)043-4694x9736','1946-12-25 06:31:04','1981-12-01 20:35:40'),(53,'Monty','Kiehn','considine.xzavier@example.com','+07(1)8053837378','1953-07-15 00:44:08','1953-07-15 00:44:08'),(54,'Imogene','Paucek','rsenger@example.net','1-902-941-3172x125','1969-08-25 08:52:09','1999-09-15 18:59:24'),(55,'Jamaal','Satterfield','gleason.neal@example.org','(659)705-9204x877','2017-05-03 05:51:22','2017-05-03 05:51:22'),(56,'Kianna','Ankunding','alan38@example.com','533.404.4122','2004-03-04 19:33:26','2004-03-04 19:33:26'),(57,'Freeman','Wilkinson','harris.clark@example.org','1-618-853-2655','1947-07-31 01:04:12','1984-02-24 02:21:42'),(58,'Gunnar','Weber','lang.eduardo@example.net','(908)724-9756x2342','1957-05-14 21:41:15','1989-07-29 13:51:31'),(59,'Mossie','Farrell','tobin67@example.org','901-239-7427','1945-05-30 05:49:00','1967-01-21 15:25:05'),(60,'Jeanette','Bechtelar','ubarton@example.org','(449)186-3203x99060','1921-08-08 09:36:23','1975-06-06 14:20:20'),(61,'Tabitha','Moen','miles76@example.org','(226)357-7586x62919','1941-08-12 20:17:10','1955-06-15 04:42:14'),(62,'Mustafa','Bahringer','heathcote.harmony@example.net','176.827.6448','1982-05-12 21:33:00','1982-05-12 21:33:00'),(63,'Armando','Hilll','meggie19@example.org','(443)799-4341x0385','1950-05-11 04:37:17','2011-11-26 15:52:07'),(64,'Kendall','Bergstrom','cbergstrom@example.net','07387918725','1995-07-08 12:31:12','1995-07-08 12:31:12'),(65,'Reanna','Romaguera','alexandro87@example.com','1-537-421-7435','1970-01-27 13:47:48','1970-01-27 13:47:48'),(66,'Humberto','Walsh','rwindler@example.org','(121)709-5368','2000-06-30 14:08:05','2013-06-05 12:30:05'),(67,'Gino','Bechtelar','ibeatty@example.com','490.593.4361','2007-09-28 17:11:31','2007-09-28 17:11:31'),(68,'Mackenzie','Paucek','mclaughlin.sheila@example.net','1-441-923-3392','2015-07-27 02:59:57','2015-07-27 02:59:57'),(69,'Wilfrid','Morar','sconroy@example.com','09483546146','1972-08-13 07:42:41','1994-07-05 02:42:50'),(70,'Pascale','Krajcik','feeney.jamaal@example.net','1-697-257-3850x687','2019-08-12 07:25:59','2019-08-12 07:25:59'),(71,'Era','Buckridge','ford28@example.com','(942)429-3057','1977-05-01 02:41:19','1977-05-01 02:41:19'),(72,'Harold','Wiegand','gbeer@example.net','664.484.6118x4479','1959-08-14 11:56:47','1997-03-24 12:28:09'),(73,'Laurie','Beier','alana.bauch@example.org','(929)791-4777','1945-12-18 08:36:03','1945-12-18 08:36:03'),(74,'Terence','Rolfson','yvon@example.org','727-719-3812x35982','1978-11-18 11:33:37','1978-11-18 11:33:37'),(75,'Alejandra','Beatty','sunny29@example.org','08916251213','1929-05-11 23:43:49','1959-02-21 17:15:28'),(76,'Uriah','Wilkinson','ddickinson@example.org','+47(6)0953425438','1948-04-04 05:06:35','1997-10-08 08:34:54'),(77,'Mercedes','Bartell','kkessler@example.com','03514524949','1969-09-18 07:31:24','1971-11-10 11:46:48'),(78,'Makenzie','Corwin','braun.timmy@example.org','1-516-587-7384x466','1958-03-16 21:16:14','1958-03-16 21:16:14'),(79,'Ariel','Ratke','aiyana.dach@example.net','09666865905','1991-09-04 09:58:44','2013-10-29 16:16:17'),(80,'Jamel','Hodkiewicz','nbernhard@example.net','(599)488-1048','2011-04-13 21:40:22','2016-10-29 02:15:14'),(81,'Janick','Schulist','roosevelt.kihn@example.net','310.304.2226x124','1987-03-30 00:11:42','1997-12-13 19:45:08'),(82,'Armando','Roob','wilkinson.dianna@example.org','(767)728-4173x2472','1994-01-06 11:01:30','1994-01-06 11:01:30'),(83,'Casimer','Renner','kenya.rice@example.net','(403)952-3806x83765','1941-08-25 01:00:34','2020-08-13 08:12:55'),(84,'Renee','Wiza','travis32@example.com','(287)421-4534','2018-08-18 08:17:27','2018-08-18 08:17:27'),(85,'Lydia','Boyle','schoen.damien@example.net','1-611-914-4695','2004-10-16 14:39:27','2004-10-16 14:39:27'),(86,'Margret','Littel','feest.antonietta@example.net','(392)518-6385x53659','1975-02-05 12:26:06','1988-12-23 22:50:45'),(87,'Lina','Bashirian','wmueller@example.com','802-911-8083','1984-05-10 11:46:52','1985-05-04 23:37:03'),(88,'Kira','Gibson','ldickens@example.com','(550)169-5119','2004-09-13 20:18:50','2004-09-13 20:18:50'),(89,'Wilfred','Harber','wehner.fred@example.org','(166)197-2697','1975-01-13 00:57:55','1975-01-13 00:57:55'),(90,'Rodrick','Larson','purdy.angelina@example.org','(874)538-1571x375','2015-03-06 12:46:01','2015-03-06 12:46:01'),(91,'Murphy','Rolfson','xbayer@example.org','1-385-554-9662x887','2013-11-29 04:36:17','2013-11-29 04:36:17'),(92,'Jarrell','Krajcik','qnitzsche@example.com','1-777-284-9995x019','2005-08-17 06:35:36','2005-08-17 06:35:36'),(93,'Kelvin','Mann','mmarquardt@example.net','(833)653-6434','1987-11-23 21:13:38','1987-11-23 21:13:38'),(94,'Julianne','Bartell','delores.padberg@example.com','905-448-4504','1996-08-25 05:38:42','1996-08-25 05:38:42'),(95,'Amos','Kulas','trace.prosacco@example.org','(360)535-6135x7528','1934-03-03 14:28:41','1960-04-28 06:17:46'),(96,'Abelardo','Bechtelar','parker.viviane@example.org','1-722-385-1996x361','1975-11-14 02:16:06','1975-11-14 02:16:06'),(97,'Margaretta','Mertz','graham.herminia@example.org','1-721-281-5605x58798','2011-12-04 10:38:00','2011-12-04 10:38:00'),(98,'Lisandro','Johns','tbalistreri@example.org','1-154-546-0777x02988','2020-04-18 09:18:45','2020-04-18 09:18:45'),(99,'Hugh','Volkman','emard.amely@example.org','769.958.8811','1957-02-19 22:37:05','1957-02-19 22:37:05'),(100,'Presley','Gottlieb','mikel58@example.com','1-292-210-3872x144','2014-04-25 07:51:00','2014-04-25 07:51:00');
/*!40000 ALTER TABLE `users` ENABLE KEYS */;
UNLOCK TABLES;
/*!40103 SET TIME_ZONE=@OLD_TIME_ZONE */;

/*!40101 SET SQL_MODE=@OLD_SQL_MODE */;
/*!40014 SET FOREIGN_KEY_CHECKS=@OLD_FOREIGN_KEY_CHECKS */;
/*!40014 SET UNIQUE_CHECKS=@OLD_UNIQUE_CHECKS */;
/*!40101 SET CHARACTER_SET_CLIENT=@OLD_CHARACTER_SET_CLIENT */;
/*!40101 SET CHARACTER_SET_RESULTS=@OLD_CHARACTER_SET_RESULTS */;
/*!40101 SET COLLATION_CONNECTION=@OLD_COLLATION_CONNECTION */;
/*!40111 SET SQL_NOTES=@OLD_SQL_NOTES */;

-- Dump completed on 2020-12-12  3:27:37
