-- MySQL dump 10.13  Distrib 8.0.22, for Linux (x86_64)
--
-- Host: localhost    Database: happywear
-- ------------------------------------------------------
-- Server version	8.0.22-0ubuntu0.20.04.3

/*!40101 SET @OLD_CHARACTER_SET_CLIENT=@@CHARACTER_SET_CLIENT */;
/*!40101 SET @OLD_CHARACTER_SET_RESULTS=@@CHARACTER_SET_RESULTS */;
/*!40101 SET @OLD_COLLATION_CONNECTION=@@COLLATION_CONNECTION */;
/*!50503 SET NAMES utf8mb4 */;
/*!40103 SET @OLD_TIME_ZONE=@@TIME_ZONE */;
/*!40103 SET TIME_ZONE='+00:00' */;
/*!40014 SET @OLD_UNIQUE_CHECKS=@@UNIQUE_CHECKS, UNIQUE_CHECKS=0 */;
/*!40014 SET @OLD_FOREIGN_KEY_CHECKS=@@FOREIGN_KEY_CHECKS, FOREIGN_KEY_CHECKS=0 */;
/*!40101 SET @OLD_SQL_MODE=@@SQL_MODE, SQL_MODE='NO_AUTO_VALUE_ON_ZERO' */;
/*!40111 SET @OLD_SQL_NOTES=@@SQL_NOTES, SQL_NOTES=0 */;

--
-- Table structure for table `addresses`
--

DROP TABLE IF EXISTS `addresses`;
/*!40101 SET @saved_cs_client     = @@character_set_client */;
/*!50503 SET character_set_client = utf8mb4 */;
CREATE TABLE `addresses` (
  `id` int unsigned NOT NULL AUTO_INCREMENT COMMENT 'Идентификатор адреса',
  `name` varchar(100) NOT NULL COMMENT 'Имя получателя',
  `patronymic` varchar(100) DEFAULT NULL COMMENT 'Отчество получателя',
  `surname` varchar(100) NOT NULL COMMENT 'Фамилия получателя',
  `address` text NOT NULL COMMENT 'Адрес получателя',
  `created_at` datetime NOT NULL DEFAULT CURRENT_TIMESTAMP COMMENT 'Дата создания записи',
  `updated_at` datetime NOT NULL DEFAULT CURRENT_TIMESTAMP ON UPDATE CURRENT_TIMESTAMP COMMENT 'Дата изменения записи',
  PRIMARY KEY (`id`)
) ENGINE=InnoDB AUTO_INCREMENT=104 DEFAULT CHARSET=utf8 COMMENT='Адреса доставки';
/*!40101 SET character_set_client = @saved_cs_client */;

--
-- Dumping data for table `addresses`
--

LOCK TABLES `addresses` WRITE;
/*!40000 ALTER TABLE `addresses` DISABLE KEYS */;
INSERT INTO `addresses` VALUES (1,'Aurelia','Lance','Heaney','7354 Eric Village Apt. 201\nLake Ledaborough, HI 89737-7101','1976-06-05 11:38:23','2003-02-28 17:22:28'),(2,'Zola','Ryann','Streich','115 Nikko Brook\nEast Fletchershire, DE 14992','1989-03-03 12:09:41','1981-04-08 17:34:31'),(3,'Myrl','Deshaun','Hartmann','561 Conroy Oval Suite 350\nChanellechester, MN 63649-6610','2014-10-05 05:48:58','1994-04-15 05:40:59'),(4,'Guido','Gordon','Crona','3926 Elinore Stream Suite 517\nSporerchester, WA 59231-7244','2018-04-06 22:57:12','1987-07-20 23:00:03'),(5,'Maci','Hobart','Mueller','1623 Gianni Isle Suite 142\nEast Madeline, MI 99517-1276','1997-06-13 07:00:16','2000-07-29 07:01:21'),(6,'Nina','Jared','Kunde','7788 Kory Stravenue\nLehnerview, MO 45628','1991-02-19 22:31:41','2017-10-05 14:18:21'),(7,'Rick','Lindsey','Macejkovic','01201 Benjamin Mission\nJusticestad, NE 98761','2000-04-10 14:15:10','2013-08-26 07:27:32'),(8,'Izaiah','Joesph','Leuschke','6764 Kutch Falls\nEast Kristopher, LA 35852-6234','2001-12-20 13:55:42','1976-06-26 14:28:35'),(9,'Hilario','D\'angelo','Spinka','36988 Graham Shoal\nLangworthmouth, WA 17136','2011-03-10 05:24:31','1970-05-21 11:53:25'),(10,'Velva','Gideon','Kshlerin','17386 Nader Loop\nLake Josianneland, WY 19156-5689','1996-05-25 09:19:16','1970-06-20 11:32:48'),(11,'Loyal','Arch','McGlynn','08131 Goldner Trafficway\nBlazeberg, VT 10525-5759','2004-02-29 03:36:01','2016-06-10 15:14:58'),(12,'Norene','Rowland','Flatley','5610 Hiram Shoals\nLake Mack, AK 92672','2015-04-11 05:12:12','2010-11-16 23:36:59'),(13,'Gaston','Joesph','Schroeder','068 John Place Apt. 555\nNorth Domenic, ID 45048-3891','1984-06-24 09:03:52','1978-09-21 07:09:38'),(14,'Foster','Kyler','Schuppe','0777 Derick Rapids Suite 197\nEwaldfort, WA 92252','1992-08-01 18:39:19','1976-02-14 04:35:15'),(15,'Brandyn','Noe','Howell','715 Dickens Underpass Suite 660\nAngelaview, IN 92059','1976-09-30 10:43:20','1973-03-15 13:58:38'),(16,'Neva','Jamey','Murphy','18872 Sawayn Isle\nEast Cathrine, OK 63980','1987-09-26 04:09:18','1988-08-16 14:54:38'),(17,'Doris','Emil','Doyle','35008 Roob Knolls\nWest Alexandre, ND 43384','1971-11-21 08:47:38','1988-10-27 12:34:52'),(18,'Adriana','Jocelyn','Herman','034 Bridie Lane Suite 029\nNew Myrtiston, NJ 09648','2002-02-06 13:01:52','2013-12-14 09:35:19'),(19,'Gerson','Barry','Witting','2043 Lindsay Union Apt. 435\nWest Christopheville, TN 22597-4500','2015-04-17 07:22:17','1971-09-21 09:36:22'),(20,'Geraldine','Nicklaus','Luettgen','281 O\'Connell Roads Suite 403\nNorth Sigmund, IN 77533-3566','2020-06-07 06:23:23','2012-11-03 05:27:45'),(21,'Justyn','Dock','Hegmann','51477 Powlowski Fields\nKilbackland, OR 70675','1995-01-15 12:47:44','2014-06-25 03:05:35'),(22,'Johanna','Gennaro','Weimann','693 Jacobs Rapid\nEast Marguerite, NH 01679-2011','2013-02-14 06:53:10','1996-12-11 04:26:46'),(23,'Glenna','Felton','Kertzmann','8351 Mara Port Apt. 343\nNew Clinton, IA 78366-2689','1973-02-12 10:54:15','2006-11-11 05:58:53'),(24,'Zachary','Vicente','Runolfsdottir','1635 Rhoda Canyon\nPort Lexus, NV 73528-5160','2002-05-29 09:34:23','1987-10-29 04:14:31'),(25,'Johnathon','Wendell','Jaskolski','510 Abigail Inlet Apt. 645\nPort Haydenmouth, DE 14175-2072','1984-10-22 11:57:18','1974-03-01 03:12:25'),(26,'Ludwig','Emilio','Shields','61889 Streich Landing Suite 400\nHerzogberg, WY 29205','2009-04-25 04:37:54','1990-08-06 00:37:28'),(27,'Edwardo','Rogers','Smitham','997 Prosacco Walks Suite 944\nJazlynland, ME 35653','1973-07-10 04:16:57','1981-08-06 13:00:15'),(28,'Kyla','Torey','Langosh','6207 Edna Glens\nWeissnatview, GA 25901-5958','1972-04-14 13:47:03','2012-08-15 20:47:32'),(29,'Clifton','Adrian','Nienow','141 Gideon Mall Suite 711\nDeionside, PA 26651','2007-06-09 06:55:03','2001-05-06 06:30:27'),(30,'Yasmin','Trevor','VonRueden','8136 Wilson Prairie Apt. 446\nConnellyview, LA 47276-9368','1979-01-16 00:14:43','1975-03-10 13:00:06'),(31,'Janice','Marshall','Becker','41528 Rippin Centers Suite 848\nKuphalmouth, OH 58871','2001-03-08 13:14:35','1977-10-26 00:53:39'),(32,'Marlene','Oral','Barrows','84078 Adolf Locks\nPort Diannastad, ID 63859','1974-08-25 07:20:11','1991-11-17 02:57:13'),(33,'Heaven','Brock','Keebler','3435 Klocko Rue Suite 137\nAbbottburgh, WA 20586-9428','2007-08-22 21:13:17','1976-06-01 16:55:39'),(34,'Lavonne','Gay','Johnston','325 Hayley Islands Apt. 106\nSouth Khalilshire, NE 55239','1974-08-14 15:12:32','2016-04-22 14:27:18'),(35,'Herminio','Anibal','Pfeffer','9394 Halvorson Spur Apt. 401\nNorth Kathryne, WY 12939','2004-11-30 19:38:05','2011-12-15 11:19:27'),(36,'Edwardo','Felton','Metz','577 Bill Key\nNew Adrian, MA 93435-0072','2005-03-03 19:50:29','1972-08-26 21:06:24'),(37,'Cedrick','Nils','Cormier','698 Larkin Gateway Apt. 041\nNew Angelinaland, CO 59299','1985-07-04 09:28:22','2016-05-24 08:26:33'),(38,'Madelyn','Hazel','Hane','601 Myron Skyway Suite 306\nEast Demond, AK 23109','2019-01-16 07:37:26','1980-05-04 06:55:29'),(39,'Chloe','Carey','Wilderman','9254 Grimes Corner\nPort Janiestad, CA 52340','2017-09-01 23:45:01','1973-12-01 14:11:54'),(40,'Michel','Jessie','Gislason','5396 Leo Crossing Suite 412\nPort Kathryneview, FL 61077-9003','2005-03-03 21:33:40','2005-03-30 16:29:34'),(41,'Bertha','Evans','Eichmann','2118 Klein Isle\nSouth Mekhistad, OK 22145-1169','2008-07-07 20:00:00','2010-07-26 08:31:58'),(42,'Janis','Logan','Ortiz','1183 Rogahn Knoll\nJamarhaven, KY 83327-6034','2015-03-17 16:45:11','2006-09-27 07:44:09'),(43,'Hector','Jerald','Kassulke','590 O\'Reilly Points\nLake Marietta, DE 30349','2014-02-02 09:32:03','1982-10-12 04:13:03'),(44,'Kaley','Kolby','Romaguera','674 Webster Causeway\nPort Vergie, AZ 01982-8437','1992-12-04 07:46:49','1987-03-30 03:37:05'),(45,'Mariam','Halle','Sauer','68208 Amari Glen\nSammietown, MA 96627','2007-06-19 01:39:18','2004-11-04 04:12:00'),(46,'Tara','Saul','Schowalter','84657 Veum Locks Apt. 513\nPort Freida, NY 06000-9598','1981-07-18 19:59:53','1980-01-20 08:14:56'),(47,'Kyleigh','Hank','Goyette','056 Titus Turnpike Apt. 483\nWest Abbey, OR 33143-5409','2007-09-21 06:45:54','1994-05-27 06:10:46'),(48,'Jeffery','Garth','Dooley','788 Wilderman Lodge\nNew Murl, WI 00351','1976-01-05 01:44:07','1987-01-08 19:37:46'),(49,'Damion','Connor','McClure','65895 Dahlia Throughway\nWest Demarcomouth, MI 77195','2011-06-22 17:54:08','2005-06-27 21:33:07'),(50,'Armando','Weston','Armstrong','025 Quigley Manor Apt. 116\nLake Emelieview, SC 40475-5811','2004-08-25 07:17:36','2004-09-13 13:20:02'),(51,'Luna','Waylon','Casper','300 Christop Dam Apt. 912\nSchroederland, WY 94719','1985-03-08 16:08:27','1978-03-09 02:47:04'),(52,'Rolando','Bernhard','Eichmann','933 Delilah Via\nWest Jessikaport, IN 31003','2013-09-29 11:02:35','1970-09-01 21:33:43'),(53,'Mollie','Alvah','Jerde','502 Tillman Shoal Apt. 517\nFramibury, NE 50611-4942','1990-03-26 18:41:26','1991-03-30 07:36:10'),(54,'Chadrick','Ryder','Gerhold','00714 Jacobs Meadows\nLake Kyra, TX 57706','2006-10-21 23:37:12','1997-10-01 00:16:25'),(55,'Hobart','Cleveland','Ferry','54155 Hane Tunnel\nWest Kameron, PA 06132-6793','1971-08-04 02:16:55','1988-08-09 12:46:23'),(56,'Elna','Johan','Schmidt','2945 Terry Keys Suite 484\nPort Rory, NE 31706-4687','1998-11-14 15:23:43','2007-06-15 08:05:10'),(57,'John','Peyton','Abernathy','563 Huel Cliffs\nPort Zena, OR 62466-0904','1996-01-20 05:38:56','1996-08-04 09:25:11'),(58,'Vicenta','Jeffery','Pacocha','3861 Pacocha Fields Apt. 147\nAdeleborough, WY 89091','1973-02-08 02:19:01','1978-02-04 00:01:35'),(59,'Aimee','Ethan','Wisozk','620 Hudson Landing Suite 072\nBernierhaven, LA 33074-2306','1998-12-11 06:52:40','1989-11-05 08:57:42'),(60,'Stacy','Mustafa','Dare','0250 Noah Mountain\nPort Vince, CO 99532-2893','2008-11-25 18:10:45','1974-08-09 06:51:28'),(61,'Alanna','Maximo','Hermiston','78101 Schumm Lodge\nRobintown, MA 26209','1973-10-05 22:49:58','2001-03-21 22:39:07'),(62,'Fannie','Vito','Funk','594 Furman Village\nSamarashire, PA 86172-8286','1980-12-10 22:07:49','2016-06-04 01:04:41'),(63,'Alexandrea','Ryder','Casper','2496 Cole Lakes\nMrazmouth, KY 27677','1991-08-26 16:44:48','2003-09-18 08:29:25'),(64,'Dora','Vaughn','Von','407 Lehner Glens Apt. 525\nSouth Darwin, IL 00741-4891','1984-08-12 04:51:04','1993-07-01 08:44:51'),(65,'Myrna','Lorenzo','Wehner','2142 Ericka Lock\nPort Alizeshire, AL 96548','1992-05-01 08:16:27','2006-01-27 22:31:28'),(66,'Emile','Dillon','Bins','580 Crist Island Suite 002\nWavaberg, AR 11944','2011-09-18 03:06:24','1973-04-23 18:07:01'),(67,'Brayan','Anibal','Feil','24156 Christiansen Lodge\nNew Milford, NH 51189-3294','2007-08-20 03:21:50','1982-03-22 12:39:55'),(68,'Miguel','Colten','Brown','825 Nikolaus Lodge Suite 667\nSammyborough, ID 03788-4029','1994-01-06 18:23:14','2015-04-17 00:24:17'),(69,'Dakota','Cristobal','Prohaska','6779 Rodrigo Circle\nMullerfort, IL 51566','1993-07-04 05:19:21','1999-03-06 10:46:01'),(70,'Timmy','Vincent','Goodwin','451 Christophe Keys\nSouth Frankchester, NH 69876','1995-12-02 14:55:52','2013-05-22 07:28:59'),(71,'Gunnar','Jaleel','McGlynn','23280 Arely Park Apt. 903\nEast Kennahaven, IL 57900-8235','1984-08-09 13:08:56','2014-09-01 10:34:13'),(72,'Zackery','Rod','King','7812 Cordelia Rest Apt. 504\nSouth Kadin, AK 93677-7014','1976-06-03 23:17:11','2003-10-16 23:19:10'),(73,'Heloise','Garrett','Sanford','8473 Bogisich Locks\nSouth Ozella, MN 30919','2007-06-10 09:43:29','2010-08-09 15:20:13'),(74,'Mya','Ezekiel','Gutkowski','51779 Witting Ridge\nNew Ibrahim, NJ 83897-0154','1982-02-22 06:04:42','2011-05-06 03:03:31'),(75,'Keaton','Arthur','Yost','7128 Clarissa Motorway\nPort Harrisonchester, CA 99889-9599','2006-10-13 11:54:44','1984-03-09 12:21:57'),(76,'Tyrique','Nathaniel','Leffler','029 Gulgowski Village Apt. 840\nNorth Dinostad, TX 12168','1987-12-31 07:59:54','1998-07-18 08:24:03'),(77,'Ericka','Jonas','Yost','0343 O\'Connell Plains\nRodrickview, AR 04022','1977-07-23 23:49:03','1970-01-11 21:10:58'),(78,'Michel','Bernardo','Veum','385 Jamaal Lake Apt. 088\nNorth Kieranmouth, NE 72073-2096','2006-08-04 17:58:52','2003-01-21 22:04:33'),(79,'Rashad','Merritt','Pagac','9523 Tillman Parks Suite 814\nWatersfurt, NM 35389-4449','2006-07-13 10:35:42','1991-08-14 02:16:16'),(80,'Vivienne','Alf','Cartwright','8367 Briana Parkways Suite 631\nLake Natalia, AL 00298','1977-05-18 10:16:37','1989-10-11 00:56:30'),(81,'Darrick','Brady','Blick','4791 Miguel Field Suite 850\nHertaland, AR 88098','1987-04-30 06:08:00','1991-07-16 23:33:26'),(82,'Eugenia','Demarcus','Jaskolski','780 Anderson Shoals\nJohanville, MA 79652-6140','1983-05-06 03:10:15','1987-10-02 10:50:43'),(83,'Earnest','Florian','Bahringer','347 Jazmyne Route\nNew Titusburgh, WV 96006-2342','1998-12-25 23:46:38','1994-01-12 09:08:46'),(84,'Callie','Skye','Fisher','56468 Kody Viaduct\nRamirostad, WA 07681-6399','2015-08-01 19:19:52','1972-08-30 04:59:31'),(85,'Howard','Armando','D\'Amore','548 Eveline Isle\nNew Elyssatown, AR 40095-1825','2009-02-19 21:09:54','1998-12-10 11:02:12'),(86,'Evelyn','Stuart','Hagenes','1017 Ritchie Neck\nEast Effie, NV 18871-5638','2008-08-09 18:40:02','1983-02-15 22:54:50'),(87,'Bridget','Arden','Anderson','938 Rubye Ports\nHagenesmouth, FL 80530','2007-03-04 19:29:02','1974-05-08 04:21:31'),(88,'Harmony','Kip','Metz','7628 Ankunding Cliff\nEmmerichfurt, OR 44771','1990-09-30 23:07:17','1981-02-26 12:01:06'),(89,'Weldon','Marlon','Berge','67849 Rath Cape Apt. 194\nHodkiewiczfort, DE 25376-2502','1973-08-14 13:46:38','2013-01-08 19:00:31'),(90,'Davion','Adrain','Breitenberg','6476 Littel Valley Suite 731\nBeahanland, DE 46856','2000-02-24 04:35:23','2013-08-04 22:35:22'),(91,'Syble','Jorge','Smith','81836 Jovanny Extension Apt. 071\nLake Leatha, MS 32989','1997-12-29 22:34:39','2003-04-18 00:00:55'),(92,'Brendon','Ethel','Crona','1642 Wiza Fields\nLake Brad, MA 72666','2018-03-12 11:45:25','1987-09-10 18:40:28'),(93,'Rozella','Sheldon','Anderson','112 Thompson Flat\nSouth Annabelle, CO 00322','2008-06-18 09:55:45','1982-03-02 16:49:26'),(94,'Phyllis','Kayden','Stoltenberg','633 Luettgen Hill\nEast Dino, NM 25214','2018-06-01 20:53:27','1995-07-28 23:42:21'),(95,'Dasia','Oda','Schamberger','1473 Orn Roads Apt. 562\nKuhlmanhaven, AR 60558','1979-10-31 17:43:28','2015-09-07 23:41:00'),(96,'Genoveva','Caden','Auer','12192 Schmidt Lakes\nHansstad, CO 09805','2005-04-19 08:26:08','1997-02-01 16:39:01'),(97,'Nakia','Dave','Howell','5591 Emmie Cove\nWillmschester, GA 38465','1992-11-18 04:00:08','1985-10-26 18:44:19'),(98,'Elmo','Selmer','Bartoletti','4862 Hammes Rue\nNew Helene, MT 14665','2018-06-09 00:30:33','1975-12-05 11:21:18'),(99,'Isabella','Montana','Crooks','21189 Ethelyn Ranch\nNew Lula, NH 14256-7266','1987-06-27 08:56:23','2014-09-11 07:43:33'),(100,'Ryley','Modesto','Lockman','3026 Ella Mountains Suite 364\nBradtkechester, MD 45250','2013-05-12 00:49:42','2008-04-05 01:22:48'),(101,'Carolina','Brennon','Weber','0314 Walker Pike\nEarlineshire, NM 62783-0219','2005-03-07 01:24:40','2001-03-05 11:40:28'),(102,'Roderick','Price','Koelpin','73426 Junior Square Suite 506\nNorth Jorge, VA 05682','1986-12-13 06:50:35','1983-01-09 01:46:29'),(103,'Barton','Gino','Anderson','143 Lane Green\nNew Janice, WI 77561','1984-11-02 18:29:52','2018-07-04 09:21:45');
/*!40000 ALTER TABLE `addresses` ENABLE KEYS */;
UNLOCK TABLES;

--
-- Table structure for table `categories`
--

DROP TABLE IF EXISTS `categories`;
/*!40101 SET @saved_cs_client     = @@character_set_client */;
/*!50503 SET character_set_client = utf8mb4 */;
CREATE TABLE `categories` (
  `id` smallint unsigned NOT NULL AUTO_INCREMENT COMMENT 'Идентификатор категории',
  `name` varchar(255) NOT NULL COMMENT 'Название категории',
  `category_level` tinyint unsigned NOT NULL DEFAULT '1' COMMENT 'Уровень категории',
  `top_level_id` tinyint unsigned NOT NULL DEFAULT '0' COMMENT 'Идентификатор категории - родителя',
  PRIMARY KEY (`id`)
) ENGINE=InnoDB AUTO_INCREMENT=69 DEFAULT CHARSET=utf8 COMMENT='Категории товаров';
/*!40101 SET character_set_client = @saved_cs_client */;

--
-- Dumping data for table `categories`
--

LOCK TABLES `categories` WRITE;
/*!40000 ALTER TABLE `categories` DISABLE KEYS */;
INSERT INTO `categories` VALUES (1,'eveniet',2,39),(2,'amet',2,54),(3,'et',2,62),(4,'inventore',2,53),(5,'expedita',2,59),(6,'quod',2,48),(7,'esse',2,52),(8,'modi',2,40),(9,'esse',2,48),(10,'repellendus',2,39),(11,'ea',2,31),(12,'reprehenderit',2,54),(13,'minus',2,64),(14,'similique',2,62),(15,'voluptatem',2,64),(16,'et',2,44),(17,'aut',2,31),(18,'voluptas',2,27),(19,'maxime',2,31),(20,'corrupti',2,41),(21,'quidem',2,59),(22,'vitae',2,44),(23,'sunt',1,45),(24,'reiciendis',2,38),(25,'repudiandae',2,23),(26,'blanditiis',2,66),(27,'voluptatem',1,57),(28,'doloremque',2,65),(29,'molestiae',0,20),(30,'itaque',2,31),(31,'aspernatur',1,50),(32,'commodi',2,38),(33,'itaque',1,63),(34,'dignissimos',1,37),(35,'reiciendis',1,50),(36,'doloremque',2,41),(37,'eos',0,19),(38,'repellat',1,57),(39,'non',1,37),(40,'iure',1,60),(41,'reiciendis',1,45),(42,'magnam',2,55),(43,'a',0,20),(44,'vel',1,43),(45,'voluptate',0,10),(46,'ipsam',2,52),(47,'ipsum',2,33),(48,'nulla',1,63),(49,'aut',2,31),(50,'sed',0,0),(51,'unde',0,13),(52,'in',1,60),(53,'voluptatem',1,43),(54,'vitae',1,67),(55,'delectus',1,43),(56,'et',2,35),(57,'aliquid',0,7),(58,'voluptate',2,54),(59,'fuga',1,43),(60,'reprehenderit',0,5),(61,'excepturi',2,48),(62,'culpa',1,37),(63,'et',0,0),(64,'et',1,37),(65,'dolorem',1,67),(66,'corrupti',1,45),(67,'asperiores',0,13),(68,'beatae',2,48);
/*!40000 ALTER TABLE `categories` ENABLE KEYS */;
UNLOCK TABLES;

--
-- Table structure for table `colors`
--

DROP TABLE IF EXISTS `colors`;
/*!40101 SET @saved_cs_client     = @@character_set_client */;
/*!50503 SET character_set_client = utf8mb4 */;
CREATE TABLE `colors` (
  `id` smallint unsigned NOT NULL AUTO_INCREMENT,
  `name` varchar(100) NOT NULL,
  PRIMARY KEY (`id`),
  UNIQUE KEY `name` (`name`)
) ENGINE=InnoDB AUTO_INCREMENT=61 DEFAULT CHARSET=utf8 COMMENT='Справочник цветов';
/*!40101 SET character_set_client = @saved_cs_client */;

--
-- Dumping data for table `colors`
--

LOCK TABLES `colors` WRITE;
/*!40000 ALTER TABLE `colors` DISABLE KEYS */;
INSERT INTO `colors` VALUES (47,'AntiqueWhite'),(5,'Aquamarine'),(12,'Beige'),(57,'Bisque'),(19,'Black'),(38,'BlanchedAlmond'),(25,'BlueViolet'),(9,'Chartreuse'),(40,'Chocolate'),(4,'Cornsilk'),(16,'Cyan'),(21,'DarkGoldenRod'),(11,'DarkGreen'),(17,'DarkMagenta'),(48,'DarkOliveGreen'),(50,'DarkOrchid'),(44,'DarkRed'),(27,'DarkSlateBlue'),(7,'DarkSlateGray'),(56,'DeepPink'),(29,'DodgerBlue'),(59,'ForestGreen'),(8,'GhostWhite'),(60,'GoldenRod'),(33,'GreenYellow'),(2,'HotPink'),(26,'IndianRed '),(43,'LavenderBlush'),(10,'LawnGreen'),(54,'LightBlue'),(18,'LightCyan'),(1,'LightGray'),(6,'LightPink'),(46,'LightSeaGreen'),(58,'LightSkyBlue'),(52,'LightSlateGray'),(42,'LightYellow'),(51,'LimeGreen'),(53,'MediumOrchid'),(32,'MediumPurple'),(45,'MediumSlateBlue'),(22,'MidnightBlue'),(14,'Moccasin'),(23,'NavajoWhite'),(49,'Olive'),(39,'Orange'),(28,'PaleVioletRed'),(55,'Pink'),(30,'Purple'),(37,'SaddleBrown'),(24,'SandyBrown'),(36,'SeaGreen'),(31,'SeaShell'),(35,'Silver'),(13,'SteelBlue'),(3,'Thistle'),(41,'Tomato'),(34,'Wheat'),(20,'White'),(15,'WhiteSmoke');
/*!40000 ALTER TABLE `colors` ENABLE KEYS */;
UNLOCK TABLES;

--
-- Table structure for table `discounts`
--

DROP TABLE IF EXISTS `discounts`;
/*!40101 SET @saved_cs_client     = @@character_set_client */;
/*!50503 SET character_set_client = utf8mb4 */;
CREATE TABLE `discounts` (
  `id` smallint unsigned NOT NULL AUTO_INCREMENT COMMENT 'Идентификатор скидки',
  `discount_type` enum('perpetual','in_period') DEFAULT NULL COMMENT 'Тип скидки',
  `sale` tinyint unsigned NOT NULL COMMENT 'Величина скидки, %',
  `start_at` datetime DEFAULT NULL COMMENT 'Дата начала действия скидки',
  `stop_at` datetime DEFAULT NULL COMMENT 'Дата окончания действия скидки',
  `created_at` datetime NOT NULL DEFAULT CURRENT_TIMESTAMP COMMENT 'Дата создания записи',
  `updated_at` datetime NOT NULL DEFAULT CURRENT_TIMESTAMP ON UPDATE CURRENT_TIMESTAMP COMMENT 'Дата изменения записи',
  PRIMARY KEY (`id`)
) ENGINE=InnoDB AUTO_INCREMENT=6 DEFAULT CHARSET=utf8 COMMENT='Скидки';
/*!40101 SET character_set_client = @saved_cs_client */;

--
-- Dumping data for table `discounts`
--

LOCK TABLES `discounts` WRITE;
/*!40000 ALTER TABLE `discounts` DISABLE KEYS */;
INSERT INTO `discounts` VALUES (1,'in_period',5,'1996-01-13 19:01:16','2008-06-21 13:55:49','1991-01-22 04:55:33','1972-02-21 02:50:43'),(2,'in_period',5,'2015-01-15 18:51:03','2001-11-21 11:40:25','1977-04-02 08:26:47','1995-09-23 16:19:47'),(3,'perpetual',8,'2005-06-13 12:37:25','2007-07-01 19:34:37','2018-03-30 08:08:51','1993-10-20 03:36:46'),(4,'in_period',12,'1981-06-16 10:35:38','1973-03-07 16:54:23','1995-05-18 17:43:03','1979-10-16 15:44:24'),(5,'perpetual',13,'2003-11-18 09:37:31','1986-04-08 12:13:15','1992-06-26 02:19:35','2009-06-17 18:55:49');
/*!40000 ALTER TABLE `discounts` ENABLE KEYS */;
UNLOCK TABLES;

--
-- Table structure for table `field_activity`
--

DROP TABLE IF EXISTS `field_activity`;
/*!40101 SET @saved_cs_client     = @@character_set_client */;
/*!50503 SET character_set_client = utf8mb4 */;
CREATE TABLE `field_activity` (
  `id` tinyint unsigned NOT NULL AUTO_INCREMENT COMMENT 'Идентификатор сферы деятельности',
  `name` varchar(100) NOT NULL COMMENT 'Название сферы деятельности',
  PRIMARY KEY (`id`),
  UNIQUE KEY `name` (`name`)
) ENGINE=InnoDB AUTO_INCREMENT=6 DEFAULT CHARSET=utf8 COMMENT='Сферы деятельности';
/*!40101 SET character_set_client = @saved_cs_client */;

--
-- Dumping data for table `field_activity`
--

LOCK TABLES `field_activity` WRITE;
/*!40000 ALTER TABLE `field_activity` DISABLE KEYS */;
INSERT INTO `field_activity` VALUES (2,'internet shop'),(3,'joint shopping'),(5,'other'),(4,'personal shopping'),(1,'shop');
/*!40000 ALTER TABLE `field_activity` ENABLE KEYS */;
UNLOCK TABLES;

--
-- Table structure for table `media`
--

DROP TABLE IF EXISTS `media`;
/*!40101 SET @saved_cs_client     = @@character_set_client */;
/*!50503 SET character_set_client = utf8mb4 */;
CREATE TABLE `media` (
  `id` int unsigned NOT NULL AUTO_INCREMENT COMMENT 'Идентификатор медиафайла',
  `media_type_id` tinyint unsigned NOT NULL COMMENT 'Идентификатор типа медиафайла',
  `file_path` varchar(255) NOT NULL COMMENT 'Путь к файлу',
  `created_at` datetime NOT NULL DEFAULT CURRENT_TIMESTAMP COMMENT 'Дата создания записи',
  `updated_at` datetime NOT NULL DEFAULT CURRENT_TIMESTAMP ON UPDATE CURRENT_TIMESTAMP COMMENT 'Дата изменения записи',
  PRIMARY KEY (`id`),
  KEY `media__media_type_id_fk` (`media_type_id`),
  CONSTRAINT `media__media_type_id_fk` FOREIGN KEY (`media_type_id`) REFERENCES `media_types` (`id`) ON DELETE RESTRICT ON UPDATE CASCADE
) ENGINE=InnoDB AUTO_INCREMENT=451 DEFAULT CHARSET=utf8 COMMENT='Медиафайлы';
/*!40101 SET character_set_client = @saved_cs_client */;

--
-- Dumping data for table `media`
--

LOCK TABLES `media` WRITE;
/*!40000 ALTER TABLE `media` DISABLE KEYS */;
INSERT INTO `media` VALUES (1,2,'https://happywear.ru/media/animated image/animated image-1','2014-11-29 03:11:00','2014-12-06 03:41:04'),(2,1,'https://happywear.ru/media/video/video-2','2010-08-17 04:40:00','2010-08-30 00:03:44'),(3,1,'https://happywear.ru/media/video/video-3','2017-05-15 02:27:00','2017-05-15 15:20:01'),(4,2,'https://happywear.ru/media/animated image/animated image-4','2014-01-29 16:23:00','2014-02-04 23:23:29'),(5,1,'https://happywear.ru/media/video/video-5','2017-05-03 04:05:00','2017-05-13 05:12:37'),(6,3,'https://happywear.ru/media/image/image-6','2017-01-07 10:16:00','2017-01-20 20:38:03'),(7,2,'https://happywear.ru/media/animated image/animated image-7','2017-05-21 20:46:00','2017-05-24 17:00:03'),(8,2,'https://happywear.ru/media/animated image/animated image-8','2016-09-18 22:17:00','2016-09-20 19:29:52'),(9,1,'https://happywear.ru/media/video/video-9','2017-05-27 10:39:00','2017-05-31 20:02:09'),(10,3,'https://happywear.ru/media/image/image-10','2013-10-30 00:27:00','2013-11-10 18:38:18'),(11,2,'https://happywear.ru/media/animated image/animated image-11','2016-09-11 21:41:00','2016-09-14 18:43:58'),(12,3,'https://happywear.ru/media/image/image-12','2017-05-23 08:21:00','2017-05-25 21:36:51'),(13,1,'https://happywear.ru/media/video/video-13','2010-12-15 21:52:00','2010-12-25 02:37:56'),(14,2,'https://happywear.ru/media/animated image/animated image-14','2018-11-17 15:34:00','2018-11-22 22:42:22'),(15,1,'https://happywear.ru/media/video/video-15','2011-07-25 21:39:00','2011-08-07 04:15:31'),(16,3,'https://happywear.ru/media/image/image-16','2014-04-07 15:31:00','2014-04-21 07:25:45'),(17,2,'https://happywear.ru/media/animated image/animated image-17','2011-07-09 10:34:00','2011-07-24 11:43:35'),(18,3,'https://happywear.ru/media/image/image-18','2016-07-14 19:55:00','2016-07-17 10:34:58'),(19,1,'https://happywear.ru/media/video/video-19','2016-04-13 21:41:00','2016-04-26 00:26:42'),(20,3,'https://happywear.ru/media/image/image-20','2017-11-17 20:39:00','2017-11-22 01:19:07'),(21,3,'https://happywear.ru/media/image/image-21','2013-11-13 07:29:00','2013-11-16 21:39:21'),(22,1,'https://happywear.ru/media/video/video-22','2012-05-05 08:38:00','2012-05-08 13:47:01'),(23,2,'https://happywear.ru/media/animated image/animated image-23','2015-05-03 20:35:00','2015-05-09 23:28:41'),(24,3,'https://happywear.ru/media/image/image-24','2017-01-21 19:26:00','2017-01-25 15:34:54'),(25,1,'https://happywear.ru/media/video/video-25','2012-09-19 05:10:00','2012-09-28 02:33:41'),(26,1,'https://happywear.ru/media/video/video-26','2017-06-12 18:00:00','2017-06-12 18:02:55'),(27,3,'https://happywear.ru/media/image/image-27','2017-03-12 17:36:00','2017-03-14 16:35:11'),(28,2,'https://happywear.ru/media/animated image/animated image-28','2016-03-27 06:26:00','2016-04-09 02:30:04'),(29,2,'https://happywear.ru/media/animated image/animated image-29','2011-03-28 08:38:00','2011-04-07 06:04:29'),(30,1,'https://happywear.ru/media/video/video-30','2011-11-21 07:57:00','2011-11-27 19:26:21'),(31,1,'https://happywear.ru/media/video/video-31','2011-02-28 02:33:00','2011-03-04 04:56:51'),(32,1,'https://happywear.ru/media/video/video-32','2018-11-19 10:00:00','2018-11-21 04:26:03'),(33,2,'https://happywear.ru/media/animated image/animated image-33','2014-04-25 01:49:00','2014-05-09 20:31:59'),(34,2,'https://happywear.ru/media/animated image/animated image-34','2012-01-19 06:24:00','2012-01-22 04:45:16'),(35,3,'https://happywear.ru/media/image/image-35','2014-03-15 18:57:00','2014-03-18 03:36:00'),(36,1,'https://happywear.ru/media/video/video-36','2017-01-24 19:02:00','2017-01-26 03:31:38'),(37,2,'https://happywear.ru/media/animated image/animated image-37','2012-06-10 06:29:00','2012-06-19 07:59:57'),(38,3,'https://happywear.ru/media/image/image-38','2012-07-14 08:22:00','2012-07-19 23:18:25'),(39,2,'https://happywear.ru/media/animated image/animated image-39','2015-01-21 04:22:00','2015-01-28 17:03:49'),(40,2,'https://happywear.ru/media/animated image/animated image-40','2014-07-17 07:33:00','2014-07-23 01:06:15'),(41,2,'https://happywear.ru/media/animated image/animated image-41','2010-04-23 05:55:00','2010-05-01 21:57:43'),(42,3,'https://happywear.ru/media/image/image-42','2016-07-26 07:04:00','2016-07-28 15:17:56'),(43,2,'https://happywear.ru/media/animated image/animated image-43','2015-01-03 08:31:00','2015-01-14 11:55:17'),(44,1,'https://happywear.ru/media/video/video-44','2014-11-18 19:01:00','2014-11-21 09:39:58'),(45,2,'https://happywear.ru/media/animated image/animated image-45','2012-03-14 16:42:00','2012-03-16 22:09:16'),(46,1,'https://happywear.ru/media/video/video-46','2018-11-28 05:21:00','2018-12-02 20:46:11'),(47,2,'https://happywear.ru/media/animated image/animated image-47','2012-07-10 00:07:00','2012-07-20 05:00:33'),(48,1,'https://happywear.ru/media/video/video-48','2018-01-07 23:35:00','2018-01-14 22:11:21'),(49,1,'https://happywear.ru/media/video/video-49','2010-02-20 18:35:00','2010-02-24 07:18:49'),(50,1,'https://happywear.ru/media/video/video-50','2011-03-15 21:28:00','2011-03-23 06:36:11'),(51,2,'https://happywear.ru/media/animated image/animated image-51','2012-10-22 21:03:00','2012-10-29 04:37:47'),(52,1,'https://happywear.ru/media/video/video-52','2011-06-22 22:25:00','2011-07-02 08:19:40'),(53,1,'https://happywear.ru/media/video/video-53','2015-11-10 18:01:00','2015-11-10 23:07:00'),(54,1,'https://happywear.ru/media/video/video-54','2018-10-20 05:47:00','2018-10-23 09:42:29'),(55,1,'https://happywear.ru/media/video/video-55','2018-07-03 22:53:00','2018-07-10 09:39:17'),(56,3,'https://happywear.ru/media/image/image-56','2017-07-23 21:49:00','2017-08-06 13:57:19'),(57,1,'https://happywear.ru/media/video/video-57','2018-04-18 17:31:00','2018-05-03 22:25:57'),(58,1,'https://happywear.ru/media/video/video-58','2011-05-07 00:26:00','2011-05-10 01:30:06'),(59,2,'https://happywear.ru/media/animated image/animated image-59','2013-03-13 16:50:00','2013-03-18 17:55:42'),(60,1,'https://happywear.ru/media/video/video-60','2018-11-21 23:12:00','2018-12-02 18:43:11'),(61,3,'https://happywear.ru/media/image/image-61','2014-11-25 04:33:00','2014-11-27 02:07:58'),(62,3,'https://happywear.ru/media/image/image-62','2011-08-10 11:30:00','2011-08-16 23:40:04'),(63,3,'https://happywear.ru/media/image/image-63','2018-11-09 05:57:00','2018-11-20 12:45:24'),(64,3,'https://happywear.ru/media/image/image-64','2017-06-14 11:21:00','2017-06-20 08:17:24'),(65,3,'https://happywear.ru/media/image/image-65','2016-07-07 21:34:00','2016-07-11 20:52:59'),(66,3,'https://happywear.ru/media/image/image-66','2012-07-26 22:15:00','2012-08-01 06:37:51'),(67,2,'https://happywear.ru/media/animated image/animated image-67','2010-10-29 20:49:00','2010-11-04 01:30:55'),(68,3,'https://happywear.ru/media/image/image-68','2011-06-13 15:06:00','2011-06-20 11:12:58'),(69,1,'https://happywear.ru/media/video/video-69','2010-04-10 01:53:00','2010-04-12 23:21:10'),(70,2,'https://happywear.ru/media/animated image/animated image-70','2013-06-12 16:56:00','2013-06-19 21:17:13'),(71,3,'https://happywear.ru/media/image/image-71','2017-08-01 13:31:00','2017-08-05 08:00:26'),(72,3,'https://happywear.ru/media/image/image-72','2014-01-30 15:19:00','2014-02-13 20:46:20'),(73,1,'https://happywear.ru/media/video/video-73','2013-12-18 13:02:00','2013-12-27 19:57:39'),(74,3,'https://happywear.ru/media/image/image-74','2016-04-04 22:51:00','2016-04-13 06:19:10'),(75,2,'https://happywear.ru/media/animated image/animated image-75','2013-01-16 16:20:00','2013-01-26 17:16:06'),(76,1,'https://happywear.ru/media/video/video-76','2010-07-12 12:54:00','2010-07-25 09:09:19'),(77,3,'https://happywear.ru/media/image/image-77','2011-12-16 15:35:00','2011-12-20 23:43:05'),(78,1,'https://happywear.ru/media/video/video-78','2015-10-13 14:37:00','2015-10-22 16:09:16'),(79,3,'https://happywear.ru/media/image/image-79','2012-06-07 11:46:00','2012-06-19 02:24:45'),(80,2,'https://happywear.ru/media/animated image/animated image-80','2016-08-28 20:49:00','2016-09-01 00:38:15'),(81,1,'https://happywear.ru/media/video/video-81','2011-11-23 11:34:00','2011-12-07 00:35:33'),(82,2,'https://happywear.ru/media/animated image/animated image-82','2015-04-26 20:10:00','2015-05-11 18:41:15'),(83,1,'https://happywear.ru/media/video/video-83','2016-10-20 19:08:00','2016-10-27 07:57:38'),(84,1,'https://happywear.ru/media/video/video-84','2010-07-08 22:07:00','2010-07-09 22:46:54'),(85,3,'https://happywear.ru/media/image/image-85','2010-03-10 11:13:00','2010-03-14 12:08:30'),(86,2,'https://happywear.ru/media/animated image/animated image-86','2016-11-26 12:35:00','2016-11-30 12:15:31'),(87,1,'https://happywear.ru/media/video/video-87','2011-02-21 03:03:00','2011-02-22 17:16:24'),(88,2,'https://happywear.ru/media/animated image/animated image-88','2012-11-23 02:16:00','2012-12-04 18:40:40'),(89,2,'https://happywear.ru/media/animated image/animated image-89','2017-10-11 14:46:00','2017-10-22 13:48:18'),(90,1,'https://happywear.ru/media/video/video-90','2012-06-07 20:00:00','2012-06-12 01:37:22'),(91,2,'https://happywear.ru/media/animated image/animated image-91','2018-09-15 18:33:00','2018-09-24 03:01:29'),(92,2,'https://happywear.ru/media/animated image/animated image-92','2010-01-09 03:55:00','2010-01-16 11:36:51'),(93,3,'https://happywear.ru/media/image/image-93','2014-01-15 16:45:00','2014-01-23 23:14:08'),(94,1,'https://happywear.ru/media/video/video-94','2010-01-01 21:13:00','2010-01-03 20:00:03'),(95,3,'https://happywear.ru/media/image/image-95','2012-02-14 15:24:00','2012-02-28 14:04:12'),(96,2,'https://happywear.ru/media/animated image/animated image-96','2016-10-22 16:21:00','2016-10-27 01:13:28'),(97,3,'https://happywear.ru/media/image/image-97','2012-03-13 06:37:00','2012-03-28 11:24:09'),(98,1,'https://happywear.ru/media/video/video-98','2012-07-21 20:41:00','2012-07-26 15:08:53'),(99,1,'https://happywear.ru/media/video/video-99','2014-08-31 09:27:00','2014-09-11 02:49:18'),(100,2,'https://happywear.ru/media/animated image/animated image-100','2017-07-08 10:11:00','2017-07-21 11:31:33'),(101,2,'https://happywear.ru/media/animated image/animated image-101','2016-06-23 21:23:00','2016-07-07 14:21:44'),(102,3,'https://happywear.ru/media/image/image-102','2012-01-07 12:25:00','2012-01-20 02:03:23'),(103,1,'https://happywear.ru/media/video/video-103','2016-03-26 17:05:00','2016-04-09 22:41:57'),(104,2,'https://happywear.ru/media/animated image/animated image-104','2017-01-25 14:53:00','2017-02-05 00:41:18'),(105,1,'https://happywear.ru/media/video/video-105','2016-11-03 17:55:00','2016-11-04 13:38:43'),(106,3,'https://happywear.ru/media/image/image-106','2018-12-12 12:03:00','2018-12-18 20:12:11'),(107,2,'https://happywear.ru/media/animated image/animated image-107','2012-09-27 05:43:00','2012-10-08 08:22:37'),(108,3,'https://happywear.ru/media/image/image-108','2013-09-15 11:54:00','2013-09-20 02:35:15'),(109,1,'https://happywear.ru/media/video/video-109','2016-09-09 05:45:00','2016-09-20 22:28:10'),(110,2,'https://happywear.ru/media/animated image/animated image-110','2018-04-08 06:38:00','2018-04-19 06:54:43'),(111,3,'https://happywear.ru/media/image/image-111','2018-08-02 22:22:00','2018-08-04 05:37:18'),(112,1,'https://happywear.ru/media/video/video-112','2016-07-03 12:28:00','2016-07-08 23:56:57'),(113,3,'https://happywear.ru/media/image/image-113','2015-12-11 02:34:00','2015-12-19 02:20:28'),(114,3,'https://happywear.ru/media/image/image-114','2016-02-05 06:59:00','2016-02-12 00:52:04'),(115,2,'https://happywear.ru/media/animated image/animated image-115','2010-11-25 15:41:00','2010-12-03 12:06:07'),(116,3,'https://happywear.ru/media/image/image-116','2017-12-15 14:46:00','2017-12-25 09:29:40'),(117,2,'https://happywear.ru/media/animated image/animated image-117','2013-01-24 14:43:00','2013-01-26 09:29:45'),(118,3,'https://happywear.ru/media/image/image-118','2017-01-14 05:19:00','2017-01-23 09:35:20'),(119,3,'https://happywear.ru/media/image/image-119','2012-02-16 07:25:00','2012-02-26 08:45:27'),(120,2,'https://happywear.ru/media/animated image/animated image-120','2014-01-02 09:57:00','2014-01-12 01:26:52'),(121,2,'https://happywear.ru/media/animated image/animated image-121','2011-12-05 12:03:00','2011-12-18 03:27:39'),(122,2,'https://happywear.ru/media/animated image/animated image-122','2016-04-23 07:55:00','2016-05-08 09:50:17'),(123,2,'https://happywear.ru/media/animated image/animated image-123','2015-08-28 10:41:00','2015-09-06 00:04:37'),(124,2,'https://happywear.ru/media/animated image/animated image-124','2018-07-17 21:00:00','2018-07-18 20:47:03'),(125,2,'https://happywear.ru/media/animated image/animated image-125','2010-08-21 11:23:00','2010-08-27 03:31:41'),(126,1,'https://happywear.ru/media/video/video-126','2015-05-19 22:22:00','2015-05-25 02:21:00'),(127,1,'https://happywear.ru/media/video/video-127','2010-09-16 14:47:00','2010-09-22 13:09:32'),(128,3,'https://happywear.ru/media/image/image-128','2016-12-04 20:34:00','2016-12-17 04:29:31'),(129,3,'https://happywear.ru/media/image/image-129','2017-03-20 13:12:00','2017-03-21 16:37:54'),(130,2,'https://happywear.ru/media/animated image/animated image-130','2012-04-01 08:03:00','2012-04-14 03:08:02'),(131,1,'https://happywear.ru/media/video/video-131','2017-06-19 13:10:00','2017-06-30 01:47:11'),(132,1,'https://happywear.ru/media/video/video-132','2014-06-08 18:18:00','2014-06-15 02:55:07'),(133,1,'https://happywear.ru/media/video/video-133','2015-05-28 16:00:00','2015-06-06 05:53:32'),(134,2,'https://happywear.ru/media/animated image/animated image-134','2013-05-31 10:41:00','2013-06-06 21:24:19'),(135,2,'https://happywear.ru/media/animated image/animated image-135','2016-01-10 13:45:00','2016-01-13 04:48:38'),(136,3,'https://happywear.ru/media/image/image-136','2017-11-23 22:39:00','2017-12-06 12:35:42'),(137,2,'https://happywear.ru/media/animated image/animated image-137','2011-04-03 13:59:00','2011-04-06 17:13:42'),(138,2,'https://happywear.ru/media/animated image/animated image-138','2011-02-21 02:01:00','2011-02-21 20:53:02'),(139,1,'https://happywear.ru/media/video/video-139','2018-10-17 18:14:00','2018-10-20 00:43:22'),(140,1,'https://happywear.ru/media/video/video-140','2013-01-06 19:50:00','2013-01-16 12:12:31'),(141,1,'https://happywear.ru/media/video/video-141','2011-05-07 16:32:00','2011-05-19 11:06:52'),(142,2,'https://happywear.ru/media/animated image/animated image-142','2012-06-01 12:24:00','2012-06-05 01:17:11'),(143,1,'https://happywear.ru/media/video/video-143','2017-12-27 00:52:00','2018-01-09 19:18:05'),(144,3,'https://happywear.ru/media/image/image-144','2014-06-26 00:05:00','2014-07-08 05:54:39'),(145,3,'https://happywear.ru/media/image/image-145','2012-04-05 20:39:00','2012-04-11 21:34:17'),(146,3,'https://happywear.ru/media/image/image-146','2016-07-14 21:51:00','2016-07-15 07:01:49'),(147,3,'https://happywear.ru/media/image/image-147','2015-11-29 19:39:00','2015-12-09 04:36:36'),(148,1,'https://happywear.ru/media/video/video-148','2016-11-23 23:41:00','2016-12-08 19:00:39'),(149,3,'https://happywear.ru/media/image/image-149','2013-03-23 09:38:00','2013-03-25 14:36:19'),(150,3,'https://happywear.ru/media/image/image-150','2012-12-19 05:06:00','2012-12-26 21:05:17'),(151,1,'https://happywear.ru/media/video/video-151','2012-07-03 21:19:00','2012-07-07 15:21:09'),(152,1,'https://happywear.ru/media/video/video-152','2015-12-30 21:44:00','2016-01-05 06:33:38'),(153,2,'https://happywear.ru/media/animated image/animated image-153','2015-07-12 00:09:00','2015-07-22 01:34:47'),(154,1,'https://happywear.ru/media/video/video-154','2011-01-08 13:49:00','2011-01-21 20:48:24'),(155,3,'https://happywear.ru/media/image/image-155','2010-02-13 11:06:00','2010-02-18 14:03:54'),(156,1,'https://happywear.ru/media/video/video-156','2018-08-03 21:06:00','2018-08-12 03:49:22'),(157,1,'https://happywear.ru/media/video/video-157','2012-06-29 11:41:00','2012-07-02 10:15:44'),(158,3,'https://happywear.ru/media/image/image-158','2016-12-21 06:42:00','2017-01-04 04:58:07'),(159,2,'https://happywear.ru/media/animated image/animated image-159','2018-08-06 01:10:00','2018-08-18 13:53:47'),(160,2,'https://happywear.ru/media/animated image/animated image-160','2011-01-01 21:06:00','2011-01-13 02:16:08'),(161,2,'https://happywear.ru/media/animated image/animated image-161','2010-09-20 14:58:00','2010-09-28 14:38:47'),(162,1,'https://happywear.ru/media/video/video-162','2017-09-12 15:12:00','2017-09-18 15:38:02'),(163,1,'https://happywear.ru/media/video/video-163','2010-03-29 00:58:00','2010-03-29 22:48:25'),(164,3,'https://happywear.ru/media/image/image-164','2010-11-19 12:22:00','2010-11-21 01:24:53'),(165,2,'https://happywear.ru/media/animated image/animated image-165','2013-05-14 16:27:00','2013-05-17 08:08:19'),(166,1,'https://happywear.ru/media/video/video-166','2012-07-24 04:34:00','2012-08-03 22:31:28'),(167,3,'https://happywear.ru/media/image/image-167','2018-07-09 21:56:00','2018-07-10 09:12:18'),(168,2,'https://happywear.ru/media/animated image/animated image-168','2010-12-09 06:41:00','2010-12-21 15:53:11'),(169,2,'https://happywear.ru/media/animated image/animated image-169','2014-05-31 01:09:00','2014-06-07 23:28:28'),(170,1,'https://happywear.ru/media/video/video-170','2010-07-11 16:18:00','2010-07-15 13:34:14'),(171,2,'https://happywear.ru/media/animated image/animated image-171','2018-01-10 20:56:00','2018-01-14 00:08:20'),(172,1,'https://happywear.ru/media/video/video-172','2012-05-13 17:37:00','2012-05-26 03:57:31'),(173,1,'https://happywear.ru/media/video/video-173','2018-07-10 09:58:00','2018-07-18 22:29:21'),(174,3,'https://happywear.ru/media/image/image-174','2015-07-14 13:06:00','2015-07-27 19:45:50'),(175,3,'https://happywear.ru/media/image/image-175','2010-02-13 10:44:00','2010-02-22 09:57:37'),(176,3,'https://happywear.ru/media/image/image-176','2010-05-22 19:08:00','2010-05-31 22:23:17'),(177,2,'https://happywear.ru/media/animated image/animated image-177','2014-02-02 10:26:00','2014-02-13 17:07:32'),(178,2,'https://happywear.ru/media/animated image/animated image-178','2010-09-17 07:31:00','2010-10-01 08:34:46'),(179,2,'https://happywear.ru/media/animated image/animated image-179','2018-08-24 02:15:00','2018-09-06 14:43:26'),(180,1,'https://happywear.ru/media/video/video-180','2013-06-24 12:12:00','2013-07-07 02:44:15'),(181,3,'https://happywear.ru/media/image/image-181','2018-05-25 11:13:00','2018-06-03 00:56:28'),(182,3,'https://happywear.ru/media/image/image-182','2018-01-15 04:33:00','2018-01-29 10:34:44'),(183,1,'https://happywear.ru/media/video/video-183','2014-11-29 06:52:00','2014-12-02 11:29:58'),(184,3,'https://happywear.ru/media/image/image-184','2010-01-23 13:48:00','2010-02-07 09:19:32'),(185,3,'https://happywear.ru/media/image/image-185','2014-05-04 15:23:00','2014-05-15 04:43:58'),(186,1,'https://happywear.ru/media/video/video-186','2017-08-26 13:28:00','2017-08-28 08:09:05'),(187,1,'https://happywear.ru/media/video/video-187','2015-02-08 14:44:00','2015-02-21 03:54:13'),(188,1,'https://happywear.ru/media/video/video-188','2014-08-05 00:59:00','2014-08-14 18:39:53'),(189,3,'https://happywear.ru/media/image/image-189','2010-09-17 07:43:00','2010-09-29 20:16:18'),(190,1,'https://happywear.ru/media/video/video-190','2013-06-12 09:39:00','2013-06-27 13:50:40'),(191,1,'https://happywear.ru/media/video/video-191','2017-09-04 06:14:00','2017-09-14 03:22:14'),(192,2,'https://happywear.ru/media/animated image/animated image-192','2015-06-15 19:48:00','2015-06-28 11:03:50'),(193,3,'https://happywear.ru/media/image/image-193','2018-11-15 07:56:00','2018-11-25 02:45:56'),(194,2,'https://happywear.ru/media/animated image/animated image-194','2015-06-03 08:54:00','2015-06-04 14:09:44'),(195,2,'https://happywear.ru/media/animated image/animated image-195','2010-07-26 21:29:00','2010-08-09 18:00:33'),(196,1,'https://happywear.ru/media/video/video-196','2014-04-23 16:18:00','2014-04-28 01:22:51'),(197,3,'https://happywear.ru/media/image/image-197','2012-08-24 07:29:00','2012-08-28 06:56:31'),(198,3,'https://happywear.ru/media/image/image-198','2014-04-10 20:37:00','2014-04-23 00:18:45'),(199,2,'https://happywear.ru/media/animated image/animated image-199','2013-04-03 13:22:00','2013-04-06 21:20:38'),(200,2,'https://happywear.ru/media/animated image/animated image-200','2011-12-04 08:15:00','2011-12-19 12:23:55'),(201,2,'https://happywear.ru/media/animated image/animated image-201','2013-12-13 21:42:00','2013-12-18 16:21:38'),(202,1,'https://happywear.ru/media/video/video-202','2018-04-28 15:09:00','2018-05-12 15:16:36'),(203,3,'https://happywear.ru/media/image/image-203','2010-10-28 16:57:00','2010-11-12 16:16:39'),(204,1,'https://happywear.ru/media/video/video-204','2011-07-16 04:24:00','2011-07-20 17:42:59'),(205,3,'https://happywear.ru/media/image/image-205','2016-08-05 15:59:00','2016-08-13 19:16:37'),(206,3,'https://happywear.ru/media/image/image-206','2010-01-16 08:31:00','2010-01-22 18:38:23'),(207,2,'https://happywear.ru/media/animated image/animated image-207','2016-06-20 13:34:00','2016-07-02 20:55:39'),(208,1,'https://happywear.ru/media/video/video-208','2016-02-16 15:17:00','2016-03-02 10:37:04'),(209,3,'https://happywear.ru/media/image/image-209','2018-08-13 12:03:00','2018-08-18 02:45:39'),(210,1,'https://happywear.ru/media/video/video-210','2012-08-07 22:48:00','2012-08-20 13:09:02'),(211,2,'https://happywear.ru/media/animated image/animated image-211','2017-01-15 19:16:00','2017-01-17 15:30:57'),(212,3,'https://happywear.ru/media/image/image-212','2014-06-20 01:23:00','2014-06-28 00:50:51'),(213,2,'https://happywear.ru/media/animated image/animated image-213','2011-01-27 16:03:00','2011-01-31 16:58:20'),(214,2,'https://happywear.ru/media/animated image/animated image-214','2011-11-21 19:10:00','2011-11-24 21:49:10'),(215,1,'https://happywear.ru/media/video/video-215','2016-10-13 08:27:00','2016-10-15 16:17:11'),(216,2,'https://happywear.ru/media/animated image/animated image-216','2012-12-24 14:43:00','2013-01-07 21:46:25'),(217,1,'https://happywear.ru/media/video/video-217','2014-11-19 05:10:00','2014-11-21 13:07:41'),(218,3,'https://happywear.ru/media/image/image-218','2011-05-25 14:47:00','2011-06-06 02:00:02'),(219,1,'https://happywear.ru/media/video/video-219','2018-03-22 10:21:00','2018-04-05 11:14:31'),(220,2,'https://happywear.ru/media/animated image/animated image-220','2013-10-31 10:41:00','2013-11-03 06:29:50'),(221,3,'https://happywear.ru/media/image/image-221','2012-05-31 03:15:00','2012-06-11 14:59:40'),(222,3,'https://happywear.ru/media/image/image-222','2011-01-25 07:07:00','2011-01-27 18:20:00'),(223,1,'https://happywear.ru/media/video/video-223','2015-07-25 17:24:00','2015-08-05 17:14:31'),(224,2,'https://happywear.ru/media/animated image/animated image-224','2014-03-21 11:55:00','2014-04-02 11:00:30'),(225,3,'https://happywear.ru/media/image/image-225','2013-08-31 17:29:00','2013-09-08 12:08:02'),(226,2,'https://happywear.ru/media/animated image/animated image-226','2011-05-04 23:33:00','2011-05-07 02:40:08'),(227,2,'https://happywear.ru/media/animated image/animated image-227','2014-10-03 16:43:00','2014-10-08 11:02:38'),(228,3,'https://happywear.ru/media/image/image-228','2015-08-13 01:32:00','2015-08-27 21:17:57'),(229,3,'https://happywear.ru/media/image/image-229','2010-04-18 07:15:00','2010-04-26 23:17:39'),(230,3,'https://happywear.ru/media/image/image-230','2014-10-12 11:10:00','2014-10-25 18:16:06'),(231,2,'https://happywear.ru/media/animated image/animated image-231','2017-02-24 17:55:00','2017-02-24 23:16:26'),(232,1,'https://happywear.ru/media/video/video-232','2015-04-07 17:26:00','2015-04-10 20:49:08'),(233,2,'https://happywear.ru/media/animated image/animated image-233','2011-02-22 03:28:00','2011-02-23 06:28:08'),(234,1,'https://happywear.ru/media/video/video-234','2010-08-30 01:40:00','2010-09-13 05:16:59'),(235,2,'https://happywear.ru/media/animated image/animated image-235','2013-06-20 00:17:00','2013-06-26 18:50:06'),(236,1,'https://happywear.ru/media/video/video-236','2015-07-31 17:45:00','2015-08-12 16:30:25'),(237,3,'https://happywear.ru/media/image/image-237','2012-11-06 02:37:00','2012-11-15 03:03:42'),(238,3,'https://happywear.ru/media/image/image-238','2012-07-18 20:17:00','2012-07-30 11:45:17'),(239,3,'https://happywear.ru/media/image/image-239','2015-02-19 07:57:00','2015-02-23 11:01:15'),(240,2,'https://happywear.ru/media/animated image/animated image-240','2012-05-06 14:37:00','2012-05-11 02:32:41'),(241,1,'https://happywear.ru/media/video/video-241','2018-02-15 10:50:00','2018-02-18 08:30:46'),(242,3,'https://happywear.ru/media/image/image-242','2010-06-19 18:01:00','2010-06-30 19:36:15'),(243,2,'https://happywear.ru/media/animated image/animated image-243','2016-05-20 05:47:00','2016-06-02 13:17:51'),(244,3,'https://happywear.ru/media/image/image-244','2011-10-04 09:15:00','2011-10-10 01:04:27'),(245,3,'https://happywear.ru/media/image/image-245','2014-11-12 18:02:00','2014-11-15 04:38:53'),(246,2,'https://happywear.ru/media/animated image/animated image-246','2013-01-07 00:54:00','2013-01-13 18:12:32'),(247,3,'https://happywear.ru/media/image/image-247','2013-07-23 12:04:00','2013-08-05 07:13:30'),(248,2,'https://happywear.ru/media/animated image/animated image-248','2018-09-22 05:11:00','2018-10-05 08:50:03'),(249,1,'https://happywear.ru/media/video/video-249','2014-08-27 03:04:00','2014-08-28 09:30:55'),(250,1,'https://happywear.ru/media/video/video-250','2012-02-08 10:39:00','2012-02-22 03:16:17'),(251,2,'https://happywear.ru/media/animated image/animated image-251','2013-02-25 01:45:00','2013-03-08 00:28:56'),(252,3,'https://happywear.ru/media/image/image-252','2010-01-01 17:52:00','2010-01-16 02:58:56'),(253,2,'https://happywear.ru/media/animated image/animated image-253','2011-09-05 01:19:00','2011-09-16 03:52:26'),(254,1,'https://happywear.ru/media/video/video-254','2016-11-15 09:08:00','2016-11-21 19:09:15'),(255,2,'https://happywear.ru/media/animated image/animated image-255','2018-03-17 13:44:00','2018-04-01 00:50:48'),(256,3,'https://happywear.ru/media/image/image-256','2012-03-07 20:21:00','2012-03-10 13:23:32'),(257,1,'https://happywear.ru/media/video/video-257','2010-07-01 00:06:00','2010-07-12 09:43:16'),(258,2,'https://happywear.ru/media/animated image/animated image-258','2012-12-12 20:52:00','2012-12-19 08:37:06'),(259,2,'https://happywear.ru/media/animated image/animated image-259','2011-03-25 15:09:00','2011-03-29 07:46:23'),(260,2,'https://happywear.ru/media/animated image/animated image-260','2017-01-11 06:52:00','2017-01-18 00:12:28'),(261,1,'https://happywear.ru/media/video/video-261','2014-12-20 23:03:00','2015-01-05 01:42:41'),(262,1,'https://happywear.ru/media/video/video-262','2010-04-01 20:07:00','2010-04-03 21:43:57'),(263,2,'https://happywear.ru/media/animated image/animated image-263','2014-10-08 07:06:00','2014-10-09 04:48:46'),(264,3,'https://happywear.ru/media/image/image-264','2011-04-09 03:50:00','2011-04-19 23:41:42'),(265,2,'https://happywear.ru/media/animated image/animated image-265','2011-05-26 15:12:00','2011-06-05 20:03:28'),(266,2,'https://happywear.ru/media/animated image/animated image-266','2010-03-03 16:30:00','2010-03-11 03:22:58'),(267,3,'https://happywear.ru/media/image/image-267','2018-04-29 09:07:00','2018-05-12 13:53:02'),(268,3,'https://happywear.ru/media/image/image-268','2015-05-25 11:08:00','2015-06-09 14:08:15'),(269,2,'https://happywear.ru/media/animated image/animated image-269','2017-09-08 00:06:00','2017-09-08 16:41:20'),(270,1,'https://happywear.ru/media/video/video-270','2015-07-12 13:01:00','2015-07-18 02:42:41'),(271,3,'https://happywear.ru/media/image/image-271','2016-05-07 03:21:00','2016-05-10 14:55:53'),(272,2,'https://happywear.ru/media/animated image/animated image-272','2014-12-21 07:14:00','2015-01-01 17:54:58'),(273,3,'https://happywear.ru/media/image/image-273','2015-06-30 18:29:00','2015-07-06 11:25:08'),(274,1,'https://happywear.ru/media/video/video-274','2017-01-01 11:40:00','2017-01-09 01:35:56'),(275,3,'https://happywear.ru/media/image/image-275','2018-01-11 09:14:00','2018-01-12 00:06:07'),(276,3,'https://happywear.ru/media/image/image-276','2014-05-22 22:17:00','2014-06-06 13:55:48'),(277,2,'https://happywear.ru/media/animated image/animated image-277','2017-05-04 07:29:00','2017-05-06 10:26:41'),(278,3,'https://happywear.ru/media/image/image-278','2018-03-28 21:00:00','2018-04-10 11:42:06'),(279,3,'https://happywear.ru/media/image/image-279','2016-09-21 02:43:00','2016-09-25 23:00:24'),(280,2,'https://happywear.ru/media/animated image/animated image-280','2017-03-05 02:24:00','2017-03-11 09:44:04'),(281,3,'https://happywear.ru/media/image/image-281','2017-07-28 08:39:00','2017-07-30 10:34:43'),(282,1,'https://happywear.ru/media/video/video-282','2017-09-28 04:40:00','2017-09-28 10:15:29'),(283,3,'https://happywear.ru/media/image/image-283','2017-11-29 04:52:00','2017-12-04 14:31:08'),(284,1,'https://happywear.ru/media/video/video-284','2011-05-01 12:34:00','2011-05-04 19:00:21'),(285,3,'https://happywear.ru/media/image/image-285','2012-07-19 23:16:00','2012-07-30 01:29:45'),(286,3,'https://happywear.ru/media/image/image-286','2010-11-24 14:28:00','2010-12-04 11:52:31'),(287,1,'https://happywear.ru/media/video/video-287','2012-01-29 23:59:00','2012-01-31 21:51:02'),(288,1,'https://happywear.ru/media/video/video-288','2015-01-31 05:56:00','2015-02-04 18:53:50'),(289,1,'https://happywear.ru/media/video/video-289','2012-12-19 07:34:00','2012-12-31 10:32:09'),(290,2,'https://happywear.ru/media/animated image/animated image-290','2010-12-24 07:24:00','2010-12-28 17:50:20'),(291,1,'https://happywear.ru/media/video/video-291','2012-09-11 02:23:00','2012-09-17 10:10:17'),(292,1,'https://happywear.ru/media/video/video-292','2013-12-17 02:34:00','2013-12-25 03:28:19'),(293,2,'https://happywear.ru/media/animated image/animated image-293','2014-09-08 17:32:00','2014-09-16 06:11:34'),(294,3,'https://happywear.ru/media/image/image-294','2015-07-07 13:17:00','2015-07-17 05:08:42'),(295,3,'https://happywear.ru/media/image/image-295','2014-05-16 06:16:00','2014-05-26 21:54:51'),(296,2,'https://happywear.ru/media/animated image/animated image-296','2017-02-10 01:34:00','2017-02-21 05:14:03'),(297,1,'https://happywear.ru/media/video/video-297','2010-04-11 04:18:00','2010-04-18 08:38:05'),(298,3,'https://happywear.ru/media/image/image-298','2017-10-28 13:49:00','2017-10-31 22:20:39'),(299,1,'https://happywear.ru/media/video/video-299','2016-01-15 05:45:00','2016-01-25 16:20:39'),(300,1,'https://happywear.ru/media/video/video-300','2017-02-21 04:27:00','2017-02-22 03:39:27'),(301,1,'https://happywear.ru/media/video/video-301','2018-10-11 06:07:00','2018-10-25 16:59:05'),(302,2,'https://happywear.ru/media/animated image/animated image-302','2012-05-02 07:47:00','2012-05-06 12:46:45'),(303,3,'https://happywear.ru/media/image/image-303','2015-05-31 08:19:00','2015-06-03 11:25:30'),(304,2,'https://happywear.ru/media/animated image/animated image-304','2013-03-01 23:49:00','2013-03-06 06:25:26'),(305,2,'https://happywear.ru/media/animated image/animated image-305','2017-09-18 05:38:00','2017-09-28 00:12:33'),(306,2,'https://happywear.ru/media/animated image/animated image-306','2014-02-09 07:02:00','2014-02-18 21:53:33'),(307,2,'https://happywear.ru/media/animated image/animated image-307','2012-03-30 08:33:00','2012-04-10 19:53:11'),(308,2,'https://happywear.ru/media/animated image/animated image-308','2018-04-08 13:58:00','2018-04-23 06:20:32'),(309,2,'https://happywear.ru/media/animated image/animated image-309','2011-12-07 08:22:00','2011-12-17 15:31:43'),(310,3,'https://happywear.ru/media/image/image-310','2013-01-31 01:08:00','2013-02-03 05:35:31'),(311,1,'https://happywear.ru/media/video/video-311','2013-11-15 15:08:00','2013-11-22 03:28:38'),(312,1,'https://happywear.ru/media/video/video-312','2017-12-25 07:57:00','2018-01-07 23:34:01'),(313,2,'https://happywear.ru/media/animated image/animated image-313','2013-05-03 01:31:00','2013-05-15 21:54:28'),(314,3,'https://happywear.ru/media/image/image-314','2012-06-01 21:30:00','2012-06-03 19:42:02'),(315,2,'https://happywear.ru/media/animated image/animated image-315','2012-12-07 22:43:00','2012-12-13 20:33:42'),(316,3,'https://happywear.ru/media/image/image-316','2010-01-18 17:19:00','2010-01-25 13:52:09'),(317,1,'https://happywear.ru/media/video/video-317','2015-12-17 19:35:00','2015-12-26 00:18:17'),(318,3,'https://happywear.ru/media/image/image-318','2010-12-04 12:23:00','2010-12-10 21:02:15'),(319,1,'https://happywear.ru/media/video/video-319','2014-09-16 17:57:00','2014-09-30 18:30:23'),(320,2,'https://happywear.ru/media/animated image/animated image-320','2011-12-18 13:42:00','2011-12-25 01:18:35'),(321,3,'https://happywear.ru/media/image/image-321','2014-10-20 03:02:00','2014-10-31 20:08:30'),(322,3,'https://happywear.ru/media/image/image-322','2011-06-30 05:24:00','2011-07-06 02:59:18'),(323,3,'https://happywear.ru/media/image/image-323','2011-02-27 07:07:00','2011-02-27 15:30:08'),(324,2,'https://happywear.ru/media/animated image/animated image-324','2012-07-22 01:38:00','2012-07-31 13:29:33'),(325,1,'https://happywear.ru/media/video/video-325','2016-06-20 10:19:00','2016-06-23 17:47:52'),(326,2,'https://happywear.ru/media/animated image/animated image-326','2016-08-10 23:36:00','2016-08-18 11:36:15'),(327,2,'https://happywear.ru/media/animated image/animated image-327','2011-05-06 08:14:00','2011-05-13 22:25:53'),(328,1,'https://happywear.ru/media/video/video-328','2015-05-28 10:56:00','2015-06-04 04:04:25'),(329,3,'https://happywear.ru/media/image/image-329','2017-06-21 10:42:00','2017-07-04 21:27:03'),(330,1,'https://happywear.ru/media/video/video-330','2011-01-29 12:58:00','2011-02-13 13:14:19'),(331,2,'https://happywear.ru/media/animated image/animated image-331','2017-11-09 23:45:00','2017-11-10 07:20:54'),(332,1,'https://happywear.ru/media/video/video-332','2014-11-25 09:01:00','2014-12-08 08:38:30'),(333,2,'https://happywear.ru/media/animated image/animated image-333','2011-05-02 11:55:00','2011-05-06 06:22:08'),(334,1,'https://happywear.ru/media/video/video-334','2010-09-12 12:21:00','2010-09-13 10:42:37'),(335,2,'https://happywear.ru/media/animated image/animated image-335','2012-08-18 14:25:00','2012-08-20 17:44:48'),(336,2,'https://happywear.ru/media/animated image/animated image-336','2014-06-08 09:21:00','2014-06-16 15:33:44'),(337,3,'https://happywear.ru/media/image/image-337','2010-08-02 13:35:00','2010-08-15 01:29:30'),(338,2,'https://happywear.ru/media/animated image/animated image-338','2010-12-05 17:21:00','2010-12-20 21:33:17'),(339,3,'https://happywear.ru/media/image/image-339','2012-08-17 19:10:00','2012-08-19 15:20:21'),(340,3,'https://happywear.ru/media/image/image-340','2018-02-15 22:54:00','2018-02-16 11:44:05'),(341,2,'https://happywear.ru/media/animated image/animated image-341','2015-10-18 05:12:00','2015-10-25 04:35:04'),(342,1,'https://happywear.ru/media/video/video-342','2015-11-28 02:14:00','2015-12-11 08:32:02'),(343,3,'https://happywear.ru/media/image/image-343','2010-02-21 06:18:00','2010-03-06 03:13:19'),(344,1,'https://happywear.ru/media/video/video-344','2014-01-23 08:41:00','2014-01-30 13:30:09'),(345,3,'https://happywear.ru/media/image/image-345','2012-04-12 12:36:00','2012-04-23 08:47:26'),(346,3,'https://happywear.ru/media/image/image-346','2010-10-05 14:28:00','2010-10-11 16:38:38'),(347,2,'https://happywear.ru/media/animated image/animated image-347','2010-07-25 20:52:00','2010-08-02 08:58:07'),(348,2,'https://happywear.ru/media/animated image/animated image-348','2018-02-12 16:19:00','2018-02-20 03:30:42'),(349,2,'https://happywear.ru/media/animated image/animated image-349','2018-06-29 13:27:00','2018-07-03 05:31:09'),(350,1,'https://happywear.ru/media/video/video-350','2012-12-15 04:00:00','2012-12-24 05:26:46'),(351,1,'https://happywear.ru/media/video/video-351','2011-02-21 15:42:00','2011-02-23 00:08:52'),(352,2,'https://happywear.ru/media/animated image/animated image-352','2012-04-12 20:31:00','2012-04-18 07:31:54'),(353,1,'https://happywear.ru/media/video/video-353','2011-04-04 22:40:00','2011-04-17 17:53:01'),(354,1,'https://happywear.ru/media/video/video-354','2014-02-28 05:13:00','2014-03-04 07:25:26'),(355,2,'https://happywear.ru/media/animated image/animated image-355','2011-10-05 16:18:00','2011-10-10 18:24:53'),(356,3,'https://happywear.ru/media/image/image-356','2011-09-15 00:35:00','2011-09-16 11:26:00'),(357,3,'https://happywear.ru/media/image/image-357','2016-10-15 18:36:00','2016-10-23 21:21:32'),(358,3,'https://happywear.ru/media/image/image-358','2013-11-21 21:33:00','2013-12-04 15:12:34'),(359,1,'https://happywear.ru/media/video/video-359','2015-01-23 22:38:00','2015-02-01 02:53:30'),(360,2,'https://happywear.ru/media/animated image/animated image-360','2010-10-15 22:11:00','2010-10-25 03:05:39'),(361,3,'https://happywear.ru/media/image/image-361','2014-08-03 01:32:00','2014-08-04 00:16:52'),(362,1,'https://happywear.ru/media/video/video-362','2017-05-27 14:55:00','2017-06-09 14:24:58'),(363,1,'https://happywear.ru/media/video/video-363','2010-06-01 15:22:00','2010-06-11 14:14:57'),(364,3,'https://happywear.ru/media/image/image-364','2010-11-06 03:31:00','2010-11-20 19:58:20'),(365,2,'https://happywear.ru/media/animated image/animated image-365','2015-05-02 12:09:00','2015-05-06 14:38:37'),(366,2,'https://happywear.ru/media/animated image/animated image-366','2015-03-29 19:24:00','2015-04-04 11:42:23'),(367,3,'https://happywear.ru/media/image/image-367','2012-04-28 20:11:00','2012-05-02 17:00:04'),(368,2,'https://happywear.ru/media/animated image/animated image-368','2015-02-13 21:42:00','2015-02-19 01:24:19'),(369,2,'https://happywear.ru/media/animated image/animated image-369','2017-05-04 05:32:00','2017-05-05 22:06:54'),(370,1,'https://happywear.ru/media/video/video-370','2011-03-05 07:00:00','2011-03-14 23:41:30'),(371,1,'https://happywear.ru/media/video/video-371','2010-05-25 14:09:00','2010-05-30 07:51:04'),(372,2,'https://happywear.ru/media/animated image/animated image-372','2012-02-29 20:41:00','2012-03-09 09:42:51'),(373,2,'https://happywear.ru/media/animated image/animated image-373','2018-08-23 01:13:00','2018-09-05 00:23:36'),(374,3,'https://happywear.ru/media/image/image-374','2016-01-18 11:35:00','2016-02-02 14:32:05'),(375,1,'https://happywear.ru/media/video/video-375','2011-07-16 20:42:00','2011-07-25 07:05:38'),(376,1,'https://happywear.ru/media/video/video-376','2018-03-26 05:25:00','2018-03-30 03:23:36'),(377,1,'https://happywear.ru/media/video/video-377','2012-05-20 16:05:00','2012-05-21 00:52:39'),(378,3,'https://happywear.ru/media/image/image-378','2015-01-21 00:26:00','2015-02-04 19:23:05'),(379,1,'https://happywear.ru/media/video/video-379','2014-04-13 17:24:00','2014-04-21 21:50:28'),(380,1,'https://happywear.ru/media/video/video-380','2015-03-02 18:28:00','2015-03-10 18:55:52'),(381,3,'https://happywear.ru/media/image/image-381','2014-07-23 17:15:00','2014-08-07 17:06:13'),(382,1,'https://happywear.ru/media/video/video-382','2018-02-28 04:47:00','2018-03-01 06:00:44'),(383,1,'https://happywear.ru/media/video/video-383','2018-12-22 14:20:00','2018-12-28 08:39:24'),(384,1,'https://happywear.ru/media/video/video-384','2012-01-03 09:41:00','2012-01-06 04:09:43'),(385,3,'https://happywear.ru/media/image/image-385','2013-08-21 23:35:00','2013-08-30 11:02:34'),(386,2,'https://happywear.ru/media/animated image/animated image-386','2014-12-11 14:16:00','2014-12-25 21:33:46'),(387,1,'https://happywear.ru/media/video/video-387','2013-10-20 15:08:00','2013-11-02 09:16:54'),(388,2,'https://happywear.ru/media/animated image/animated image-388','2018-07-03 15:54:00','2018-07-13 03:44:26'),(389,3,'https://happywear.ru/media/image/image-389','2016-10-16 06:53:00','2016-10-30 01:35:10'),(390,3,'https://happywear.ru/media/image/image-390','2018-06-19 17:24:00','2018-06-30 14:49:59'),(391,1,'https://happywear.ru/media/video/video-391','2016-09-11 05:14:00','2016-09-15 22:21:54'),(392,1,'https://happywear.ru/media/video/video-392','2012-01-13 15:12:00','2012-01-15 13:13:04'),(393,2,'https://happywear.ru/media/animated image/animated image-393','2015-02-20 00:46:00','2015-03-01 19:56:41'),(394,2,'https://happywear.ru/media/animated image/animated image-394','2013-10-24 11:57:00','2013-11-04 18:27:40'),(395,2,'https://happywear.ru/media/animated image/animated image-395','2014-03-29 15:02:00','2014-04-07 14:47:44'),(396,1,'https://happywear.ru/media/video/video-396','2013-01-31 19:30:00','2013-02-13 07:36:58'),(397,1,'https://happywear.ru/media/video/video-397','2013-07-21 01:26:00','2013-07-23 09:29:58'),(398,3,'https://happywear.ru/media/image/image-398','2010-05-13 20:54:00','2010-05-25 12:17:42'),(399,3,'https://happywear.ru/media/image/image-399','2016-06-02 10:12:00','2016-06-13 14:43:50'),(400,2,'https://happywear.ru/media/animated image/animated image-400','2017-08-01 13:11:00','2017-08-03 19:38:10'),(401,2,'https://happywear.ru/media/animated image/animated image-401','2011-03-17 01:54:00','2011-03-21 05:59:07'),(402,1,'https://happywear.ru/media/video/video-402','2016-07-24 07:04:00','2016-07-27 08:59:11'),(403,1,'https://happywear.ru/media/video/video-403','2013-09-01 17:20:00','2013-09-03 00:09:10'),(404,3,'https://happywear.ru/media/image/image-404','2012-08-08 22:27:00','2012-08-13 23:38:22'),(405,3,'https://happywear.ru/media/image/image-405','2017-11-22 04:27:00','2017-11-25 12:46:23'),(406,3,'https://happywear.ru/media/image/image-406','2017-02-04 06:54:00','2017-02-18 03:27:01'),(407,3,'https://happywear.ru/media/image/image-407','2012-10-25 12:16:00','2012-10-31 11:31:28'),(408,1,'https://happywear.ru/media/video/video-408','2011-02-25 17:11:00','2011-03-05 15:53:24'),(409,3,'https://happywear.ru/media/image/image-409','2017-06-01 07:04:00','2017-06-05 16:37:16'),(410,3,'https://happywear.ru/media/image/image-410','2018-05-19 04:55:00','2018-05-28 05:11:36'),(411,3,'https://happywear.ru/media/image/image-411','2016-07-10 04:26:00','2016-07-21 03:39:44'),(412,2,'https://happywear.ru/media/animated image/animated image-412','2012-04-17 13:30:00','2012-04-28 21:50:34'),(413,2,'https://happywear.ru/media/animated image/animated image-413','2017-09-19 21:43:00','2017-09-24 17:36:12'),(414,1,'https://happywear.ru/media/video/video-414','2016-11-06 18:19:00','2016-11-21 21:51:17'),(415,3,'https://happywear.ru/media/image/image-415','2017-03-01 17:50:00','2017-03-16 00:56:22'),(416,3,'https://happywear.ru/media/image/image-416','2017-12-12 17:06:00','2017-12-20 07:00:09'),(417,1,'https://happywear.ru/media/video/video-417','2017-01-11 17:17:00','2017-01-21 18:40:31'),(418,2,'https://happywear.ru/media/animated image/animated image-418','2011-11-29 17:22:00','2011-12-05 14:19:01'),(419,1,'https://happywear.ru/media/video/video-419','2013-02-06 00:39:00','2013-02-19 12:08:10'),(420,1,'https://happywear.ru/media/video/video-420','2016-02-11 17:08:00','2016-02-17 19:03:40'),(421,3,'https://happywear.ru/media/image/image-421','2016-12-15 09:00:00','2016-12-20 15:30:05'),(422,1,'https://happywear.ru/media/video/video-422','2014-06-18 01:35:00','2014-06-18 20:41:40'),(423,3,'https://happywear.ru/media/image/image-423','2014-12-12 14:46:00','2014-12-12 18:44:38'),(424,1,'https://happywear.ru/media/video/video-424','2016-02-23 12:23:00','2016-02-28 19:40:38'),(425,1,'https://happywear.ru/media/video/video-425','2011-07-18 10:46:00','2011-07-29 23:38:53'),(426,1,'https://happywear.ru/media/video/video-426','2018-08-26 07:46:00','2018-08-28 17:18:48'),(427,1,'https://happywear.ru/media/video/video-427','2018-01-03 18:41:00','2018-01-07 01:50:14'),(428,2,'https://happywear.ru/media/animated image/animated image-428','2014-12-24 02:05:00','2015-01-01 13:10:47'),(429,1,'https://happywear.ru/media/video/video-429','2018-11-16 18:20:00','2018-11-17 07:02:44'),(430,1,'https://happywear.ru/media/video/video-430','2010-11-18 22:55:00','2010-11-21 09:00:16'),(431,2,'https://happywear.ru/media/animated image/animated image-431','2016-10-30 22:06:00','2016-11-04 02:23:52'),(432,2,'https://happywear.ru/media/animated image/animated image-432','2013-11-14 05:36:00','2013-11-23 23:22:36'),(433,2,'https://happywear.ru/media/animated image/animated image-433','2010-01-04 20:19:00','2010-01-19 03:44:00'),(434,2,'https://happywear.ru/media/animated image/animated image-434','2011-09-05 17:41:00','2011-09-07 21:25:52'),(435,3,'https://happywear.ru/media/image/image-435','2017-07-25 01:38:00','2017-08-01 11:12:39'),(436,1,'https://happywear.ru/media/video/video-436','2017-11-05 20:20:00','2017-11-08 05:33:28'),(437,1,'https://happywear.ru/media/video/video-437','2014-04-21 21:17:00','2014-04-22 06:52:02'),(438,3,'https://happywear.ru/media/image/image-438','2017-03-12 07:36:00','2017-03-21 22:10:32'),(439,2,'https://happywear.ru/media/animated image/animated image-439','2013-09-30 21:48:00','2013-10-06 23:00:44'),(440,2,'https://happywear.ru/media/animated image/animated image-440','2012-09-28 12:25:00','2012-10-03 05:22:44'),(441,2,'https://happywear.ru/media/animated image/animated image-441','2013-11-14 18:00:00','2013-11-27 03:50:23'),(442,1,'https://happywear.ru/media/video/video-442','2016-05-01 18:48:00','2016-05-07 18:37:03'),(443,1,'https://happywear.ru/media/video/video-443','2017-12-19 00:27:00','2018-01-01 14:12:19'),(444,1,'https://happywear.ru/media/video/video-444','2010-11-18 09:59:00','2010-11-28 11:19:35'),(445,2,'https://happywear.ru/media/animated image/animated image-445','2011-03-09 15:01:00','2011-03-15 23:39:29'),(446,2,'https://happywear.ru/media/animated image/animated image-446','2014-04-19 00:03:00','2014-04-21 11:41:23'),(447,1,'https://happywear.ru/media/video/video-447','2014-06-19 02:22:00','2014-06-24 23:59:40'),(448,2,'https://happywear.ru/media/animated image/animated image-448','2017-10-23 23:43:00','2017-11-02 12:16:05'),(449,3,'https://happywear.ru/media/image/image-449','2013-12-14 20:15:00','2013-12-19 12:48:56'),(450,3,'https://happywear.ru/media/image/image-450','2012-04-28 08:15:00','2012-05-09 10:33:56');
/*!40000 ALTER TABLE `media` ENABLE KEYS */;
UNLOCK TABLES;

--
-- Table structure for table `media_types`
--

DROP TABLE IF EXISTS `media_types`;
/*!40101 SET @saved_cs_client     = @@character_set_client */;
/*!50503 SET character_set_client = utf8mb4 */;
CREATE TABLE `media_types` (
  `id` tinyint unsigned NOT NULL AUTO_INCREMENT,
  `name` varchar(100) NOT NULL,
  PRIMARY KEY (`id`),
  UNIQUE KEY `name` (`name`)
) ENGINE=InnoDB AUTO_INCREMENT=4 DEFAULT CHARSET=utf8 COMMENT='Типы медиафайлов';
/*!40101 SET character_set_client = @saved_cs_client */;

--
-- Dumping data for table `media_types`
--

LOCK TABLES `media_types` WRITE;
/*!40000 ALTER TABLE `media_types` DISABLE KEYS */;
INSERT INTO `media_types` VALUES (2,'animated image'),(3,'image'),(1,'video');
/*!40000 ALTER TABLE `media_types` ENABLE KEYS */;
UNLOCK TABLES;

--
-- Temporary view structure for view `order_information_detailed`
--

DROP TABLE IF EXISTS `order_information_detailed`;
/*!50001 DROP VIEW IF EXISTS `order_information_detailed`*/;
SET @saved_cs_client     = @@character_set_client;
/*!50503 SET character_set_client = utf8mb4 */;
/*!50001 CREATE VIEW `order_information_detailed` AS SELECT 
 1 AS `orders_id`,
 1 AS `file_path`,
 1 AS `name`,
 1 AS `size`,
 1 AS `vendor`,
 1 AS `colors`,
 1 AS `count`,
 1 AS `shipped_count`,
 1 AS `price_for_one`,
 1 AS `prices_for_all`,
 1 AS `comment`*/;
SET character_set_client = @saved_cs_client;

--
-- Table structure for table `orders`
--

DROP TABLE IF EXISTS `orders`;
/*!40101 SET @saved_cs_client     = @@character_set_client */;
/*!50503 SET character_set_client = utf8mb4 */;
CREATE TABLE `orders` (
  `id` int unsigned NOT NULL AUTO_INCREMENT COMMENT 'Идентификатор заказа',
  `user_id` int unsigned NOT NULL COMMENT 'Идентификатор пользователя',
  `order_type_id` tinyint unsigned NOT NULL COMMENT 'Идентификатор типа заказа',
  `shipping_company_id` smallint unsigned NOT NULL COMMENT 'Ссылка на компанию - перевозчик',
  `current_status_id` tinyint unsigned NOT NULL DEFAULT '0' COMMENT 'Идентификатор текущего статуса заказа',
  `address_id` int unsigned NOT NULL COMMENT 'Идентификатор адреса доставки',
  `total_cost` mediumint unsigned NOT NULL COMMENT 'Общая стоимость заказа',
  `check_url` varchar(255) DEFAULT NULL COMMENT 'Ссылка на счёт',
  `check_detailed_url` varchar(255) DEFAULT NULL COMMENT 'Ссылка на детализированный счёт',
  `track_number` varchar(255) DEFAULT NULL COMMENT 'Номер отслеживания посылки, которой отправлен заказ',
  `created_at` datetime NOT NULL DEFAULT CURRENT_TIMESTAMP COMMENT 'Дата создания записи',
  `updated_at` datetime NOT NULL DEFAULT CURRENT_TIMESTAMP ON UPDATE CURRENT_TIMESTAMP COMMENT 'Дата изменения записи',
  PRIMARY KEY (`id`),
  KEY `orders__user_id_fk` (`user_id`),
  KEY `orders__order_type_id_fk` (`order_type_id`),
  KEY `orders__shipping_company_id_fk` (`shipping_company_id`),
  KEY `orders__current_status_id_fk` (`current_status_id`),
  KEY `orders__address_id_fk` (`address_id`),
  CONSTRAINT `orders__address_id_fk` FOREIGN KEY (`address_id`) REFERENCES `addresses` (`id`) ON DELETE RESTRICT ON UPDATE CASCADE,
  CONSTRAINT `orders__current_status_id_fk` FOREIGN KEY (`current_status_id`) REFERENCES `orders_status` (`id`) ON DELETE RESTRICT ON UPDATE CASCADE,
  CONSTRAINT `orders__order_type_id_fk` FOREIGN KEY (`order_type_id`) REFERENCES `orders_type` (`id`) ON DELETE RESTRICT ON UPDATE CASCADE,
  CONSTRAINT `orders__shipping_company_id_fk` FOREIGN KEY (`shipping_company_id`) REFERENCES `shipping_company` (`id`) ON DELETE RESTRICT ON UPDATE CASCADE,
  CONSTRAINT `orders__user_id_fk` FOREIGN KEY (`user_id`) REFERENCES `users` (`id`) ON DELETE CASCADE ON UPDATE CASCADE
) ENGINE=InnoDB AUTO_INCREMENT=25 DEFAULT CHARSET=utf8 COMMENT='Заказы';
/*!40101 SET character_set_client = @saved_cs_client */;

--
-- Dumping data for table `orders`
--

LOCK TABLES `orders` WRITE;
/*!40000 ALTER TABLE `orders` DISABLE KEYS */;
INSERT INTO `orders` VALUES (1,1,1,1,1,1,87141,'http://feilreichel.com/','http://www.mcdermottbednar.com/','6169941375','2018-07-17 21:00:00','2020-12-19 06:21:52'),(2,2,2,2,2,2,61095,'http://www.volkman.com/','http://www.schambergermclaughlin.info/','9174442406','2018-08-26 07:46:00','2020-12-19 06:21:52'),(3,3,3,3,3,3,63879,'http://cummeratabahringer.com/','http://www.batz.net/','6373237231','2018-11-19 10:00:00','2020-12-19 06:21:52'),(4,4,4,4,4,4,78661,'http://www.gislasonhodkiewicz.com/','http://kulas.com/','8497757871','2018-10-20 05:47:00','2020-12-19 06:21:52'),(5,5,5,5,5,5,74387,'http://leuschke.com/','http://stantonkiehn.info/','9803163584','2018-12-12 12:03:00','2020-12-19 06:21:52'),(6,17,1,5,4,17,89167,'http://www.roberts.info/','http://www.ernserzieme.info/','8833940599','2018-11-21 23:12:00','2020-12-19 06:21:52'),(7,18,2,6,5,18,73193,'http://kris.com/','http://beahan.com/','5511813352','2018-11-15 07:56:00','2020-12-19 06:21:52'),(8,19,3,7,6,19,60987,'http://rau.info/','http://ankundinghegmann.com/','9885290035','2018-07-09 21:56:00','2020-12-19 06:21:52'),(9,20,4,8,7,20,48188,'http://reichelheaney.net/','http://oberbrunner.com/','8574211712','2018-11-09 05:57:00','2020-12-19 06:21:52'),(10,21,5,9,8,21,87009,'http://frami.org/','http://hauck.info/','6860801896','2018-08-26 07:46:00','2020-12-19 06:21:52'),(11,33,1,9,7,33,45288,'http://gleason.com/','http://rutherford.com/','9568515348','2018-11-09 05:57:00','2020-12-19 06:21:52'),(12,34,2,10,8,34,39253,'http://littel.net/','http://quigley.com/','6531806549','2018-09-15 18:33:00','2020-12-19 06:21:52'),(13,35,3,11,9,35,47999,'http://www.durgan.com/','http://metz.com/','4481955193','2018-04-08 13:58:00','2020-12-19 06:21:52'),(14,53,5,5,1,53,65920,'http://weber.com/','http://www.schroederstamm.net/','9824176715','2018-11-28 05:21:00','2020-12-19 06:21:52'),(15,66,2,6,1,66,74777,'http://www.leuschke.com/','http://www.rohan.com/','6824005869','2018-12-22 14:20:00','2020-12-19 06:21:52'),(16,67,3,7,2,67,38645,'http://ritchie.com/','http://hane.com/','6450100380','2018-04-08 13:58:00','2020-12-19 06:21:52'),(17,68,4,8,3,68,63241,'http://www.muller.com/','http://www.stoltenberg.biz/','4941660150','2018-11-28 05:21:00','2020-12-19 06:21:52'),(18,69,5,9,4,69,40912,'http://www.kuvalis.com/','http://markspagac.net/','8065401336','2018-11-16 18:20:00','2020-12-19 06:21:52'),(19,81,1,9,3,81,47014,'http://murraykovacek.com/','http://www.goyette.info/','4667217116','2018-10-20 05:47:00','2020-12-19 06:21:52'),(20,82,2,10,4,82,69862,'http://kohler.com/','http://www.roberts.com/','6575869213','2018-12-12 12:03:00','2020-12-19 06:21:52'),(21,83,3,11,5,83,85744,'http://keeblerstiedemann.com/','http://www.lehner.info/','8343734771','2018-12-22 14:20:00','2020-12-19 06:21:52'),(22,84,4,12,6,84,29287,'http://schultzgoldner.com/','http://www.torp.com/','7889326165','2018-12-12 12:03:00','2020-12-19 06:21:52'),(23,85,5,1,7,85,100881,'http://tremblayvon.com/','http://www.darelehner.info/','8953956999','2018-11-19 10:00:00','2020-12-19 06:21:52'),(24,97,1,1,6,97,57391,'http://watsica.com/','http://www.kassulke.com/','9068906478','2018-11-09 05:57:00','2020-12-19 06:21:52');
/*!40000 ALTER TABLE `orders` ENABLE KEYS */;
UNLOCK TABLES;
/*!50003 SET @saved_cs_client      = @@character_set_client */ ;
/*!50003 SET @saved_cs_results     = @@character_set_results */ ;
/*!50003 SET @saved_col_connection = @@collation_connection */ ;
/*!50003 SET character_set_client  = utf8mb4 */ ;
/*!50003 SET character_set_results = utf8mb4 */ ;
/*!50003 SET collation_connection  = utf8mb4_0900_ai_ci */ ;
/*!50003 SET @saved_sql_mode       = @@sql_mode */ ;
/*!50003 SET sql_mode              = 'ONLY_FULL_GROUP_BY,STRICT_TRANS_TABLES,NO_ZERO_IN_DATE,NO_ZERO_DATE,ERROR_FOR_DIVISION_BY_ZERO,NO_ENGINE_SUBSTITUTION' */ ;
DELIMITER ;;
/*!50003 CREATE*/ /*!50017 DEFINER=`root`@`localhost`*/ /*!50003 TRIGGER `orders_status_update` AFTER UPDATE ON `orders` FOR EACH ROW BEGIN
	IF NOT (NEW.current_status_id = OLD.current_status_id) THEN
		INSERT INTO orders_status_history (order_id, order_status_id, created_at)
					VALUES(NEW.id, OLD.current_status_id, NOW());
	END IF;
END */;;
DELIMITER ;
/*!50003 SET sql_mode              = @saved_sql_mode */ ;
/*!50003 SET character_set_client  = @saved_cs_client */ ;
/*!50003 SET character_set_results = @saved_cs_results */ ;
/*!50003 SET collation_connection  = @saved_col_connection */ ;

--
-- Temporary view structure for view `orders_information`
--

DROP TABLE IF EXISTS `orders_information`;
/*!50001 DROP VIEW IF EXISTS `orders_information`*/;
SET @saved_cs_client     = @@character_set_client;
/*!50503 SET character_set_client = utf8mb4 */;
/*!50001 CREATE VIEW `orders_information` AS SELECT 
 1 AS `order_id`,
 1 AS `type`,
 1 AS `created_at`,
 1 AS `payment_before`,
 1 AS `total_cost`,
 1 AS `status`,
 1 AS `check_url`,
 1 AS `shipping_company`,
 1 AS `track_number`*/;
SET character_set_client = @saved_cs_client;

--
-- Table structure for table `orders_products`
--

DROP TABLE IF EXISTS `orders_products`;
/*!40101 SET @saved_cs_client     = @@character_set_client */;
/*!50503 SET character_set_client = utf8mb4 */;
CREATE TABLE `orders_products` (
  `order_id` int unsigned NOT NULL COMMENT 'Идентификатор заказа',
  `product_id` int unsigned NOT NULL COMMENT 'Идентификатор товара',
  `size_id` smallint unsigned NOT NULL COMMENT 'Идентификатор размера',
  `product_count` smallint unsigned NOT NULL COMMENT 'Количество товаров',
  `product_shipped_count` smallint unsigned NOT NULL COMMENT 'Количество отгруженных товаров товаров',
  `comment` varchar(255) DEFAULT NULL COMMENT 'Комментарий к заказу',
  PRIMARY KEY (`order_id`,`product_id`,`size_id`) COMMENT 'Составной первичный ключ по заказу и товару',
  KEY `orders_products__product_id_fk` (`product_id`),
  KEY `orders_products__size_id_fk` (`size_id`),
  CONSTRAINT `orders_products__orders_id_fk` FOREIGN KEY (`order_id`) REFERENCES `orders` (`id`) ON DELETE CASCADE ON UPDATE CASCADE,
  CONSTRAINT `orders_products__product_id_fk` FOREIGN KEY (`product_id`) REFERENCES `products` (`id`) ON DELETE CASCADE ON UPDATE CASCADE,
  CONSTRAINT `orders_products__size_id_fk` FOREIGN KEY (`size_id`) REFERENCES `sizes` (`id`) ON DELETE RESTRICT ON UPDATE CASCADE
) ENGINE=InnoDB DEFAULT CHARSET=utf8 COMMENT='Связи товаров и заказов';
/*!40101 SET character_set_client = @saved_cs_client */;

--
-- Dumping data for table `orders_products`
--

LOCK TABLES `orders_products` WRITE;
/*!40000 ALTER TABLE `orders_products` DISABLE KEYS */;
INSERT INTO `orders_products` VALUES (1,17,2,1,9,''),(1,18,3,10,1,''),(1,18,7,14,9,''),(1,40,2,15,8,''),(1,41,7,7,12,''),(1,59,6,16,5,''),(1,64,6,8,13,''),(1,72,7,7,11,''),(1,83,7,16,9,''),(1,87,3,8,11,''),(1,98,6,6,13,''),(1,108,1,10,10,''),(1,113,5,2,11,''),(1,114,8,16,14,''),(1,116,7,14,14,''),(1,117,3,15,13,''),(1,126,1,3,11,''),(1,133,6,13,3,''),(1,157,6,6,3,''),(1,191,2,7,5,''),(1,194,3,12,15,''),(1,194,8,13,11,''),(1,195,5,14,15,''),(1,226,5,9,6,''),(1,230,1,15,7,''),(1,231,7,8,3,''),(1,250,4,15,1,''),(1,255,2,12,1,''),(1,277,5,5,15,''),(1,280,5,7,3,''),(1,303,3,11,9,''),(1,333,4,12,4,''),(1,336,2,5,2,''),(1,370,3,15,10,''),(1,432,3,9,12,''),(1,433,2,3,7,''),(1,433,4,7,3,''),(1,438,7,8,13,''),(1,446,3,11,13,''),(2,19,4,15,15,''),(2,37,8,9,9,''),(2,42,8,7,11,''),(2,82,1,8,14,''),(2,107,4,11,5,''),(2,107,8,4,15,''),(2,122,7,14,14,''),(2,133,5,10,2,''),(2,142,1,8,3,''),(2,146,4,16,9,''),(2,146,5,13,7,''),(2,172,7,5,14,''),(2,205,3,1,14,''),(2,218,8,1,2,''),(2,219,2,12,8,''),(2,224,1,9,6,''),(2,232,3,14,9,''),(2,232,7,2,3,''),(2,234,1,7,9,''),(2,245,1,2,9,''),(2,286,2,7,5,''),(2,315,6,7,9,''),(2,337,2,5,11,''),(2,351,6,15,3,''),(2,363,2,15,7,''),(2,380,5,6,10,''),(2,394,4,9,13,''),(2,406,8,3,7,''),(2,426,2,11,2,''),(3,1,6,9,14,''),(3,5,4,16,3,''),(3,12,1,4,2,''),(3,27,2,8,14,''),(3,40,1,11,7,''),(3,45,4,9,3,''),(3,56,5,13,9,''),(3,70,1,16,3,''),(3,104,3,9,3,''),(3,123,2,14,12,''),(3,184,8,15,8,''),(3,190,3,9,11,''),(3,218,1,8,15,''),(3,239,7,13,4,''),(3,247,1,2,14,''),(3,247,4,5,3,''),(3,277,6,8,10,''),(3,280,1,15,12,''),(3,280,2,14,9,''),(3,282,2,16,13,''),(3,301,1,10,12,''),(3,304,7,11,1,''),(3,324,3,8,11,''),(3,353,4,7,13,''),(3,363,4,3,16,''),(3,365,3,7,7,''),(3,376,8,8,4,''),(3,407,5,10,6,''),(3,440,5,9,11,''),(4,4,7,5,11,''),(4,20,4,8,10,''),(4,33,6,5,11,''),(4,38,4,6,5,''),(4,62,7,5,3,''),(4,84,4,13,16,''),(4,85,7,10,15,''),(4,111,6,15,6,''),(4,122,2,6,3,''),(4,140,6,11,2,''),(4,170,2,3,5,''),(4,172,5,8,13,''),(4,190,8,3,12,''),(4,203,6,11,1,''),(4,205,5,4,6,''),(4,212,1,11,2,''),(4,234,6,12,13,''),(4,243,3,5,6,''),(4,252,2,4,8,''),(4,267,6,15,11,''),(4,271,3,10,6,''),(4,275,5,8,4,''),(4,278,1,15,8,''),(4,288,6,4,12,''),(4,302,5,6,10,''),(4,307,1,6,2,''),(4,310,4,12,10,''),(4,331,4,9,12,''),(4,339,4,13,13,''),(4,361,7,15,12,''),(4,371,6,10,5,''),(4,385,1,11,13,''),(4,417,8,16,15,''),(4,419,3,7,13,''),(4,425,7,7,9,''),(5,9,1,6,14,''),(5,42,3,6,9,''),(5,46,2,8,15,''),(5,67,4,6,16,''),(5,74,1,12,3,''),(5,79,6,16,4,''),(5,83,5,15,5,''),(5,85,3,2,9,''),(5,92,4,13,15,''),(5,93,3,9,13,''),(5,95,2,8,4,''),(5,124,8,7,11,''),(5,137,8,4,14,''),(5,147,1,15,14,''),(5,176,7,8,3,''),(5,178,1,14,1,''),(5,198,7,8,4,''),(5,211,4,3,8,''),(5,218,6,8,15,''),(5,223,6,8,12,''),(5,224,8,15,8,''),(5,229,4,1,3,''),(5,239,2,7,12,''),(5,267,2,7,12,''),(5,275,3,15,15,''),(5,291,3,3,9,''),(5,298,4,2,9,''),(5,299,6,9,8,''),(5,302,6,8,10,''),(5,321,8,9,7,''),(5,323,1,4,5,''),(5,334,2,2,7,''),(5,340,1,13,8,''),(5,344,2,14,7,''),(5,356,1,15,13,''),(5,419,6,9,2,''),(6,10,3,2,12,''),(6,21,6,9,10,''),(6,23,6,4,8,''),(6,24,5,9,14,''),(6,46,4,3,15,''),(6,59,2,11,16,''),(6,68,1,9,14,''),(6,100,6,14,4,''),(6,100,7,4,13,''),(6,110,8,11,2,''),(6,150,8,4,2,''),(6,174,5,12,10,''),(6,185,3,16,10,''),(6,209,7,9,5,''),(6,210,6,1,9,''),(6,213,2,6,12,''),(6,214,4,14,6,''),(6,218,5,2,9,''),(6,249,5,2,11,''),(6,251,5,6,13,''),(6,264,7,5,14,''),(6,279,2,2,15,''),(6,282,8,9,11,''),(6,295,8,2,13,''),(6,317,1,9,13,''),(6,318,4,1,5,''),(6,336,7,2,12,''),(6,345,7,8,4,''),(6,348,4,11,10,''),(6,353,5,1,4,''),(6,374,4,2,10,''),(6,375,5,12,4,''),(6,387,1,16,6,''),(6,400,3,13,8,''),(6,407,8,7,1,''),(6,411,8,3,9,''),(6,417,4,2,14,''),(6,419,4,9,3,''),(7,5,3,13,12,''),(7,8,7,11,13,''),(7,25,7,13,15,''),(7,50,3,5,10,''),(7,50,5,11,7,''),(7,54,8,16,14,''),(7,62,2,2,7,''),(7,70,4,5,13,''),(7,93,7,4,3,''),(7,94,1,2,12,''),(7,99,5,12,6,''),(7,101,6,15,1,''),(7,109,1,1,6,''),(7,139,2,3,8,''),(7,158,2,8,2,''),(7,181,7,7,14,''),(7,191,3,11,12,''),(7,201,7,13,4,''),(7,202,1,5,6,''),(7,214,1,8,11,''),(7,215,2,9,13,''),(7,230,8,14,4,''),(7,241,2,7,4,''),(7,251,3,14,6,''),(7,270,3,9,14,''),(7,279,4,11,6,''),(7,313,2,13,3,''),(7,334,3,2,13,''),(7,341,5,12,8,''),(7,377,3,3,13,''),(7,382,1,13,12,''),(7,397,1,3,12,''),(7,442,7,15,5,''),(8,46,5,4,9,''),(8,89,5,9,2,''),(8,103,5,9,7,''),(8,104,4,13,3,''),(8,106,4,10,1,''),(8,141,7,15,6,''),(8,148,7,14,13,''),(8,162,8,15,5,''),(8,203,8,7,1,''),(8,219,4,14,11,''),(8,223,8,5,10,''),(8,248,7,15,3,''),(8,249,4,9,3,''),(8,252,4,5,3,''),(8,253,3,11,15,''),(8,269,1,5,9,''),(8,270,5,11,6,''),(8,272,3,15,9,''),(8,278,5,3,1,''),(8,296,2,14,11,''),(8,303,8,9,2,''),(8,311,3,6,5,''),(8,315,2,13,5,''),(8,332,2,7,6,''),(8,347,1,13,4,''),(8,349,3,6,6,''),(8,355,4,3,10,''),(8,370,8,9,7,''),(8,382,6,16,16,''),(8,382,7,9,2,''),(8,393,5,5,11,''),(8,395,3,3,2,''),(8,417,3,9,2,''),(8,428,5,6,10,''),(8,429,6,15,8,''),(8,441,3,14,9,''),(8,447,5,16,4,''),(9,5,8,6,3,''),(9,52,2,2,15,''),(9,94,2,8,3,''),(9,105,8,15,9,''),(9,114,7,5,3,''),(9,130,3,1,10,''),(9,171,1,1,14,''),(9,199,2,8,4,''),(9,202,7,2,15,''),(9,212,3,6,14,''),(9,289,6,7,4,''),(9,323,8,16,10,''),(9,330,6,11,16,''),(9,345,4,14,9,''),(9,345,6,8,5,''),(9,382,8,3,10,''),(9,389,8,1,14,''),(9,396,7,3,12,''),(9,415,6,4,10,''),(9,440,6,6,15,''),(9,445,8,4,3,''),(10,69,8,5,15,''),(10,84,8,14,5,''),(10,96,1,2,10,''),(10,101,3,5,11,''),(10,105,6,10,14,''),(10,106,7,3,7,''),(10,134,3,7,10,''),(10,141,1,8,15,''),(10,144,2,10,4,''),(10,151,8,13,8,''),(10,160,2,11,6,''),(10,162,4,2,8,''),(10,177,1,6,14,''),(10,205,4,10,16,''),(10,214,3,15,12,''),(10,238,3,1,8,''),(10,253,1,6,5,''),(10,262,6,2,8,''),(10,268,6,4,12,''),(10,271,5,14,7,''),(10,281,2,10,12,''),(10,283,1,9,14,''),(10,294,7,1,5,''),(10,322,1,8,10,''),(10,322,7,4,8,''),(10,343,7,6,15,''),(10,350,6,1,3,''),(10,356,8,12,1,''),(10,362,1,4,10,''),(10,366,8,5,6,''),(10,381,7,12,12,''),(10,386,5,13,14,''),(10,412,1,5,2,''),(10,415,5,6,3,''),(10,426,6,10,5,''),(10,431,5,14,8,''),(10,441,5,6,15,''),(11,70,2,3,9,''),(11,163,8,10,14,''),(11,208,2,9,5,''),(11,231,8,8,8,''),(11,255,8,13,8,''),(11,292,4,5,2,''),(11,300,3,11,2,''),(11,312,6,12,7,''),(11,332,3,3,8,''),(11,341,8,7,10,''),(11,347,5,4,8,''),(11,349,8,8,2,''),(11,355,3,6,1,''),(11,355,7,9,5,''),(11,388,2,4,9,''),(11,394,1,9,1,''),(11,405,7,14,11,''),(11,407,1,9,8,''),(11,422,5,4,11,''),(11,431,8,4,8,''),(11,444,8,9,8,''),(12,3,4,14,11,''),(12,32,4,11,7,''),(12,57,4,8,5,''),(12,58,5,1,5,''),(12,84,3,5,11,''),(12,131,2,6,7,''),(12,136,5,6,11,''),(12,163,2,2,10,''),(12,168,6,16,14,''),(12,199,7,8,12,''),(12,258,1,15,8,''),(12,281,4,6,2,''),(12,284,5,13,5,''),(12,320,3,9,11,''),(12,347,8,13,5,''),(12,389,2,13,2,''),(12,391,7,6,14,''),(12,410,6,2,5,''),(12,421,6,4,10,''),(12,440,3,3,7,''),(12,441,8,8,7,''),(13,6,8,13,3,''),(13,26,3,5,15,''),(13,77,3,9,13,''),(13,94,3,11,8,''),(13,108,4,7,7,''),(13,109,2,2,14,''),(13,134,2,13,7,''),(13,144,4,9,1,''),(13,156,7,10,7,''),(13,158,7,9,2,''),(13,192,3,8,6,''),(13,196,4,14,6,''),(13,201,1,13,14,''),(13,263,6,15,4,''),(13,289,1,6,13,''),(13,355,6,4,3,''),(13,356,2,7,4,''),(13,360,5,10,11,''),(13,376,4,5,12,''),(13,384,2,10,13,''),(13,433,7,15,5,''),(13,436,3,2,10,''),(14,5,6,6,12,''),(14,12,7,4,7,''),(14,18,8,16,12,''),(14,31,2,13,1,''),(14,75,4,9,12,''),(14,81,4,15,7,''),(14,92,5,13,2,''),(14,104,7,15,15,''),(14,133,4,5,14,''),(14,157,8,4,12,''),(14,183,1,1,7,''),(14,194,2,3,3,''),(14,225,6,2,1,''),(14,235,7,5,4,''),(14,246,1,1,9,''),(14,259,8,5,1,''),(14,264,5,14,9,''),(14,272,1,9,6,''),(14,290,5,9,10,''),(14,290,7,1,7,''),(14,317,8,11,14,''),(14,335,3,9,3,''),(14,338,3,14,11,''),(14,355,5,3,11,''),(14,356,4,8,6,''),(14,363,3,1,15,''),(14,365,7,5,16,''),(14,368,2,8,5,''),(14,395,2,11,14,''),(14,400,1,8,5,''),(14,408,6,6,4,''),(14,411,2,11,8,''),(14,416,3,2,15,''),(14,423,4,16,5,''),(14,435,3,10,15,''),(15,2,2,4,5,''),(15,7,6,11,12,''),(15,9,3,16,4,''),(15,21,2,14,12,''),(15,26,1,9,5,''),(15,48,4,9,13,''),(15,73,8,6,15,''),(15,88,4,13,10,''),(15,169,8,16,10,''),(15,216,3,5,2,''),(15,221,8,15,10,''),(15,254,1,15,15,''),(15,272,4,6,12,''),(15,280,8,15,9,''),(15,323,2,10,13,''),(15,333,7,4,15,''),(15,335,6,2,2,''),(15,337,3,14,13,''),(15,340,8,2,2,''),(15,358,6,15,15,''),(15,366,5,6,15,''),(15,368,6,15,15,''),(15,408,8,10,10,''),(15,409,7,5,11,''),(15,410,2,11,11,''),(15,413,1,3,8,''),(15,419,1,15,10,''),(16,17,3,1,6,''),(16,55,8,10,14,''),(16,69,3,5,8,''),(16,95,4,9,13,''),(16,182,4,7,7,''),(16,191,4,13,9,''),(16,203,7,10,14,''),(16,207,8,6,1,''),(16,222,1,14,5,''),(16,229,3,2,4,''),(16,242,2,8,1,''),(16,246,2,10,8,''),(16,272,6,6,2,''),(16,287,1,8,16,''),(16,297,8,15,2,''),(16,302,7,1,14,''),(16,333,1,13,13,''),(16,340,5,13,12,''),(16,382,5,1,3,''),(16,397,6,14,9,''),(16,402,6,2,3,''),(17,31,1,5,6,''),(17,34,7,14,8,''),(17,35,2,14,9,''),(17,35,7,14,12,''),(17,98,8,6,6,''),(17,104,8,12,8,''),(17,130,6,10,12,''),(17,141,3,3,7,''),(17,145,8,2,2,''),(17,147,8,5,11,''),(17,148,5,15,4,''),(17,199,3,4,14,''),(17,207,6,13,14,''),(17,241,4,1,10,''),(17,251,7,6,9,''),(17,281,5,10,2,''),(17,296,1,10,3,''),(17,318,3,2,13,''),(17,328,8,10,7,''),(17,341,3,15,12,''),(17,378,2,8,11,''),(17,378,3,15,4,''),(17,388,1,15,3,''),(17,392,3,15,10,''),(17,404,3,14,11,''),(17,406,1,11,1,''),(17,408,2,4,15,''),(17,408,5,10,6,''),(17,418,4,7,6,''),(17,434,6,2,1,''),(17,438,6,2,10,''),(17,446,6,5,11,''),(18,37,4,7,2,''),(18,38,1,9,11,''),(18,39,1,4,8,''),(18,68,4,14,3,''),(18,77,5,15,7,''),(18,83,2,9,2,''),(18,91,4,8,15,''),(18,157,3,8,14,''),(18,159,2,7,9,''),(18,165,3,3,14,''),(18,172,2,1,10,''),(18,195,4,5,2,''),(18,211,1,11,8,''),(18,239,3,5,9,''),(18,247,8,13,12,''),(18,321,4,14,13,''),(18,322,3,5,4,''),(18,340,4,10,1,''),(18,406,5,12,3,''),(18,419,8,5,13,''),(18,420,1,16,7,''),(19,4,8,4,13,''),(19,5,7,6,9,''),(19,8,8,13,12,''),(19,16,8,14,2,''),(19,31,5,7,13,''),(19,32,2,3,14,''),(19,45,2,14,15,''),(19,47,4,13,8,''),(19,65,3,14,14,''),(19,65,6,15,15,''),(19,82,2,14,5,''),(19,82,4,12,10,''),(19,99,3,10,14,''),(19,146,3,13,5,''),(19,178,6,3,2,''),(19,188,1,5,1,''),(19,274,6,5,11,''),(19,292,7,2,12,''),(19,316,8,16,13,''),(19,350,5,8,2,''),(19,412,2,11,5,''),(19,445,5,14,1,''),(20,16,3,8,10,''),(20,67,2,7,6,''),(20,86,4,4,14,''),(20,89,2,7,6,''),(20,102,8,5,3,''),(20,108,2,16,3,''),(20,111,3,11,10,''),(20,143,4,5,2,''),(20,144,7,15,15,''),(20,154,8,14,14,''),(20,182,3,6,13,''),(20,208,5,10,3,''),(20,209,4,9,11,''),(20,224,3,5,9,''),(20,251,6,2,15,''),(20,264,6,13,12,''),(20,265,3,2,2,''),(20,271,6,12,14,''),(20,279,7,6,9,''),(20,287,7,6,3,''),(20,289,7,15,3,''),(20,298,1,4,8,''),(20,307,6,8,11,''),(20,324,6,2,12,''),(20,344,7,11,2,''),(20,357,4,10,2,''),(20,365,5,7,16,''),(20,383,2,14,9,''),(20,385,3,13,9,''),(20,386,4,11,16,''),(20,396,6,3,16,''),(20,412,3,13,11,''),(20,415,2,7,2,''),(20,427,8,7,7,''),(21,11,1,8,4,''),(21,25,2,7,12,''),(21,53,4,2,6,''),(21,56,2,2,15,''),(21,68,2,10,6,''),(21,75,7,2,13,''),(21,87,4,7,4,''),(21,113,6,4,5,''),(21,132,5,7,11,''),(21,138,4,15,7,''),(21,196,8,9,8,''),(21,199,6,6,15,''),(21,201,5,16,12,''),(21,203,4,7,10,''),(21,209,5,8,13,''),(21,210,4,15,8,''),(21,211,7,2,8,''),(21,214,2,9,13,''),(21,225,7,15,15,''),(21,228,5,3,10,''),(21,233,5,5,14,''),(21,239,6,5,7,''),(21,263,5,3,8,''),(21,266,3,10,5,''),(21,284,6,1,2,''),(21,286,6,12,15,''),(21,312,2,13,14,''),(21,312,8,1,15,''),(21,320,4,11,14,''),(21,327,1,14,12,''),(21,341,7,15,11,''),(21,359,3,14,5,''),(21,359,4,7,7,''),(21,363,5,12,3,''),(21,387,5,9,15,''),(21,391,2,5,15,''),(21,424,1,12,11,''),(22,16,1,1,4,''),(22,29,4,4,4,''),(22,61,5,12,16,''),(22,65,7,12,2,''),(22,128,4,7,8,''),(22,140,1,5,10,''),(22,189,1,15,9,''),(22,221,2,3,3,''),(22,255,3,15,1,''),(22,258,3,4,10,''),(22,261,6,9,5,''),(22,343,5,7,6,''),(22,346,7,15,5,''),(22,380,7,3,5,''),(22,400,2,9,5,''),(22,412,5,3,3,''),(22,426,5,11,4,''),(22,430,6,1,6,''),(22,440,8,13,15,''),(22,446,8,12,6,''),(23,3,1,10,10,''),(23,12,8,4,14,''),(23,15,8,16,12,''),(23,30,4,4,15,''),(23,47,3,11,14,''),(23,47,7,7,11,''),(23,80,2,8,10,''),(23,81,6,7,4,''),(23,87,6,7,8,''),(23,92,1,9,14,''),(23,97,8,11,1,''),(23,98,3,5,13,''),(23,100,4,4,3,''),(23,103,1,15,6,''),(23,117,2,4,8,''),(23,123,6,11,13,''),(23,125,6,14,10,''),(23,128,6,1,8,''),(23,207,1,15,10,''),(23,230,4,2,10,''),(23,242,4,4,15,''),(23,255,7,4,7,''),(23,294,3,14,4,''),(23,299,8,8,15,''),(23,315,7,2,11,''),(23,316,5,9,5,''),(23,333,6,15,14,''),(23,345,8,15,7,''),(23,353,7,2,3,''),(23,360,4,8,9,''),(23,361,2,8,12,''),(23,368,5,14,14,''),(23,403,6,15,1,''),(23,404,6,12,16,''),(23,409,6,8,11,''),(23,410,7,13,8,''),(23,414,8,12,5,''),(23,423,1,5,9,''),(23,428,2,11,6,''),(24,3,7,8,5,''),(24,16,5,14,3,''),(24,35,8,5,5,''),(24,54,1,12,14,''),(24,95,6,9,10,''),(24,100,1,14,13,''),(24,103,8,11,15,''),(24,110,4,10,15,''),(24,136,3,8,9,''),(24,137,4,5,5,''),(24,175,4,11,13,''),(24,200,6,11,4,''),(24,208,4,4,10,''),(24,245,8,5,14,''),(24,283,2,12,13,''),(24,291,2,13,11,''),(24,309,1,6,13,''),(24,324,8,14,13,''),(24,374,5,11,12,''),(24,379,4,6,3,''),(24,387,7,7,12,''),(24,413,7,9,8,'');
/*!40000 ALTER TABLE `orders_products` ENABLE KEYS */;
UNLOCK TABLES;

--
-- Table structure for table `orders_status`
--

DROP TABLE IF EXISTS `orders_status`;
/*!40101 SET @saved_cs_client     = @@character_set_client */;
/*!50503 SET character_set_client = utf8mb4 */;
CREATE TABLE `orders_status` (
  `id` tinyint unsigned NOT NULL AUTO_INCREMENT,
  `name` varchar(255) NOT NULL,
  PRIMARY KEY (`id`),
  UNIQUE KEY `name` (`name`)
) ENGINE=InnoDB AUTO_INCREMENT=10 DEFAULT CHARSET=utf8 COMMENT='Справочник - состояние заказ';
/*!40101 SET character_set_client = @saved_cs_client */;

--
-- Dumping data for table `orders_status`
--

LOCK TABLES `orders_status` WRITE;
/*!40000 ALTER TABLE `orders_status` DISABLE KEYS */;
INSERT INTO `orders_status` VALUES (9,'awaiting delivery'),(2,'awaiting payment'),(5,'canceled'),(4,'completed'),(1,'on the way'),(8,'paid'),(6,'prepared for shipment'),(3,'ready to issue'),(7,'sent');
/*!40000 ALTER TABLE `orders_status` ENABLE KEYS */;
UNLOCK TABLES;

--
-- Table structure for table `orders_status_history`
--

DROP TABLE IF EXISTS `orders_status_history`;
/*!40101 SET @saved_cs_client     = @@character_set_client */;
/*!50503 SET character_set_client = utf8mb4 */;
CREATE TABLE `orders_status_history` (
  `order_id` int unsigned NOT NULL COMMENT 'Идентификатор заказа',
  `order_status_id` tinyint unsigned NOT NULL COMMENT 'Идентификатор статуса',
  `created_at` datetime NOT NULL DEFAULT CURRENT_TIMESTAMP COMMENT 'Дата создания записи',
  KEY `orders_status_history__orders_id_fk` (`order_id`),
  KEY `orders_status_history__order_status_id_fk` (`order_status_id`),
  CONSTRAINT `orders_status_history__order_status_id_fk` FOREIGN KEY (`order_status_id`) REFERENCES `orders_status` (`id`) ON DELETE RESTRICT ON UPDATE CASCADE,
  CONSTRAINT `orders_status_history__orders_id_fk` FOREIGN KEY (`order_id`) REFERENCES `orders` (`id`) ON DELETE CASCADE ON UPDATE CASCADE
) ENGINE=InnoDB DEFAULT CHARSET=utf8 COMMENT='История изменений статусов заказов';
/*!40101 SET character_set_client = @saved_cs_client */;

--
-- Dumping data for table `orders_status_history`
--

LOCK TABLES `orders_status_history` WRITE;
/*!40000 ALTER TABLE `orders_status_history` DISABLE KEYS */;
INSERT INTO `orders_status_history` VALUES (1,1,'2018-07-20 19:40:00'),(1,2,'2018-07-24 22:59:00'),(1,3,'2018-08-13 10:57:00'),(1,4,'2018-08-08 12:46:00'),(2,1,'2018-09-13 01:18:00'),(2,2,'2018-08-29 08:31:00'),(2,3,'2018-09-17 06:58:00'),(2,4,'2018-09-06 01:31:00'),(2,5,'2018-09-13 02:53:00'),(2,6,'2018-09-22 02:06:00'),(2,7,'2018-09-15 18:06:00'),(3,1,'2018-12-07 10:27:00'),(3,2,'2018-12-13 22:11:00'),(3,3,'2018-11-27 21:32:00'),(3,4,'2018-12-18 07:06:00'),(3,5,'2018-12-18 08:57:00'),(4,1,'2018-11-13 01:57:00'),(4,2,'2018-10-25 00:26:00'),(4,3,'2018-11-01 14:31:00'),(4,4,'2018-11-06 17:30:00'),(4,5,'2018-11-09 14:09:00'),(4,6,'2018-11-08 12:29:00'),(4,7,'2018-10-25 14:10:00'),(5,1,'2018-12-21 00:02:00'),(5,2,'2018-12-28 06:30:00'),(5,3,'2019-01-04 20:19:00'),(5,4,'2018-12-21 22:05:00'),(5,5,'2018-12-19 13:24:00'),(5,6,'2018-12-19 12:43:00'),(5,7,'2018-12-26 11:18:00'),(6,1,'2018-12-13 20:47:00'),(6,2,'2018-12-15 04:17:00'),(6,3,'2018-12-12 07:55:00'),(6,4,'2018-11-24 03:30:00'),(6,5,'2018-12-01 18:34:00'),(7,1,'2018-11-18 09:26:00'),(7,2,'2018-11-23 03:42:00'),(7,3,'2018-12-15 06:16:00'),(8,1,'2018-07-11 00:38:00'),(8,2,'2018-07-26 22:27:00'),(9,1,'2018-12-07 00:38:00'),(9,2,'2018-11-22 20:00:00'),(9,3,'2018-11-23 20:12:00'),(9,4,'2018-11-11 11:03:00'),(9,5,'2018-12-06 12:40:00'),(10,1,'2018-09-22 07:14:00'),(10,2,'2018-09-10 22:06:00'),(10,3,'2018-09-22 09:02:00'),(11,1,'2018-11-10 10:48:00'),(11,2,'2018-11-19 20:14:00'),(11,3,'2018-11-28 14:50:00'),(11,4,'2018-11-14 07:29:00'),(11,5,'2018-12-06 10:58:00'),(11,6,'2018-11-10 02:27:00'),(11,7,'2018-11-21 21:24:00'),(12,1,'2018-10-11 02:48:00'),(13,1,'2018-04-16 07:50:00'),(13,2,'2018-05-03 00:56:00'),(14,1,'2018-11-30 02:33:00'),(14,2,'2018-12-10 11:43:00'),(14,3,'2018-12-23 21:34:00'),(15,1,'2019-01-12 11:39:00'),(16,1,'2018-04-24 09:06:00'),(16,2,'2018-04-28 11:46:00'),(16,3,'2018-04-30 17:34:00'),(17,1,'2018-12-06 21:36:00'),(17,2,'2018-12-08 12:46:00'),(17,3,'2018-12-23 17:39:00'),(17,4,'2018-12-04 20:39:00'),(17,5,'2018-12-14 20:57:00'),(18,1,'2018-12-13 12:01:00'),(18,2,'2018-11-20 10:26:00'),(19,1,'2018-10-29 22:49:00'),(19,2,'2018-11-13 08:31:00'),(19,3,'2018-10-21 16:22:00'),(19,4,'2018-11-14 02:30:00'),(19,5,'2018-11-19 05:37:00'),(19,6,'2018-11-04 14:47:00'),(19,7,'2018-11-06 03:16:00'),(20,1,'2019-01-02 13:50:00'),(20,2,'2019-01-01 19:35:00'),(20,3,'2018-12-20 20:25:00'),(21,1,'2019-01-20 13:22:00'),(21,2,'2019-01-13 23:49:00'),(21,3,'2019-01-16 16:38:00'),(22,1,'2018-12-18 16:26:00'),(22,2,'2018-12-18 12:48:00'),(22,3,'2018-12-24 02:37:00'),(22,4,'2018-12-22 10:39:00'),(22,5,'2018-12-27 09:22:00'),(22,6,'2018-12-27 02:49:00'),(22,7,'2019-01-09 21:56:00'),(23,1,'2018-12-05 05:59:00'),(23,2,'2018-12-13 22:34:00'),(23,3,'2018-12-04 12:51:00'),(24,1,'2018-12-04 00:13:00');
/*!40000 ALTER TABLE `orders_status_history` ENABLE KEYS */;
UNLOCK TABLES;

--
-- Table structure for table `orders_type`
--

DROP TABLE IF EXISTS `orders_type`;
/*!40101 SET @saved_cs_client     = @@character_set_client */;
/*!50503 SET character_set_client = utf8mb4 */;
CREATE TABLE `orders_type` (
  `id` tinyint unsigned NOT NULL AUTO_INCREMENT,
  `name` varchar(255) NOT NULL,
  PRIMARY KEY (`id`),
  UNIQUE KEY `name` (`name`)
) ENGINE=InnoDB AUTO_INCREMENT=6 DEFAULT CHARSET=utf8 COMMENT='Справочник - тип заказа';
/*!40101 SET character_set_client = @saved_cs_client */;

--
-- Dumping data for table `orders_type`
--

LOCK TABLES `orders_type` WRITE;
/*!40000 ALTER TABLE `orders_type` DISABLE KEYS */;
INSERT INTO `orders_type` VALUES (3,'large wholesale order'),(5,'legal entity order'),(4,'order of an individual entrepreneur'),(1,'retail order'),(2,'wholesale order');
/*!40000 ALTER TABLE `orders_type` ENABLE KEYS */;
UNLOCK TABLES;

--
-- Table structure for table `prices`
--

DROP TABLE IF EXISTS `prices`;
/*!40101 SET @saved_cs_client     = @@character_set_client */;
/*!50503 SET character_set_client = utf8mb4 */;
CREATE TABLE `prices` (
  `product_id` int unsigned NOT NULL COMMENT 'Идентификатор товара',
  `size_id` smallint unsigned NOT NULL COMMENT 'Идентификатор размера',
  `price` mediumint unsigned NOT NULL COMMENT 'Цена товара данного размера',
  `count_in_stock` smallint unsigned NOT NULL COMMENT 'Количество товаров на складе',
  PRIMARY KEY (`product_id`,`size_id`) COMMENT 'Составной первичный ключ по сочетанию товара и размера',
  KEY `prices__size_id_fk` (`size_id`),
  CONSTRAINT `prices__product_id_fk` FOREIGN KEY (`product_id`) REFERENCES `products` (`id`) ON DELETE RESTRICT ON UPDATE CASCADE,
  CONSTRAINT `prices__size_id_fk` FOREIGN KEY (`size_id`) REFERENCES `sizes` (`id`) ON DELETE RESTRICT ON UPDATE CASCADE
) ENGINE=InnoDB DEFAULT CHARSET=utf8 COMMENT='Цены на товары в зависимости от размера';
/*!40101 SET character_set_client = @saved_cs_client */;

--
-- Dumping data for table `prices`
--

LOCK TABLES `prices` WRITE;
/*!40000 ALTER TABLE `prices` DISABLE KEYS */;
INSERT INTO `prices` VALUES (1,1,205,59),(1,2,171,33),(1,3,202,24),(1,4,196,44),(1,5,106,75),(1,6,250,66),(1,7,191,34),(1,8,188,65),(2,1,349,75),(2,2,137,71),(2,3,363,71),(2,4,273,41),(2,5,108,25),(2,6,199,44),(2,7,113,80),(2,8,353,34),(3,1,290,48),(3,2,231,67),(3,3,276,56),(3,4,163,36),(3,5,310,63),(3,6,232,24),(3,7,111,78),(3,8,326,71),(4,1,102,49),(4,2,207,41),(4,3,310,47),(4,4,132,32),(4,5,316,78),(4,6,309,54),(4,7,329,27),(4,8,177,77),(5,1,101,29),(5,2,321,34),(5,3,394,31),(5,4,400,46),(5,5,149,51),(5,6,129,76),(5,7,210,22),(5,8,129,42),(6,1,257,52),(6,2,132,75),(6,3,188,62),(6,4,292,25),(6,5,256,40),(6,6,129,50),(6,7,158,48),(6,8,336,51),(7,1,157,45),(7,2,260,44),(7,3,226,73),(7,4,149,30),(7,5,201,31),(7,6,378,24),(7,7,271,58),(7,8,242,47),(8,1,360,78),(8,2,160,27),(8,3,397,56),(8,4,398,32),(8,5,395,40),(8,6,313,53),(8,7,295,55),(8,8,384,80),(9,1,142,63),(9,2,138,50),(9,3,144,33),(9,4,290,52),(9,5,325,30),(9,6,270,40),(9,7,100,79),(9,8,373,56),(10,1,187,59),(10,2,203,67),(10,3,361,21),(10,4,240,37),(10,5,109,37),(10,6,209,77),(10,7,297,46),(10,8,160,62),(11,1,366,40),(11,2,112,31),(11,3,340,46),(11,4,343,64),(11,5,162,71),(11,6,293,60),(11,7,217,77),(11,8,279,27),(12,1,344,62),(12,2,121,35),(12,3,112,47),(12,4,141,40),(12,5,174,34),(12,6,235,52),(12,7,203,26),(12,8,244,26),(13,1,116,78),(13,2,299,46),(13,3,146,49),(13,4,376,30),(13,5,125,75),(13,6,195,70),(13,7,173,62),(13,8,328,63),(14,1,180,32),(14,2,170,53),(14,3,110,51),(14,4,256,22),(14,5,284,78),(14,6,393,80),(14,7,111,32),(14,8,368,72),(15,1,294,58),(15,2,173,39),(15,3,349,32),(15,4,264,27),(15,5,376,36),(15,6,273,24),(15,7,293,20),(15,8,120,40),(16,1,244,44),(16,2,256,45),(16,3,268,52),(16,4,392,37),(16,5,239,49),(16,6,101,55),(16,7,380,74),(16,8,302,61),(17,1,225,21),(17,2,356,32),(17,3,244,66),(17,4,221,63),(17,5,213,64),(17,6,256,44),(17,7,242,29),(17,8,190,24),(18,1,229,77),(18,2,240,49),(18,3,104,57),(18,4,112,41),(18,5,289,26),(18,6,283,65),(18,7,369,35),(18,8,265,20),(19,1,214,73),(19,2,190,70),(19,3,186,75),(19,4,313,69),(19,5,379,33),(19,6,192,72),(19,7,232,55),(19,8,274,30),(20,1,130,79),(20,2,296,38),(20,3,260,66),(20,4,173,75),(20,5,354,49),(20,6,360,73),(20,7,356,55),(20,8,215,29),(21,1,291,63),(21,2,291,24),(21,3,215,65),(21,4,268,54),(21,5,153,30),(21,6,201,30),(21,7,339,50),(21,8,130,20),(22,1,317,56),(22,2,354,45),(22,3,268,53),(22,4,109,51),(22,5,255,21),(22,6,259,56),(22,7,220,33),(22,8,357,59),(23,1,310,52),(23,2,279,42),(23,3,108,22),(23,4,135,48),(23,5,105,60),(23,6,173,35),(23,7,250,65),(23,8,182,26),(24,1,314,35),(24,2,128,64),(24,3,205,54),(24,4,345,42),(24,5,211,65),(24,6,302,26),(24,7,243,25),(24,8,393,58),(25,1,182,47),(25,2,223,63),(25,3,206,57),(25,4,109,38),(25,5,212,80),(25,6,353,34),(25,7,300,57),(25,8,115,46),(26,1,393,56),(26,2,123,55),(26,3,308,62),(26,4,235,28),(26,5,196,32),(26,6,116,60),(26,7,142,63),(26,8,149,60),(27,1,362,41),(27,2,140,57),(27,3,301,50),(27,4,249,79),(27,5,221,25),(27,6,164,68),(27,7,218,53),(27,8,271,32),(28,1,178,63),(28,2,340,71),(28,3,355,62),(28,4,392,65),(28,5,358,22),(28,6,277,71),(28,7,241,69),(28,8,290,64),(29,1,336,63),(29,2,169,80),(29,3,188,48),(29,4,244,79),(29,5,252,54),(29,6,191,70),(29,7,164,56),(29,8,198,71),(30,1,192,77),(30,2,356,44),(30,3,233,21),(30,4,331,67),(30,5,286,65),(30,6,357,23),(30,7,308,38),(30,8,238,43),(31,1,257,49),(31,2,342,56),(31,3,278,30),(31,4,111,61),(31,5,196,53),(31,6,327,29),(31,7,242,75),(31,8,151,26),(32,1,398,59),(32,2,192,54),(32,3,378,76),(32,4,355,48),(32,5,334,50),(32,6,150,40),(32,7,155,74),(32,8,387,25),(33,1,255,41),(33,2,166,22),(33,3,262,55),(33,4,188,63),(33,5,306,38),(33,6,223,31),(33,7,292,61),(33,8,242,40),(34,1,168,29),(34,2,111,65),(34,3,301,25),(34,4,211,57),(34,5,103,31),(34,6,356,64),(34,7,135,42),(34,8,254,47),(35,1,314,33),(35,2,384,24),(35,3,260,47),(35,4,297,75),(35,5,295,49),(35,6,230,64),(35,7,222,68),(35,8,338,53),(36,1,220,40),(36,2,236,36),(36,3,400,31),(36,4,371,79),(36,5,161,24),(36,6,316,44),(36,7,349,78),(36,8,194,61),(37,1,234,32),(37,2,307,70),(37,3,129,79),(37,4,286,30),(37,5,380,31),(37,6,137,24),(37,7,388,56),(37,8,142,73),(38,1,398,39),(38,2,287,29),(38,3,371,23),(38,4,272,62),(38,5,326,61),(38,6,155,71),(38,7,301,69),(38,8,121,74),(39,1,192,69),(39,2,161,52),(39,3,122,66),(39,4,273,56),(39,5,192,63),(39,6,294,26),(39,7,262,45),(39,8,230,76),(40,1,204,77),(40,2,319,67),(40,3,313,33),(40,4,384,25),(40,5,278,62),(40,6,327,59),(40,7,102,24),(40,8,204,50),(41,1,249,78),(41,2,205,71),(41,3,151,39),(41,4,124,47),(41,5,104,63),(41,6,254,46),(41,7,299,79),(41,8,391,72),(42,1,229,53),(42,2,242,63),(42,3,140,52),(42,4,188,71),(42,5,209,36),(42,6,181,52),(42,7,361,65),(42,8,133,39),(43,1,183,45),(43,2,174,79),(43,3,161,23),(43,4,299,29),(43,5,336,48),(43,6,389,45),(43,7,166,70),(43,8,262,30),(44,1,177,65),(44,2,105,68),(44,3,394,49),(44,4,254,25),(44,5,367,32),(44,6,198,22),(44,7,159,73),(44,8,339,41),(45,1,215,71),(45,2,135,21),(45,3,328,64),(45,4,214,62),(45,5,207,61),(45,6,208,65),(45,7,297,22),(45,8,159,73),(46,1,355,55),(46,2,212,27),(46,3,232,72),(46,4,394,39),(46,5,296,39),(46,6,289,32),(46,7,125,70),(46,8,368,79),(47,1,172,34),(47,2,246,63),(47,3,134,46),(47,4,338,61),(47,5,106,24),(47,6,171,20),(47,7,192,52),(47,8,315,20),(48,1,355,35),(48,2,315,69),(48,3,390,42),(48,4,382,56),(48,5,148,20),(48,6,268,67),(48,7,161,61),(48,8,339,76),(49,1,192,63),(49,2,305,35),(49,3,156,32),(49,4,225,49),(49,5,162,54),(49,6,164,42),(49,7,154,68),(49,8,242,77),(50,1,211,78),(50,2,329,74),(50,3,162,40),(50,4,113,33),(50,5,381,23),(50,6,234,25),(50,7,117,23),(50,8,119,30),(51,1,299,68),(51,2,111,66),(51,3,317,39),(51,4,232,34),(51,5,357,55),(51,6,198,74),(51,7,250,69),(51,8,264,38),(52,1,361,47),(52,2,284,64),(52,3,345,74),(52,4,103,42),(52,5,345,79),(52,6,237,40),(52,7,190,50),(52,8,281,51),(53,1,328,35),(53,2,398,32),(53,3,113,56),(53,4,357,50),(53,5,371,22),(53,6,226,22),(53,7,365,40),(53,8,399,20),(54,1,104,23),(54,2,174,24),(54,3,272,61),(54,4,298,36),(54,5,217,27),(54,6,233,71),(54,7,382,28),(54,8,357,73),(55,1,345,47),(55,2,335,55),(55,3,271,25),(55,4,324,47),(55,5,116,73),(55,6,184,64),(55,7,359,26),(55,8,369,32),(56,1,181,66),(56,2,111,72),(56,3,177,60),(56,4,258,60),(56,5,319,60),(56,6,140,60),(56,7,381,61),(56,8,287,23),(57,1,221,71),(57,2,122,68),(57,3,330,46),(57,4,371,31),(57,5,172,58),(57,6,239,45),(57,7,296,22),(57,8,167,21),(58,1,213,71),(58,2,141,28),(58,3,166,63),(58,4,376,47),(58,5,248,27),(58,6,123,23),(58,7,102,74),(58,8,242,60),(59,1,373,54),(59,2,118,58),(59,3,384,72),(59,4,239,64),(59,5,188,36),(59,6,224,37),(59,7,155,24),(59,8,337,65),(60,1,210,56),(60,2,364,57),(60,3,221,32),(60,4,331,36),(60,5,399,32),(60,6,397,42),(60,7,348,23),(60,8,342,72),(61,1,369,73),(61,2,328,28),(61,3,216,52),(61,4,257,80),(61,5,227,27),(61,6,204,42),(61,7,330,65),(61,8,243,27),(62,1,136,36),(62,2,392,25),(62,3,236,23),(62,4,361,32),(62,5,228,51),(62,6,192,79),(62,7,388,72),(62,8,247,69),(63,1,295,67),(63,2,394,52),(63,3,320,24),(63,4,146,53),(63,5,183,65),(63,6,365,31),(63,7,182,68),(63,8,168,62),(64,1,353,27),(64,2,107,67),(64,3,345,66),(64,4,203,46),(64,5,146,47),(64,6,343,62),(64,7,113,28),(64,8,261,37),(65,1,338,27),(65,2,173,71),(65,3,249,77),(65,4,173,43),(65,5,146,58),(65,6,318,63),(65,7,223,74),(65,8,183,61),(66,1,276,73),(66,2,289,51),(66,3,301,69),(66,4,122,75),(66,5,208,23),(66,6,149,61),(66,7,365,44),(66,8,193,42),(67,1,376,49),(67,2,309,20),(67,3,383,62),(67,4,298,32),(67,5,107,51),(67,6,255,22),(67,7,286,80),(67,8,138,58),(68,1,345,30),(68,2,213,43),(68,3,344,74),(68,4,121,59),(68,5,103,27),(68,6,265,44),(68,7,209,56),(68,8,381,72),(69,1,265,28),(69,2,107,63),(69,3,245,37),(69,4,393,22),(69,5,168,22),(69,6,251,45),(69,7,266,51),(69,8,383,30),(70,1,391,42),(70,2,380,53),(70,3,393,33),(70,4,147,28),(70,5,162,57),(70,6,246,54),(70,7,214,32),(70,8,363,67),(71,1,176,76),(71,2,374,66),(71,3,127,29),(71,4,241,75),(71,5,146,21),(71,6,298,33),(71,7,141,21),(71,8,307,43),(72,1,361,31),(72,2,201,27),(72,3,275,54),(72,4,113,52),(72,5,264,28),(72,6,109,64),(72,7,284,71),(72,8,216,44),(73,1,345,74),(73,2,118,55),(73,3,330,24),(73,4,103,72),(73,5,198,21),(73,6,126,44),(73,7,313,42),(73,8,307,42),(74,1,318,53),(74,2,273,34),(74,3,237,54),(74,4,249,65),(74,5,188,32),(74,6,139,22),(74,7,342,75),(74,8,157,31),(75,1,202,29),(75,2,330,42),(75,3,256,50),(75,4,384,33),(75,5,187,66),(75,6,393,55),(75,7,387,23),(75,8,209,60),(76,1,185,44),(76,2,142,50),(76,3,134,22),(76,4,359,32),(76,5,224,48),(76,6,123,80),(76,7,320,61),(76,8,165,22),(77,1,258,52),(77,2,126,70),(77,3,369,79),(77,4,168,31),(77,5,167,54),(77,6,157,34),(77,7,275,34),(77,8,225,43),(78,1,296,27),(78,2,290,69),(78,3,156,49),(78,4,348,62),(78,5,102,76),(78,6,305,56),(78,7,376,69),(78,8,206,38),(79,1,235,40),(79,2,206,65),(79,3,305,30),(79,4,335,45),(79,5,329,52),(79,6,226,48),(79,7,127,23),(79,8,386,58),(80,1,187,54),(80,2,386,25),(80,3,256,42),(80,4,188,41),(80,5,359,36),(80,6,331,22),(80,7,364,37),(80,8,339,27),(81,1,163,61),(81,2,347,23),(81,3,325,57),(81,4,350,39),(81,5,128,51),(81,6,185,72),(81,7,255,78),(81,8,186,52),(82,1,339,43),(82,2,257,49),(82,3,343,57),(82,4,301,49),(82,5,231,63),(82,6,174,26),(82,7,331,53),(82,8,228,49),(83,1,146,38),(83,2,123,47),(83,3,117,75),(83,4,222,38),(83,5,171,39),(83,6,351,36),(83,7,334,27),(83,8,184,22),(84,1,192,47),(84,2,188,28),(84,3,343,58),(84,4,332,77),(84,5,223,33),(84,6,352,54),(84,7,188,66),(84,8,390,52),(85,1,327,32),(85,2,309,74),(85,3,223,41),(85,4,260,56),(85,5,232,42),(85,6,259,52),(85,7,135,78),(85,8,236,43),(86,1,263,55),(86,2,178,54),(86,3,113,51),(86,4,237,64),(86,5,197,44),(86,6,103,72),(86,7,195,78),(86,8,373,58),(87,1,237,43),(87,2,251,44),(87,3,238,27),(87,4,159,58),(87,5,278,24),(87,6,255,44),(87,7,243,30),(87,8,228,57),(88,1,349,37),(88,2,384,72),(88,3,248,72),(88,4,358,62),(88,5,373,47),(88,6,257,36),(88,7,332,23),(88,8,388,58),(89,1,192,57),(89,2,156,24),(89,3,340,67),(89,4,249,29),(89,5,181,73),(89,6,290,51),(89,7,292,60),(89,8,235,33),(90,1,331,30),(90,2,269,38),(90,3,333,20),(90,4,305,45),(90,5,399,65),(90,6,334,58),(90,7,351,36),(90,8,356,47),(91,1,314,32),(91,2,365,68),(91,3,214,49),(91,4,174,68),(91,5,183,78),(91,6,103,29),(91,7,308,22),(91,8,127,41),(92,1,236,34),(92,2,342,40),(92,3,182,41),(92,4,379,56),(92,5,157,30),(92,6,172,63),(92,7,353,25),(92,8,355,21),(93,1,266,63),(93,2,370,42),(93,3,136,50),(93,4,147,37),(93,5,379,68),(93,6,171,66),(93,7,142,44),(93,8,263,53),(94,1,123,66),(94,2,274,57),(94,3,193,63),(94,4,299,30),(94,5,342,53),(94,6,211,30),(94,7,327,35),(94,8,107,41),(95,1,299,37),(95,2,223,33),(95,3,344,46),(95,4,326,47),(95,5,107,65),(95,6,303,28),(95,7,286,63),(95,8,316,47),(96,1,121,21),(96,2,364,41),(96,3,125,43),(96,4,293,25),(96,5,252,36),(96,6,347,38),(96,7,117,42),(96,8,305,38),(97,1,238,43),(97,2,270,60),(97,3,290,30),(97,4,385,34),(97,5,199,77),(97,6,321,71),(97,7,113,60),(97,8,152,73),(98,1,377,77),(98,2,102,30),(98,3,337,48),(98,4,390,46),(98,5,170,73),(98,6,316,77),(98,7,282,31),(98,8,118,67),(99,1,308,29),(99,2,290,64),(99,3,333,61),(99,4,127,44),(99,5,320,48),(99,6,133,30),(99,7,240,71),(99,8,367,73),(100,1,312,74),(100,2,224,41),(100,3,256,53),(100,4,145,27),(100,5,151,49),(100,6,367,20),(100,7,207,66),(100,8,337,58),(101,1,341,27),(101,2,144,44),(101,3,274,61),(101,4,307,43),(101,5,361,31),(101,6,190,78),(101,7,374,61),(101,8,293,31),(102,1,107,53),(102,2,298,60),(102,3,200,61),(102,4,223,80),(102,5,328,68),(102,6,320,36),(102,7,134,67),(102,8,264,44),(103,1,201,50),(103,2,252,21),(103,3,274,71),(103,4,245,73),(103,5,381,23),(103,6,238,28),(103,7,196,30),(103,8,375,24),(104,1,263,52),(104,2,121,64),(104,3,232,20),(104,4,317,55),(104,5,329,23),(104,6,393,63),(104,7,307,37),(104,8,197,67),(105,1,384,43),(105,2,112,25),(105,3,184,30),(105,4,386,38),(105,5,283,30),(105,6,109,58),(105,7,115,42),(105,8,298,33),(106,1,139,79),(106,2,262,64),(106,3,122,29),(106,4,270,41),(106,5,124,40),(106,6,235,34),(106,7,350,47),(106,8,334,51),(107,1,186,72),(107,2,241,65),(107,3,209,53),(107,4,303,64),(107,5,279,68),(107,6,171,66),(107,7,133,36),(107,8,394,27),(108,1,293,72),(108,2,213,38),(108,3,206,73),(108,4,198,80),(108,5,105,25),(108,6,207,53),(108,7,295,57),(108,8,134,63),(109,1,187,36),(109,2,244,55),(109,3,249,63),(109,4,133,43),(109,5,283,73),(109,6,276,38),(109,7,309,56),(109,8,385,75),(110,1,328,22),(110,2,363,37),(110,3,346,33),(110,4,299,59),(110,5,175,38),(110,6,333,78),(110,7,256,61),(110,8,363,39),(111,1,389,72),(111,2,228,53),(111,3,233,55),(111,4,270,26),(111,5,332,55),(111,6,280,35),(111,7,226,43),(111,8,285,77),(112,1,376,65),(112,2,385,51),(112,3,329,35),(112,4,389,24),(112,5,225,74),(112,6,167,46),(112,7,260,40),(112,8,127,46),(113,1,375,36),(113,2,286,36),(113,3,249,61),(113,4,367,46),(113,5,237,20),(113,6,297,36),(113,7,214,26),(113,8,199,42),(114,1,348,23),(114,2,319,52),(114,3,234,59),(114,4,376,58),(114,5,228,33),(114,6,345,46),(114,7,306,29),(114,8,311,23),(115,1,148,59),(115,2,325,68),(115,3,335,50),(115,4,137,28),(115,5,193,29),(115,6,334,49),(115,7,114,68),(115,8,365,80),(116,1,197,58),(116,2,154,21),(116,3,256,54),(116,4,180,58),(116,5,214,79),(116,6,338,21),(116,7,307,44),(116,8,384,52),(117,1,338,44),(117,2,274,63),(117,3,351,22),(117,4,300,34),(117,5,151,29),(117,6,174,66),(117,7,139,40),(117,8,178,39),(118,1,339,22),(118,2,333,67),(118,3,280,58),(118,4,215,21),(118,5,369,47),(118,6,280,57),(118,7,190,58),(118,8,191,56),(119,1,118,51),(119,2,223,50),(119,3,172,63),(119,4,367,37),(119,5,314,64),(119,6,270,56),(119,7,196,67),(119,8,391,50),(120,1,275,45),(120,2,197,42),(120,3,370,43),(120,4,160,71),(120,5,307,73),(120,6,193,75),(120,7,301,55),(120,8,381,75),(121,1,338,32),(121,2,295,57),(121,3,152,79),(121,4,228,30),(121,5,268,38),(121,6,336,23),(121,7,377,47),(121,8,233,74),(122,1,145,23),(122,2,351,21),(122,3,269,67),(122,4,157,57),(122,5,261,69),(122,6,246,79),(122,7,225,29),(122,8,253,26),(123,1,394,55),(123,2,398,33),(123,3,121,64),(123,4,224,74),(123,5,172,51),(123,6,354,61),(123,7,368,44),(123,8,204,52),(124,1,275,40),(124,2,386,64),(124,3,354,20),(124,4,247,46),(124,5,315,36),(124,6,160,32),(124,7,210,35),(124,8,155,29),(125,1,154,48),(125,2,333,49),(125,3,131,23),(125,4,387,58),(125,5,186,53),(125,6,354,57),(125,7,253,64),(125,8,128,37),(126,1,145,73),(126,2,400,40),(126,3,292,33),(126,4,159,39),(126,5,387,71),(126,6,223,49),(126,7,161,54),(126,8,154,33),(127,1,275,35),(127,2,239,55),(127,3,266,20),(127,4,206,65),(127,5,310,35),(127,6,141,77),(127,7,198,67),(127,8,384,43),(128,1,113,25),(128,2,185,31),(128,3,111,59),(128,4,135,59),(128,5,367,50),(128,6,358,67),(128,7,196,36),(128,8,201,74),(129,1,254,71),(129,2,315,21),(129,3,392,67),(129,4,110,68),(129,5,360,77),(129,6,146,75),(129,7,145,79),(129,8,242,45),(130,1,291,77),(130,2,356,45),(130,3,245,31),(130,4,250,76),(130,5,151,23),(130,6,325,56),(130,7,313,66),(130,8,317,38),(131,1,204,70),(131,2,129,20),(131,3,322,61),(131,4,157,74),(131,5,383,21),(131,6,166,24),(131,7,301,29),(131,8,323,36),(132,1,129,62),(132,2,151,66),(132,3,207,48),(132,4,174,71),(132,5,250,77),(132,6,174,44),(132,7,167,76),(132,8,106,37),(133,1,212,20),(133,2,372,51),(133,3,361,67),(133,4,205,43),(133,5,355,26),(133,6,393,54),(133,7,373,71),(133,8,260,26),(134,1,372,34),(134,2,237,55),(134,3,254,70),(134,4,297,66),(134,5,348,72),(134,6,348,52),(134,7,169,52),(134,8,384,29),(135,1,379,32),(135,2,152,37),(135,3,364,54),(135,4,155,33),(135,5,259,20),(135,6,232,31),(135,7,283,49),(135,8,284,56),(136,1,153,24),(136,2,351,78),(136,3,195,61),(136,4,243,40),(136,5,169,29),(136,6,115,68),(136,7,365,80),(136,8,203,64),(137,1,279,68),(137,2,161,57),(137,3,252,60),(137,4,344,24),(137,5,372,40),(137,6,375,56),(137,7,168,41),(137,8,121,38),(138,1,181,47),(138,2,244,22),(138,3,317,51),(138,4,232,58),(138,5,359,44),(138,6,222,70),(138,7,383,33),(138,8,178,59),(139,1,245,48),(139,2,356,73),(139,3,360,60),(139,4,331,70),(139,5,359,68),(139,6,230,65),(139,7,235,20),(139,8,297,36),(140,1,220,31),(140,2,319,25),(140,3,177,21),(140,4,184,43),(140,5,113,25),(140,6,180,26),(140,7,301,24),(140,8,194,42),(141,1,373,46),(141,2,241,21),(141,3,316,51),(141,4,231,58),(141,5,352,39),(141,6,114,37),(141,7,187,56),(141,8,137,69),(142,1,311,24),(142,2,178,24),(142,3,277,64),(142,4,358,28),(142,5,114,71),(142,6,135,22),(142,7,339,74),(142,8,134,72),(143,1,390,35),(143,2,199,75),(143,3,271,27),(143,4,355,75),(143,5,114,48),(143,6,169,63),(143,7,380,50),(143,8,303,74),(144,1,231,50),(144,2,156,46),(144,3,294,74),(144,4,273,31),(144,5,152,39),(144,6,129,51),(144,7,179,67),(144,8,135,34),(145,1,352,49),(145,2,377,29),(145,3,385,40),(145,4,332,74),(145,5,150,28),(145,6,148,45),(145,7,271,57),(145,8,215,24),(146,1,146,55),(146,2,239,54),(146,3,228,46),(146,4,373,34),(146,5,232,50),(146,6,147,38),(146,7,104,30),(146,8,349,58),(147,1,299,46),(147,2,142,45),(147,3,299,24),(147,4,207,54),(147,5,337,34),(147,6,334,33),(147,7,314,76),(147,8,264,75),(148,1,380,76),(148,2,356,48),(148,3,343,57),(148,4,305,53),(148,5,312,73),(148,6,190,71),(148,7,205,32),(148,8,381,26),(149,1,295,78),(149,2,369,54),(149,3,155,31),(149,4,218,44),(149,5,351,78),(149,6,202,68),(149,7,387,44),(149,8,134,43),(150,1,268,59),(150,2,276,79),(150,3,139,63),(150,4,157,68),(150,5,229,65),(150,6,232,78),(150,7,250,57),(150,8,264,74),(151,1,368,64),(151,2,109,75),(151,3,255,69),(151,4,267,39),(151,5,378,61),(151,6,280,79),(151,7,126,50),(151,8,173,63),(152,1,353,25),(152,2,353,80),(152,3,234,35),(152,4,373,68),(152,5,170,68),(152,6,182,79),(152,7,124,47),(152,8,115,72),(153,1,162,45),(153,2,248,32),(153,3,247,72),(153,4,361,65),(153,5,136,42),(153,6,238,32),(153,7,289,53),(153,8,349,51),(154,1,127,74),(154,2,178,55),(154,3,144,78),(154,4,222,28),(154,5,225,62),(154,6,172,27),(154,7,353,73),(154,8,364,65),(155,1,129,35),(155,2,387,22),(155,3,186,41),(155,4,357,35),(155,5,303,58),(155,6,138,65),(155,7,200,46),(155,8,157,58),(156,1,280,26),(156,2,309,31),(156,3,348,55),(156,4,239,53),(156,5,203,25),(156,6,212,57),(156,7,390,79),(156,8,107,30),(157,1,330,40),(157,2,206,67),(157,3,345,65),(157,4,194,38),(157,5,280,25),(157,6,282,67),(157,7,129,28),(157,8,221,56),(158,1,343,34),(158,2,318,77),(158,3,265,75),(158,4,371,67),(158,5,155,55),(158,6,216,30),(158,7,305,75),(158,8,251,67),(159,1,219,58),(159,2,103,28),(159,3,291,67),(159,4,108,66),(159,5,331,53),(159,6,224,45),(159,7,365,28),(159,8,117,72),(160,1,149,33),(160,2,278,39),(160,3,342,25),(160,4,392,58),(160,5,164,32),(160,6,200,25),(160,7,221,67),(160,8,300,20),(161,1,104,24),(161,2,188,36),(161,3,236,48),(161,4,394,50),(161,5,263,33),(161,6,247,67),(161,7,224,65),(161,8,242,28),(162,1,185,79),(162,2,128,50),(162,3,173,62),(162,4,341,74),(162,5,122,61),(162,6,148,66),(162,7,216,57),(162,8,372,62),(163,1,324,59),(163,2,109,32),(163,3,362,67),(163,4,195,33),(163,5,137,79),(163,6,253,57),(163,7,265,75),(163,8,369,65),(164,1,124,28),(164,2,230,66),(164,3,249,33),(164,4,266,28),(164,5,105,61),(164,6,208,65),(164,7,310,34),(164,8,114,53),(165,1,280,41),(165,2,397,72),(165,3,217,40),(165,4,248,48),(165,5,356,72),(165,6,337,41),(165,7,206,64),(165,8,283,70),(166,1,213,41),(166,2,295,31),(166,3,385,33),(166,4,164,46),(166,5,258,40),(166,6,125,45),(166,7,360,24),(166,8,316,45),(167,1,365,31),(167,2,182,69),(167,3,182,75),(167,4,326,21),(167,5,347,24),(167,6,356,25),(167,7,350,76),(167,8,145,77),(168,1,200,68),(168,2,394,51),(168,3,284,52),(168,4,345,49),(168,5,394,47),(168,6,189,29),(168,7,350,64),(168,8,142,51),(169,1,147,34),(169,2,309,67),(169,3,348,67),(169,4,234,73),(169,5,119,60),(169,6,151,70),(169,7,305,74),(169,8,225,45),(170,1,342,68),(170,2,273,49),(170,3,299,73),(170,4,229,50),(170,5,166,56),(170,6,193,66),(170,7,371,33),(170,8,212,33),(171,1,388,29),(171,2,362,75),(171,3,386,21),(171,4,169,26),(171,5,347,68),(171,6,264,39),(171,7,389,71),(171,8,210,37),(172,1,194,63),(172,2,292,23),(172,3,210,60),(172,4,165,26),(172,5,345,68),(172,6,265,41),(172,7,129,46),(172,8,362,25),(173,1,327,53),(173,2,255,75),(173,3,105,40),(173,4,294,33),(173,5,150,30),(173,6,206,35),(173,7,167,41),(173,8,121,38),(174,1,196,61),(174,2,239,35),(174,3,366,60),(174,4,311,49),(174,5,204,36),(174,6,184,56),(174,7,157,28),(174,8,122,79),(175,1,299,43),(175,2,380,51),(175,3,336,43),(175,4,266,57),(175,5,234,42),(175,6,249,43),(175,7,230,21),(175,8,336,72),(176,1,101,44),(176,2,102,69),(176,3,126,79),(176,4,284,28),(176,5,354,69),(176,6,267,40),(176,7,389,71),(176,8,197,25),(177,1,235,80),(177,2,285,26),(177,3,300,21),(177,4,134,50),(177,5,142,33),(177,6,295,56),(177,7,125,56),(177,8,319,72),(178,1,135,80),(178,2,291,31),(178,3,110,56),(178,4,370,62),(178,5,347,20),(178,6,260,60),(178,7,326,65),(178,8,247,32),(179,1,251,76),(179,2,156,26),(179,3,393,54),(179,4,375,73),(179,5,292,54),(179,6,379,76),(179,7,359,52),(179,8,116,61),(180,1,166,25),(180,2,322,47),(180,3,116,75),(180,4,214,31),(180,5,321,30),(180,6,279,50),(180,7,303,75),(180,8,257,73),(181,1,343,46),(181,2,315,38),(181,3,197,64),(181,4,314,41),(181,5,291,27),(181,6,309,27),(181,7,251,30),(181,8,194,24),(182,1,228,75),(182,2,189,64),(182,3,328,57),(182,4,334,24),(182,5,398,66),(182,6,357,79),(182,7,203,66),(182,8,333,57),(183,1,313,63),(183,2,243,33),(183,3,304,64),(183,4,279,68),(183,5,164,60),(183,6,316,55),(183,7,317,73),(183,8,184,64),(184,1,350,77),(184,2,183,52),(184,3,339,44),(184,4,282,71),(184,5,218,46),(184,6,101,62),(184,7,254,47),(184,8,314,33),(185,1,387,27),(185,2,317,36),(185,3,138,71),(185,4,372,78),(185,5,128,54),(185,6,276,33),(185,7,198,79),(185,8,375,59),(186,1,241,45),(186,2,300,25),(186,3,230,75),(186,4,180,55),(186,5,138,73),(186,6,100,43),(186,7,367,39),(186,8,367,51),(187,1,377,24),(187,2,262,51),(187,3,391,38),(187,4,272,78),(187,5,138,64),(187,6,181,29),(187,7,392,44),(187,8,129,36),(188,1,118,49),(188,2,173,66),(188,3,135,37),(188,4,110,40),(188,5,267,67),(188,6,179,78),(188,7,110,36),(188,8,174,46),(189,1,219,62),(189,2,191,45),(189,3,154,59),(189,4,309,52),(189,5,279,42),(189,6,119,33),(189,7,361,63),(189,8,382,54),(190,1,111,48),(190,2,164,61),(190,3,326,64),(190,4,217,65),(190,5,281,65),(190,6,390,54),(190,7,374,73),(190,8,304,65),(191,1,311,36),(191,2,176,47),(191,3,248,27),(191,4,124,24),(191,5,118,28),(191,6,238,75),(191,7,152,28),(191,8,148,44),(192,1,246,35),(192,2,342,37),(192,3,388,78),(192,4,396,21),(192,5,136,53),(192,6,218,39),(192,7,216,79),(192,8,339,20),(193,1,293,32),(193,2,110,56),(193,3,364,56),(193,4,219,30),(193,5,296,65),(193,6,344,69),(193,7,281,56),(193,8,145,78),(194,1,221,26),(194,2,193,34),(194,3,177,54),(194,4,123,61),(194,5,149,67),(194,6,226,65),(194,7,247,32),(194,8,258,22),(195,1,273,68),(195,2,169,67),(195,3,157,57),(195,4,253,63),(195,5,105,77),(195,6,312,61),(195,7,193,49),(195,8,254,26),(196,1,384,47),(196,2,212,53),(196,3,276,38),(196,4,334,78),(196,5,261,65),(196,6,147,52),(196,7,150,35),(196,8,333,27),(197,1,181,80),(197,2,147,68),(197,3,254,30),(197,4,198,27),(197,5,277,56),(197,6,174,46),(197,7,220,63),(197,8,208,60),(198,1,175,35),(198,2,255,69),(198,3,267,39),(198,4,385,67),(198,5,111,71),(198,6,150,36),(198,7,350,42),(198,8,208,61),(199,1,197,54),(199,2,367,64),(199,3,100,68),(199,4,107,62),(199,5,230,24),(199,6,106,75),(199,7,251,67),(199,8,220,59),(200,1,113,36),(200,2,173,43),(200,3,165,75),(200,4,386,80),(200,5,142,62),(200,6,122,36),(200,7,133,65),(200,8,230,75),(201,1,182,57),(201,2,177,46),(201,3,224,65),(201,4,260,45),(201,5,235,21),(201,6,317,55),(201,7,314,70),(201,8,109,59),(202,1,149,71),(202,2,341,46),(202,3,336,57),(202,4,309,59),(202,5,149,72),(202,6,345,50),(202,7,117,66),(202,8,311,32),(203,1,367,71),(203,2,265,33),(203,3,237,57),(203,4,317,66),(203,5,294,77),(203,6,333,23),(203,7,386,56),(203,8,136,68),(204,1,304,79),(204,2,353,37),(204,3,367,56),(204,4,205,76),(204,5,292,43),(204,6,106,76),(204,7,291,42),(204,8,374,48),(205,1,289,64),(205,2,325,54),(205,3,273,31),(205,4,164,50),(205,5,359,69),(205,6,246,79),(205,7,243,45),(205,8,305,29),(206,1,300,74),(206,2,251,69),(206,3,266,40),(206,4,397,77),(206,5,341,29),(206,6,211,43),(206,7,334,66),(206,8,252,34),(207,1,282,41),(207,2,388,64),(207,3,342,69),(207,4,298,72),(207,5,194,80),(207,6,105,27),(207,7,255,35),(207,8,302,58),(208,1,142,68),(208,2,276,52),(208,3,367,72),(208,4,294,58),(208,5,179,44),(208,6,161,69),(208,7,242,75),(208,8,144,80),(209,1,259,60),(209,2,323,63),(209,3,203,55),(209,4,358,54),(209,5,181,58),(209,6,204,70),(209,7,143,33),(209,8,287,49),(210,1,272,44),(210,2,180,28),(210,3,367,23),(210,4,263,55),(210,5,186,61),(210,6,273,69),(210,7,203,36),(210,8,203,74),(211,1,235,54),(211,2,242,60),(211,3,377,57),(211,4,193,62),(211,5,263,58),(211,6,257,63),(211,7,111,22),(211,8,109,24),(212,1,164,73),(212,2,337,37),(212,3,122,50),(212,4,186,75),(212,5,328,22),(212,6,363,37),(212,7,339,28),(212,8,173,71),(213,1,245,73),(213,2,387,28),(213,3,351,66),(213,4,185,29),(213,5,363,77),(213,6,136,65),(213,7,223,67),(213,8,301,21),(214,1,113,31),(214,2,334,41),(214,3,233,29),(214,4,215,50),(214,5,194,26),(214,6,257,40),(214,7,136,55),(214,8,261,77),(215,1,136,65),(215,2,228,72),(215,3,113,58),(215,4,103,29),(215,5,329,41),(215,6,231,29),(215,7,224,58),(215,8,384,70),(216,1,186,77),(216,2,373,61),(216,3,313,49),(216,4,187,20),(216,5,140,60),(216,6,374,55),(216,7,155,30),(216,8,173,65),(217,1,396,62),(217,2,273,66),(217,3,124,27),(217,4,195,35),(217,5,194,69),(217,6,137,31),(217,7,259,27),(217,8,391,51),(218,1,295,63),(218,2,284,76),(218,3,343,36),(218,4,367,59),(218,5,283,25),(218,6,267,54),(218,7,138,77),(218,8,209,78),(219,1,331,76),(219,2,206,78),(219,3,333,79),(219,4,267,72),(219,5,286,52),(219,6,332,37),(219,7,131,60),(219,8,110,29),(220,1,303,75),(220,2,267,22),(220,3,240,35),(220,4,366,59),(220,5,288,29),(220,6,373,25),(220,7,301,26),(220,8,257,38),(221,1,371,58),(221,2,234,41),(221,3,217,74),(221,4,206,23),(221,5,161,72),(221,6,308,73),(221,7,195,77),(221,8,341,30),(222,1,221,52),(222,2,232,56),(222,3,316,66),(222,4,308,30),(222,5,319,30),(222,6,286,57),(222,7,164,33),(222,8,243,63),(223,1,145,56),(223,2,266,78),(223,3,144,71),(223,4,336,44),(223,5,297,25),(223,6,225,71),(223,7,395,43),(223,8,385,57),(224,1,162,31),(224,2,203,28),(224,3,299,74),(224,4,249,67),(224,5,238,76),(224,6,192,63),(224,7,303,34),(224,8,138,76),(225,1,181,54),(225,2,111,48),(225,3,168,64),(225,4,105,72),(225,5,179,64),(225,6,358,27),(225,7,399,58),(225,8,152,78),(226,1,196,62),(226,2,252,47),(226,3,330,48),(226,4,106,62),(226,5,244,36),(226,6,380,71),(226,7,231,58),(226,8,365,50),(227,1,354,65),(227,2,151,57),(227,3,274,23),(227,4,255,46),(227,5,283,65),(227,6,381,46),(227,7,195,39),(227,8,279,23),(228,1,245,35),(228,2,337,33),(228,3,304,66),(228,4,339,61),(228,5,105,22),(228,6,138,52),(228,7,182,67),(228,8,122,22),(229,1,375,50),(229,2,335,44),(229,3,286,75),(229,4,326,20),(229,5,324,64),(229,6,225,73),(229,7,150,31),(229,8,219,47),(230,1,109,69),(230,2,104,56),(230,3,392,24),(230,4,219,68),(230,5,334,51),(230,6,177,64),(230,7,362,31),(230,8,181,69),(231,1,177,70),(231,2,231,59),(231,3,391,73),(231,4,261,21),(231,5,241,38),(231,6,129,54),(231,7,276,32),(231,8,179,62),(232,1,313,47),(232,2,131,30),(232,3,269,38),(232,4,340,26),(232,5,134,35),(232,6,384,78),(232,7,390,77),(232,8,346,37),(233,1,375,66),(233,2,113,77),(233,3,274,24),(233,4,288,75),(233,5,313,67),(233,6,345,63),(233,7,143,53),(233,8,207,27),(234,1,254,33),(234,2,266,27),(234,3,369,29),(234,4,109,63),(234,5,246,37),(234,6,396,24),(234,7,207,55),(234,8,362,56),(235,1,223,33),(235,2,368,68),(235,3,190,26),(235,4,292,73),(235,5,240,62),(235,6,129,43),(235,7,298,28),(235,8,304,20),(236,1,391,71),(236,2,198,25),(236,3,236,20),(236,4,304,43),(236,5,351,24),(236,6,340,69),(236,7,298,72),(236,8,202,27),(237,1,263,43),(237,2,177,29),(237,3,400,52),(237,4,305,68),(237,5,386,42),(237,6,397,70),(237,7,165,54),(237,8,159,36),(238,1,333,24),(238,2,394,63),(238,3,297,28),(238,4,299,76),(238,5,302,54),(238,6,348,46),(238,7,296,79),(238,8,386,69),(239,1,172,65),(239,2,399,65),(239,3,332,57),(239,4,323,73),(239,5,152,34),(239,6,283,42),(239,7,107,20),(239,8,382,61),(240,1,290,26),(240,2,275,58),(240,3,215,22),(240,4,114,27),(240,5,234,72),(240,6,109,52),(240,7,264,29),(240,8,133,26),(241,1,146,49),(241,2,381,34),(241,3,219,36),(241,4,140,72),(241,5,386,29),(241,6,365,78),(241,7,166,31),(241,8,172,59),(242,1,269,71),(242,2,259,27),(242,3,108,66),(242,4,318,41),(242,5,267,64),(242,6,111,77),(242,7,300,48),(242,8,199,36),(243,1,191,64),(243,2,331,59),(243,3,378,61),(243,4,297,33),(243,5,146,25),(243,6,392,57),(243,7,141,71),(243,8,357,63),(244,1,115,25),(244,2,176,21),(244,3,200,57),(244,4,120,49),(244,5,176,68),(244,6,173,69),(244,7,200,34),(244,8,148,26),(245,1,114,75),(245,2,232,47),(245,3,387,45),(245,4,159,64),(245,5,134,41),(245,6,221,78),(245,7,291,37),(245,8,242,52),(246,1,169,54),(246,2,142,80),(246,3,272,72),(246,4,282,47),(246,5,221,61),(246,6,151,70),(246,7,287,58),(246,8,186,53),(247,1,362,64),(247,2,102,71),(247,3,172,59),(247,4,251,55),(247,5,231,45),(247,6,325,51),(247,7,197,24),(247,8,219,66),(248,1,288,70),(248,2,199,27),(248,3,284,63),(248,4,311,44),(248,5,360,29),(248,6,145,38),(248,7,115,41),(248,8,284,21),(249,1,164,22),(249,2,263,56),(249,3,221,32),(249,4,330,35),(249,5,377,73),(249,6,286,48),(249,7,251,25),(249,8,385,49),(250,1,261,35),(250,2,300,54),(250,3,340,40),(250,4,168,30),(250,5,138,28),(250,6,198,33),(250,7,132,73),(250,8,118,60),(251,1,156,75),(251,2,100,36),(251,3,200,72),(251,4,194,79),(251,5,389,73),(251,6,252,73),(251,7,375,75),(251,8,358,52),(252,1,132,76),(252,2,191,64),(252,3,335,63),(252,4,156,69),(252,5,252,26),(252,6,384,47),(252,7,222,61),(252,8,167,23),(253,1,281,71),(253,2,223,51),(253,3,216,41),(253,4,289,24),(253,5,242,29),(253,6,197,30),(253,7,366,75),(253,8,380,75),(254,1,335,30),(254,2,246,76),(254,3,163,35),(254,4,283,38),(254,5,312,57),(254,6,383,73),(254,7,268,30),(254,8,146,36),(255,1,358,50),(255,2,388,37),(255,3,250,61),(255,4,365,43),(255,5,175,27),(255,6,345,65),(255,7,181,27),(255,8,336,55),(256,1,260,76),(256,2,118,50),(256,3,204,33),(256,4,113,54),(256,5,311,69),(256,6,394,47),(256,7,190,29),(256,8,367,78),(257,1,153,78),(257,2,201,66),(257,3,352,73),(257,4,371,72),(257,5,286,50),(257,6,300,69),(257,7,125,78),(257,8,267,74),(258,1,350,48),(258,2,356,71),(258,3,312,79),(258,4,331,75),(258,5,185,60),(258,6,238,39),(258,7,152,76),(258,8,143,76),(259,1,159,32),(259,2,232,55),(259,3,275,31),(259,4,143,31),(259,5,247,74),(259,6,102,41),(259,7,308,47),(259,8,146,45),(260,1,296,80),(260,2,104,25),(260,3,216,60),(260,4,159,78),(260,5,180,45),(260,6,182,28),(260,7,346,63),(260,8,142,52),(261,1,172,57),(261,2,199,69),(261,3,129,22),(261,4,362,36),(261,5,322,73),(261,6,164,44),(261,7,215,62),(261,8,201,55),(262,1,379,73),(262,2,299,59),(262,3,169,33),(262,4,218,39),(262,5,227,29),(262,6,244,77),(262,7,192,61),(262,8,259,55),(263,1,197,72),(263,2,218,41),(263,3,264,62),(263,4,362,36),(263,5,306,59),(263,6,146,70),(263,7,318,27),(263,8,232,69),(264,1,336,49),(264,2,104,59),(264,3,152,76),(264,4,151,22),(264,5,298,32),(264,6,399,44),(264,7,393,62),(264,8,277,71),(265,1,235,63),(265,2,169,20),(265,3,198,57),(265,4,138,66),(265,5,246,27),(265,6,135,35),(265,7,357,54),(265,8,169,48),(266,1,287,64),(266,2,336,64),(266,3,194,42),(266,4,368,42),(266,5,148,61),(266,6,393,69),(266,7,136,30),(266,8,241,71),(267,1,358,64),(267,2,125,33),(267,3,348,50),(267,4,395,47),(267,5,178,79),(267,6,129,53),(267,7,247,67),(267,8,241,79),(268,1,247,50),(268,2,120,69),(268,3,368,20),(268,4,200,60),(268,5,193,54),(268,6,370,68),(268,7,182,80),(268,8,140,62),(269,1,128,42),(269,2,259,54),(269,3,167,46),(269,4,242,25),(269,5,393,59),(269,6,196,59),(269,7,192,54),(269,8,384,20),(270,1,157,76),(270,2,132,63),(270,3,190,39),(270,4,318,60),(270,5,137,58),(270,6,347,32),(270,7,262,25),(270,8,345,69),(271,1,298,70),(271,2,153,43),(271,3,225,75),(271,4,203,78),(271,5,330,77),(271,6,240,49),(271,7,398,52),(271,8,306,70),(272,1,121,72),(272,2,147,29),(272,3,198,29),(272,4,334,47),(272,5,369,28),(272,6,399,54),(272,7,361,58),(272,8,274,79),(273,1,146,70),(273,2,311,21),(273,3,393,70),(273,4,176,66),(273,5,110,74),(273,6,211,30),(273,7,310,21),(273,8,387,65),(274,1,365,30),(274,2,162,51),(274,3,385,32),(274,4,152,36),(274,5,333,26),(274,6,159,60),(274,7,328,67),(274,8,294,73),(275,1,238,59),(275,2,370,52),(275,3,398,41),(275,4,326,64),(275,5,216,65),(275,6,271,57),(275,7,205,75),(275,8,252,68),(276,1,249,24),(276,2,353,21),(276,3,271,67),(276,4,174,71),(276,5,262,28),(276,6,106,63),(276,7,257,48),(276,8,324,41),(277,1,254,51),(277,2,109,57),(277,3,389,79),(277,4,100,24),(277,5,203,50),(277,6,251,80),(277,7,239,40),(277,8,176,37),(278,1,289,40),(278,2,319,61),(278,3,162,80),(278,4,206,67),(278,5,363,21),(278,6,236,33),(278,7,310,72),(278,8,171,55),(279,1,156,32),(279,2,232,55),(279,3,292,46),(279,4,167,70),(279,5,242,73),(279,6,105,45),(279,7,106,71),(279,8,170,55),(280,1,174,48),(280,2,272,49),(280,3,311,24),(280,4,159,68),(280,5,218,55),(280,6,318,73),(280,7,182,62),(280,8,303,37),(281,1,205,76),(281,2,281,33),(281,3,189,69),(281,4,164,56),(281,5,206,78),(281,6,337,23),(281,7,356,28),(281,8,129,26),(282,1,154,57),(282,2,255,65),(282,3,169,73),(282,4,312,73),(282,5,200,80),(282,6,391,72),(282,7,238,60),(282,8,398,77),(283,1,329,78),(283,2,258,65),(283,3,147,53),(283,4,176,58),(283,5,217,23),(283,6,130,41),(283,7,229,27),(283,8,182,22),(284,1,198,53),(284,2,324,26),(284,3,180,22),(284,4,204,59),(284,5,164,26),(284,6,366,27),(284,7,386,44),(284,8,146,54),(285,1,205,24),(285,2,174,23),(285,3,262,52),(285,4,115,59),(285,5,129,52),(285,6,207,32),(285,7,380,24),(285,8,250,40),(286,1,141,62),(286,2,125,39),(286,3,211,72),(286,4,174,57),(286,5,207,76),(286,6,268,21),(286,7,233,28),(286,8,211,45),(287,1,105,69),(287,2,107,61),(287,3,191,49),(287,4,264,35),(287,5,288,42),(287,6,394,67),(287,7,390,50),(287,8,272,43),(288,1,161,71),(288,2,302,68),(288,3,395,51),(288,4,285,52),(288,5,351,55),(288,6,214,30),(288,7,310,80),(288,8,364,45),(289,1,233,78),(289,2,252,58),(289,3,290,37),(289,4,247,57),(289,5,286,34),(289,6,205,21),(289,7,115,32),(289,8,348,53),(290,1,178,60),(290,2,255,56),(290,3,234,46),(290,4,355,76),(290,5,134,66),(290,6,247,29),(290,7,194,26),(290,8,263,46),(291,1,255,38),(291,2,385,71),(291,3,211,39),(291,4,251,53),(291,5,167,48),(291,6,307,22),(291,7,135,48),(291,8,100,56),(292,1,393,25),(292,2,255,39),(292,3,117,39),(292,4,232,34),(292,5,345,44),(292,6,267,55),(292,7,169,44),(292,8,205,52),(293,1,278,43),(293,2,144,54),(293,3,221,39),(293,4,212,75),(293,5,243,57),(293,6,304,52),(293,7,288,52),(293,8,335,39),(294,1,169,32),(294,2,199,23),(294,3,168,20),(294,4,196,56),(294,5,116,47),(294,6,134,32),(294,7,297,62),(294,8,247,42),(295,1,211,65),(295,2,297,21),(295,3,135,52),(295,4,197,21),(295,5,129,47),(295,6,380,40),(295,7,361,40),(295,8,129,48),(296,1,106,63),(296,2,256,47),(296,3,316,34),(296,4,397,35),(296,5,191,66),(296,6,368,31),(296,7,176,62),(296,8,327,61),(297,1,138,56),(297,2,274,28),(297,3,370,26),(297,4,353,74),(297,5,382,21),(297,6,173,31),(297,7,155,42),(297,8,191,44),(298,1,137,44),(298,2,289,77),(298,3,362,50),(298,4,367,76),(298,5,110,41),(298,6,298,34),(298,7,166,43),(298,8,176,27),(299,1,346,65),(299,2,188,33),(299,3,152,34),(299,4,293,51),(299,5,306,72),(299,6,171,56),(299,7,193,64),(299,8,330,57),(300,1,325,76),(300,2,218,31),(300,3,314,22),(300,4,112,25),(300,5,193,37),(300,6,253,61),(300,7,375,51),(300,8,346,54),(301,1,207,26),(301,2,221,64),(301,3,228,77),(301,4,242,51),(301,5,140,28),(301,6,183,78),(301,7,109,34),(301,8,133,69),(302,1,337,49),(302,2,111,64),(302,3,268,56),(302,4,194,66),(302,5,378,39),(302,6,330,75),(302,7,173,49),(302,8,316,27),(303,1,240,77),(303,2,216,24),(303,3,143,52),(303,4,180,63),(303,5,329,61),(303,6,139,55),(303,7,267,21),(303,8,229,26),(304,1,152,56),(304,2,233,46),(304,3,355,76),(304,4,140,72),(304,5,378,22),(304,6,216,70),(304,7,397,48),(304,8,209,45),(305,1,397,62),(305,2,253,47),(305,3,329,46),(305,4,375,36),(305,5,268,21),(305,6,212,70),(305,7,119,68),(305,8,348,64),(306,1,146,55),(306,2,248,61),(306,3,390,66),(306,4,383,44),(306,5,163,70),(306,6,258,28),(306,7,136,31),(306,8,268,35),(307,1,273,28),(307,2,372,29),(307,3,113,65),(307,4,288,73),(307,5,268,28),(307,6,104,59),(307,7,169,31),(307,8,172,59),(308,1,251,55),(308,2,211,28),(308,3,258,35),(308,4,301,56),(308,5,397,29),(308,6,335,48),(308,7,400,55),(308,8,376,71),(309,1,247,74),(309,2,106,44),(309,3,391,58),(309,4,171,38),(309,5,331,78),(309,6,247,54),(309,7,216,33),(309,8,375,76),(310,1,380,72),(310,2,255,79),(310,3,221,22),(310,4,398,71),(310,5,182,69),(310,6,170,64),(310,7,389,57),(310,8,169,37),(311,1,309,59),(311,2,147,70),(311,3,315,25),(311,4,167,74),(311,5,339,38),(311,6,134,60),(311,7,389,70),(311,8,183,73),(312,1,277,38),(312,2,323,68),(312,3,339,54),(312,4,229,47),(312,5,396,55),(312,6,374,70),(312,7,232,62),(312,8,142,58),(313,1,312,59),(313,2,141,64),(313,3,173,22),(313,4,222,77),(313,5,257,66),(313,6,188,29),(313,7,367,79),(313,8,183,45),(314,1,175,80),(314,2,173,33),(314,3,216,36),(314,4,148,20),(314,5,261,60),(314,6,324,63),(314,7,213,63),(314,8,228,80),(315,1,310,51),(315,2,243,71),(315,3,333,41),(315,4,228,25),(315,5,136,41),(315,6,225,21),(315,7,359,34),(315,8,285,42),(316,1,397,70),(316,2,168,57),(316,3,214,24),(316,4,154,63),(316,5,108,80),(316,6,372,52),(316,7,390,33),(316,8,163,43),(317,1,188,39),(317,2,306,50),(317,3,230,60),(317,4,107,27),(317,5,258,37),(317,6,340,30),(317,7,230,60),(317,8,115,34),(318,1,114,51),(318,2,233,60),(318,3,108,27),(318,4,250,29),(318,5,185,76),(318,6,353,45),(318,7,255,41),(318,8,166,23),(319,1,265,57),(319,2,235,43),(319,3,275,65),(319,4,108,72),(319,5,180,64),(319,6,349,79),(319,7,217,21),(319,8,382,58),(320,1,195,62),(320,2,262,56),(320,3,225,36),(320,4,118,51),(320,5,222,48),(320,6,147,42),(320,7,205,59),(320,8,162,25),(321,1,329,55),(321,2,295,49),(321,3,239,72),(321,4,382,26),(321,5,312,33),(321,6,394,34),(321,7,178,55),(321,8,132,68),(322,1,303,79),(322,2,377,59),(322,3,240,44),(322,4,273,61),(322,5,316,52),(322,6,254,77),(322,7,171,39),(322,8,366,48),(323,1,310,25),(323,2,193,38),(323,3,273,79),(323,4,157,80),(323,5,219,21),(323,6,359,37),(323,7,352,40),(323,8,149,69),(324,1,272,46),(324,2,229,72),(324,3,105,50),(324,4,236,66),(324,5,238,20),(324,6,293,32),(324,7,123,67),(324,8,298,78),(325,1,363,48),(325,2,311,27),(325,3,234,74),(325,4,155,32),(325,5,238,61),(325,6,119,36),(325,7,130,63),(325,8,196,45),(326,1,145,49),(326,2,393,46),(326,3,160,63),(326,4,103,73),(326,5,217,38),(326,6,194,61),(326,7,240,37),(326,8,110,38),(327,1,227,32),(327,2,319,23),(327,3,119,30),(327,4,287,58),(327,5,193,58),(327,6,171,37),(327,7,308,58),(327,8,122,49),(328,1,152,46),(328,2,285,68),(328,3,148,44),(328,4,252,40),(328,5,147,67),(328,6,227,67),(328,7,293,72),(328,8,224,47),(329,1,115,72),(329,2,162,45),(329,3,241,26),(329,4,123,26),(329,5,170,73),(329,6,317,77),(329,7,287,34),(329,8,200,77),(330,1,317,67),(330,2,319,39),(330,3,207,72),(330,4,172,57),(330,5,209,78),(330,6,326,72),(330,7,116,61),(330,8,171,29),(331,1,108,61),(331,2,209,65),(331,3,296,22),(331,4,151,66),(331,5,198,40),(331,6,314,53),(331,7,283,44),(331,8,152,60),(332,1,348,28),(332,2,147,44),(332,3,267,53),(332,4,137,77),(332,5,208,77),(332,6,310,58),(332,7,125,50),(332,8,177,67),(333,1,138,37),(333,2,122,50),(333,3,186,76),(333,4,339,31),(333,5,259,26),(333,6,365,28),(333,7,109,64),(333,8,279,67),(334,1,127,27),(334,2,196,35),(334,3,186,61),(334,4,274,70),(334,5,230,60),(334,6,106,26),(334,7,242,23),(334,8,341,73),(335,1,397,38),(335,2,268,73),(335,3,319,20),(335,4,348,28),(335,5,146,43),(335,6,241,31),(335,7,256,23),(335,8,303,35),(336,1,153,30),(336,2,187,77),(336,3,371,59),(336,4,267,69),(336,5,233,65),(336,6,231,75),(336,7,193,67),(336,8,385,45),(337,1,178,22),(337,2,219,73),(337,3,164,45),(337,4,244,27),(337,5,152,50),(337,6,101,50),(337,7,249,79),(337,8,231,33),(338,1,337,37),(338,2,120,48),(338,3,144,40),(338,4,162,22),(338,5,276,68),(338,6,183,78),(338,7,394,21),(338,8,135,53),(339,1,212,34),(339,2,123,60),(339,3,131,51),(339,4,178,65),(339,5,103,67),(339,6,364,23),(339,7,288,78),(339,8,394,79),(340,1,102,24),(340,2,196,44),(340,3,102,72),(340,4,183,68),(340,5,151,47),(340,6,324,43),(340,7,294,26),(340,8,277,58),(341,1,222,27),(341,2,221,58),(341,3,393,78),(341,4,377,62),(341,5,323,56),(341,6,342,33),(341,7,288,50),(341,8,287,57),(342,1,174,42),(342,2,126,40),(342,3,224,24),(342,4,124,32),(342,5,336,39),(342,6,169,32),(342,7,191,75),(342,8,312,65),(343,1,301,25),(343,2,213,59),(343,3,134,57),(343,4,322,71),(343,5,119,64),(343,6,253,40),(343,7,133,54),(343,8,247,66),(344,1,202,45),(344,2,123,27),(344,3,208,47),(344,4,144,44),(344,5,265,53),(344,6,132,73),(344,7,121,63),(344,8,218,68),(345,1,351,66),(345,2,201,43),(345,3,366,38),(345,4,352,38),(345,5,393,79),(345,6,103,25),(345,7,219,64),(345,8,234,23),(346,1,369,41),(346,2,110,28),(346,3,266,42),(346,4,163,76),(346,5,109,41),(346,6,307,43),(346,7,357,27),(346,8,114,72),(347,1,154,38),(347,2,395,80),(347,3,113,33),(347,4,387,28),(347,5,340,56),(347,6,282,34),(347,7,200,79),(347,8,367,50),(348,1,363,71),(348,2,288,55),(348,3,116,50),(348,4,204,34),(348,5,142,80),(348,6,265,66),(348,7,149,52),(348,8,151,35),(349,1,328,23),(349,2,379,51),(349,3,346,52),(349,4,170,53),(349,5,109,51),(349,6,244,71),(349,7,352,58),(349,8,300,45),(350,1,121,26),(350,2,194,36),(350,3,209,22),(350,4,119,34),(350,5,382,21),(350,6,181,38),(350,7,306,52),(350,8,278,43),(351,1,136,48),(351,2,381,38),(351,3,312,57),(351,4,101,28),(351,5,307,22),(351,6,120,35),(351,7,122,56),(351,8,334,26),(352,1,145,47),(352,2,351,69),(352,3,266,39),(352,4,388,69),(352,5,172,64),(352,6,382,50),(352,7,305,75),(352,8,259,74),(353,1,384,21),(353,2,163,21),(353,3,239,35),(353,4,369,63),(353,5,368,38),(353,6,359,44),(353,7,221,69),(353,8,365,78),(354,1,148,75),(354,2,122,58),(354,3,392,77),(354,4,347,37),(354,5,371,62),(354,6,325,60),(354,7,134,53),(354,8,213,35),(355,1,141,75),(355,2,161,35),(355,3,293,48),(355,4,214,51),(355,5,229,56),(355,6,323,74),(355,7,181,59),(355,8,234,37),(356,1,121,50),(356,2,197,26),(356,3,257,39),(356,4,100,24),(356,5,199,47),(356,6,169,70),(356,7,232,63),(356,8,187,37),(357,1,257,67),(357,2,200,40),(357,3,293,34),(357,4,163,42),(357,5,161,75),(357,6,385,21),(357,7,162,80),(357,8,208,68),(358,1,390,44),(358,2,136,44),(358,3,280,69),(358,4,196,28),(358,5,302,79),(358,6,380,61),(358,7,292,28),(358,8,326,42),(359,1,266,61),(359,2,322,59),(359,3,119,41),(359,4,262,60),(359,5,316,56),(359,6,350,42),(359,7,198,52),(359,8,317,79),(360,1,335,76),(360,2,206,76),(360,3,295,45),(360,4,151,55),(360,5,220,35),(360,6,126,60),(360,7,115,36),(360,8,155,27),(361,1,110,69),(361,2,394,47),(361,3,195,34),(361,4,155,34),(361,5,293,50),(361,6,264,35),(361,7,286,40),(361,8,355,33),(362,1,267,27),(362,2,373,32),(362,3,180,64),(362,4,362,30),(362,5,168,58),(362,6,234,42),(362,7,237,32),(362,8,297,60),(363,1,209,69),(363,2,390,44),(363,3,127,35),(363,4,102,36),(363,5,189,62),(363,6,286,79),(363,7,123,45),(363,8,357,22),(364,1,286,79),(364,2,115,39),(364,3,218,22),(364,4,396,70),(364,5,162,52),(364,6,109,53),(364,7,311,71),(364,8,134,22),(365,1,352,25),(365,2,381,44),(365,3,165,72),(365,4,311,75),(365,5,229,46),(365,6,351,75),(365,7,109,46),(365,8,116,79),(366,1,318,62),(366,2,204,57),(366,3,109,39),(366,4,243,47),(366,5,339,59),(366,6,347,31),(366,7,245,70),(366,8,324,33),(367,1,350,51),(367,2,130,77),(367,3,223,33),(367,4,364,64),(367,5,118,25),(367,6,162,68),(367,7,223,57),(367,8,368,56),(368,1,192,64),(368,2,331,58),(368,3,368,53),(368,4,114,56),(368,5,350,43),(368,6,223,74),(368,7,191,68),(368,8,116,73),(369,1,188,68),(369,2,130,27),(369,3,175,75),(369,4,358,52),(369,5,126,70),(369,6,370,20),(369,7,193,53),(369,8,338,40),(370,1,193,52),(370,2,321,25),(370,3,153,60),(370,4,329,71),(370,5,379,27),(370,6,328,48),(370,7,123,78),(370,8,278,25),(371,1,285,71),(371,2,211,39),(371,3,241,44),(371,4,279,67),(371,5,129,29),(371,6,246,78),(371,7,213,79),(371,8,336,79),(372,1,268,71),(372,2,262,30),(372,3,165,55),(372,4,176,52),(372,5,367,71),(372,6,285,51),(372,7,314,21),(372,8,394,69),(373,1,156,48),(373,2,330,46),(373,3,370,31),(373,4,159,47),(373,5,290,70),(373,6,182,72),(373,7,255,79),(373,8,208,71),(374,1,148,35),(374,2,338,32),(374,3,292,55),(374,4,106,40),(374,5,279,79),(374,6,145,67),(374,7,248,26),(374,8,115,76),(375,1,253,65),(375,2,170,75),(375,3,357,53),(375,4,160,40),(375,5,121,41),(375,6,258,56),(375,7,222,35),(375,8,397,33),(376,1,143,23),(376,2,335,68),(376,3,284,62),(376,4,287,23),(376,5,202,55),(376,6,356,53),(376,7,146,28),(376,8,161,57),(377,1,242,52),(377,2,161,46),(377,3,277,58),(377,4,213,80),(377,5,357,37),(377,6,366,54),(377,7,144,23),(377,8,334,66),(378,1,252,33),(378,2,277,37),(378,3,301,49),(378,4,229,61),(378,5,140,57),(378,6,295,45),(378,7,146,50),(378,8,114,64),(379,1,255,43),(379,2,211,62),(379,3,227,79),(379,4,302,44),(379,5,390,59),(379,6,193,58),(379,7,167,33),(379,8,224,45),(380,1,352,78),(380,2,181,49),(380,3,277,50),(380,4,325,35),(380,5,392,28),(380,6,321,38),(380,7,176,43),(380,8,154,64),(381,1,137,45),(381,2,316,41),(381,3,270,68),(381,4,196,31),(381,5,398,43),(381,6,389,59),(381,7,204,68),(381,8,377,35),(382,1,234,50),(382,2,152,41),(382,3,172,29),(382,4,110,63),(382,5,246,37),(382,6,385,74),(382,7,305,62),(382,8,230,24),(383,1,119,26),(383,2,191,33),(383,3,157,38),(383,4,368,55),(383,5,173,48),(383,6,286,61),(383,7,264,61),(383,8,345,21),(384,1,278,77),(384,2,384,73),(384,3,284,43),(384,4,135,45),(384,5,317,42),(384,6,297,32),(384,7,400,45),(384,8,120,26),(385,1,182,25),(385,2,282,66),(385,3,112,73),(385,4,190,71),(385,5,198,26),(385,6,247,30),(385,7,211,41),(385,8,292,29),(386,1,349,62),(386,2,106,80),(386,3,374,55),(386,4,145,21),(386,5,286,23),(386,6,227,77),(386,7,233,43),(386,8,288,78),(387,1,376,63),(387,2,347,78),(387,3,216,21),(387,4,377,54),(387,5,120,57),(387,6,378,66),(387,7,107,70),(387,8,129,79),(388,1,292,35),(388,2,191,67),(388,3,398,58),(388,4,147,74),(388,5,111,49),(388,6,181,76),(388,7,345,39),(388,8,129,53),(389,1,244,65),(389,2,182,29),(389,3,366,20),(389,4,205,65),(389,5,312,36),(389,6,172,43),(389,7,170,80),(389,8,182,43),(390,1,135,45),(390,2,318,43),(390,3,326,56),(390,4,330,21),(390,5,342,78),(390,6,225,31),(390,7,299,66),(390,8,352,74),(391,1,399,36),(391,2,207,78),(391,3,340,25),(391,4,103,68),(391,5,388,44),(391,6,143,50),(391,7,132,21),(391,8,322,60),(392,1,125,46),(392,2,379,40),(392,3,375,53),(392,4,109,49),(392,5,202,34),(392,6,150,27),(392,7,134,32),(392,8,290,55),(393,1,101,37),(393,2,212,22),(393,3,116,30),(393,4,295,66),(393,5,371,32),(393,6,188,72),(393,7,238,61),(393,8,121,37),(394,1,156,25),(394,2,369,33),(394,3,216,37),(394,4,180,49),(394,5,285,58),(394,6,195,61),(394,7,240,37),(394,8,102,31),(395,1,380,25),(395,2,297,20),(395,3,117,36),(395,4,147,79),(395,5,239,41),(395,6,217,73),(395,7,174,55),(395,8,157,32),(396,1,220,45),(396,2,371,35),(396,3,260,75),(396,4,397,32),(396,5,399,44),(396,6,107,75),(396,7,243,59),(396,8,357,39),(397,1,398,21),(397,2,144,59),(397,3,352,34),(397,4,296,53),(397,5,347,47),(397,6,328,48),(397,7,117,72),(397,8,160,43),(398,1,188,40),(398,2,338,78),(398,3,227,34),(398,4,377,74),(398,5,315,73),(398,6,186,67),(398,7,105,66),(398,8,323,47),(399,1,399,59),(399,2,167,31),(399,3,175,62),(399,4,334,67),(399,5,270,49),(399,6,320,33),(399,7,357,59),(399,8,293,38),(400,1,260,67),(400,2,200,39),(400,3,267,71),(400,4,267,35),(400,5,277,32),(400,6,164,49),(400,7,329,42),(400,8,269,62),(401,1,346,79),(401,2,246,48),(401,3,366,21),(401,4,233,29),(401,5,237,69),(401,6,308,22),(401,7,123,37),(401,8,154,24),(402,1,332,60),(402,2,109,29),(402,3,294,67),(402,4,395,54),(402,5,369,66),(402,6,145,47),(402,7,337,57),(402,8,302,52),(403,1,297,61),(403,2,231,28),(403,3,206,42),(403,4,336,70),(403,5,334,45),(403,6,330,54),(403,7,252,71),(403,8,315,23),(404,1,129,40),(404,2,203,65),(404,3,308,34),(404,4,123,62),(404,5,168,23),(404,6,283,73),(404,7,270,32),(404,8,188,72),(405,1,244,67),(405,2,240,80),(405,3,271,72),(405,4,286,50),(405,5,300,69),(405,6,130,23),(405,7,374,46),(405,8,236,77),(406,1,224,32),(406,2,337,40),(406,3,184,44),(406,4,154,62),(406,5,377,52),(406,6,373,76),(406,7,390,21),(406,8,152,69),(407,1,278,50),(407,2,323,32),(407,3,331,35),(407,4,380,76),(407,5,349,42),(407,6,213,66),(407,7,304,27),(407,8,257,37),(408,1,348,38),(408,2,396,23),(408,3,193,43),(408,4,400,70),(408,5,158,47),(408,6,307,25),(408,7,207,51),(408,8,264,30),(409,1,162,52),(409,2,105,50),(409,3,236,66),(409,4,237,79),(409,5,272,74),(409,6,331,30),(409,7,247,78),(409,8,219,23),(410,1,129,39),(410,2,183,47),(410,3,217,57),(410,4,384,72),(410,5,237,62),(410,6,141,55),(410,7,244,60),(410,8,378,57),(411,1,191,60),(411,2,224,25),(411,3,143,49),(411,4,107,58),(411,5,139,64),(411,6,184,31),(411,7,134,80),(411,8,292,33),(412,1,139,22),(412,2,324,59),(412,3,394,78),(412,4,377,62),(412,5,321,55),(412,6,304,60),(412,7,181,42),(412,8,109,23),(413,1,148,59),(413,2,333,76),(413,3,195,68),(413,4,109,66),(413,5,317,40),(413,6,241,42),(413,7,227,21),(413,8,336,74),(414,1,137,76),(414,2,187,59),(414,3,222,24),(414,4,139,46),(414,5,333,55),(414,6,275,30),(414,7,125,75),(414,8,194,70),(415,1,158,50),(415,2,367,78),(415,3,150,76),(415,4,150,22),(415,5,291,26),(415,6,277,59),(415,7,244,47),(415,8,346,65),(416,1,186,31),(416,2,120,66),(416,3,295,76),(416,4,324,75),(416,5,203,78),(416,6,342,28),(416,7,169,65),(416,8,128,32),(417,1,312,77),(417,2,277,28),(417,3,358,75),(417,4,106,40),(417,5,293,32),(417,6,118,63),(417,7,209,61),(417,8,200,56),(418,1,113,44),(418,2,358,26),(418,3,373,35),(418,4,264,78),(418,5,156,22),(418,6,286,20),(418,7,141,61),(418,8,395,73),(419,1,233,55),(419,2,282,36),(419,3,251,64),(419,4,143,51),(419,5,154,40),(419,6,142,61),(419,7,106,22),(419,8,139,52),(420,1,182,66),(420,2,110,71),(420,3,148,35),(420,4,330,25),(420,5,126,32),(420,6,333,36),(420,7,389,23),(420,8,198,50),(421,1,257,27),(421,2,111,69),(421,3,393,46),(421,4,170,72),(421,5,285,50),(421,6,290,60),(421,7,239,38),(421,8,139,64),(422,1,191,38),(422,2,283,28),(422,3,362,77),(422,4,129,59),(422,5,393,75),(422,6,298,53),(422,7,331,32),(422,8,309,72),(423,1,185,68),(423,2,133,31),(423,3,270,38),(423,4,335,21),(423,5,329,65),(423,6,240,24),(423,7,391,58),(423,8,176,42),(424,1,127,41),(424,2,233,31),(424,3,279,46),(424,4,211,54),(424,5,304,63),(424,6,274,63),(424,7,366,35),(424,8,281,36),(425,1,256,68),(425,2,227,64),(425,3,215,64),(425,4,244,33),(425,5,291,53),(425,6,342,44),(425,7,268,57),(425,8,215,25),(426,1,183,27),(426,2,336,54),(426,3,238,56),(426,4,295,46),(426,5,173,73),(426,6,319,79),(426,7,317,60),(426,8,153,72),(427,1,349,52),(427,2,154,38),(427,3,390,75),(427,4,316,70),(427,5,396,46),(427,6,173,74),(427,7,325,23),(427,8,112,22),(428,1,104,79),(428,2,369,51),(428,3,377,23),(428,4,248,38),(428,5,114,39),(428,6,238,40),(428,7,194,53),(428,8,352,51),(429,1,129,75),(429,2,191,66),(429,3,367,30),(429,4,160,49),(429,5,340,53),(429,6,217,36),(429,7,158,29),(429,8,146,40),(430,1,162,21),(430,2,253,48),(430,3,345,61),(430,4,381,59),(430,5,226,30),(430,6,276,45),(430,7,206,50),(430,8,222,54),(431,1,277,36),(431,2,260,73),(431,3,354,54),(431,4,182,60),(431,5,263,62),(431,6,372,44),(431,7,196,42),(431,8,367,41),(432,1,120,37),(432,2,169,37),(432,3,330,78),(432,4,251,58),(432,5,306,51),(432,6,247,75),(432,7,134,69),(432,8,329,41),(433,1,248,44),(433,2,252,41),(433,3,157,76),(433,4,122,54),(433,5,292,49),(433,6,259,31),(433,7,190,78),(433,8,373,60),(434,1,273,74),(434,2,338,35),(434,3,369,63),(434,4,364,36),(434,5,303,56),(434,6,382,75),(434,7,336,30),(434,8,243,73),(435,1,388,30),(435,2,383,33),(435,3,179,60),(435,4,256,57),(435,5,247,57),(435,6,290,39),(435,7,297,41),(435,8,326,64),(436,1,219,68),(436,2,335,52),(436,3,190,74),(436,4,291,48),(436,5,230,66),(436,6,248,31),(436,7,233,60),(436,8,394,75),(437,1,293,48),(437,2,222,58),(437,3,374,61),(437,4,305,42),(437,5,337,71),(437,6,363,70),(437,7,255,26),(437,8,390,51),(438,1,308,74),(438,2,237,54),(438,3,242,60),(438,4,368,49),(438,5,311,25),(438,6,197,42),(438,7,352,26),(438,8,106,67),(439,1,358,76),(439,2,137,67),(439,3,276,54),(439,4,112,51),(439,5,237,64),(439,6,195,43),(439,7,381,53),(439,8,372,74),(440,1,339,37),(440,2,395,26),(440,3,263,45),(440,4,236,21),(440,5,314,52),(440,6,252,77),(440,7,164,33),(440,8,238,59),(441,1,351,35),(441,2,326,21),(441,3,340,78),(441,4,218,26),(441,5,192,34),(441,6,183,60),(441,7,249,49),(441,8,383,35),(442,1,237,51),(442,2,158,45),(442,3,261,45),(442,4,241,26),(442,5,124,27),(442,6,196,36),(442,7,201,74),(442,8,252,70),(443,1,286,57),(443,2,170,39),(443,3,355,40),(443,4,122,44),(443,5,324,53),(443,6,263,23),(443,7,278,70),(443,8,218,47),(444,1,133,30),(444,2,261,30),(444,3,160,51),(444,4,394,41),(444,5,354,29),(444,6,169,62),(444,7,333,68),(444,8,312,27),(445,1,227,67),(445,2,297,76),(445,3,305,57),(445,4,117,45),(445,5,375,40),(445,6,366,47),(445,7,282,60),(445,8,261,60),(446,1,317,57),(446,2,368,58),(446,3,238,45),(446,4,317,41),(446,5,271,68),(446,6,195,31),(446,7,377,26),(446,8,309,32),(447,1,374,78),(447,2,122,49),(447,3,156,50),(447,4,370,21),(447,5,220,77),(447,6,259,68),(447,7,234,69),(447,8,315,29),(448,1,282,55),(448,2,125,60),(448,3,136,55),(448,4,264,79),(448,5,192,54),(448,6,378,75),(448,7,348,42),(448,8,211,64),(449,1,272,59),(449,2,271,72),(449,3,294,57),(449,4,155,22),(449,5,289,22),(449,6,195,48),(449,7,212,48),(449,8,169,65),(450,1,107,74),(450,2,220,38),(450,3,203,68),(450,4,386,42),(450,5,397,71),(450,6,175,63),(450,7,360,29),(450,8,154,46);
/*!40000 ALTER TABLE `prices` ENABLE KEYS */;
UNLOCK TABLES;

--
-- Table structure for table `produced_company`
--

DROP TABLE IF EXISTS `produced_company`;
/*!40101 SET @saved_cs_client     = @@character_set_client */;
/*!50503 SET character_set_client = utf8mb4 */;
CREATE TABLE `produced_company` (
  `id` smallint unsigned NOT NULL AUTO_INCREMENT,
  `name` varchar(255) NOT NULL COMMENT 'Название компании',
  PRIMARY KEY (`id`),
  UNIQUE KEY `name` (`name`)
) ENGINE=InnoDB AUTO_INCREMENT=8 DEFAULT CHARSET=utf8 COMMENT='Компании - прозиводители одежды';
/*!40101 SET character_set_client = @saved_cs_client */;

--
-- Dumping data for table `produced_company`
--

LOCK TABLES `produced_company` WRITE;
/*!40000 ALTER TABLE `produced_company` DISABLE KEYS */;
INSERT INTO `produced_company` VALUES (5,'Davis and Sons'),(2,'Denesik, Gleichner and Ullrich'),(4,'Friesen LLC'),(6,'Gibson and Sons'),(1,'Glover-Labadie'),(7,'Heller-Wilkinson'),(3,'Lynch-Dickens');
/*!40000 ALTER TABLE `produced_company` ENABLE KEYS */;
UNLOCK TABLES;

--
-- Table structure for table `products`
--

DROP TABLE IF EXISTS `products`;
/*!40101 SET @saved_cs_client     = @@character_set_client */;
/*!50503 SET character_set_client = utf8mb4 */;
CREATE TABLE `products` (
  `id` int unsigned NOT NULL AUTO_INCREMENT,
  `vendor_code_id` int unsigned NOT NULL COMMENT 'Идентификатор атрикула товара',
  `produced_by_id` smallint unsigned NOT NULL COMMENT 'Идентификатор компании - производителя',
  `color_id` smallint unsigned NOT NULL COMMENT 'Идентификатор цвета товара',
  `description` text COMMENT 'Описание товара',
  `consist` varchar(255) DEFAULT NULL COMMENT 'Описание состава одежды',
  `measurements` text COMMENT 'Замеры модели одежды',
  `created_at` datetime NOT NULL DEFAULT CURRENT_TIMESTAMP COMMENT 'Дата создания записи',
  `updated_at` datetime NOT NULL DEFAULT CURRENT_TIMESTAMP ON UPDATE CURRENT_TIMESTAMP COMMENT 'Дата изменения записи',
  `name` varchar(255) NOT NULL COMMENT 'Название товара',
  PRIMARY KEY (`id`),
  KEY `products__vendor_code_id_fk` (`vendor_code_id`),
  KEY `products__produced_by_id_fk` (`produced_by_id`),
  KEY `products__color_id_fk` (`color_id`),
  CONSTRAINT `products__color_id_fk` FOREIGN KEY (`color_id`) REFERENCES `colors` (`id`) ON DELETE RESTRICT ON UPDATE CASCADE,
  CONSTRAINT `products__produced_by_id_fk` FOREIGN KEY (`produced_by_id`) REFERENCES `produced_company` (`id`) ON DELETE RESTRICT ON UPDATE CASCADE,
  CONSTRAINT `products__vendor_code_id_fk` FOREIGN KEY (`vendor_code_id`) REFERENCES `vendors_code` (`id`) ON DELETE RESTRICT ON UPDATE CASCADE
) ENGINE=InnoDB AUTO_INCREMENT=451 DEFAULT CHARSET=utf8 COMMENT='Товары';
/*!40101 SET character_set_client = @saved_cs_client */;

--
-- Dumping data for table `products`
--

LOCK TABLES `products` WRITE;
/*!40000 ALTER TABLE `products` DISABLE KEYS */;
INSERT INTO `products` VALUES (1,1,1,1,'Sint odit nesciunt non quisquam reprehenderit et. Illum accusamus velit quaerat esse sequi ullam. Et itaque suscipit et temporibus quas aut quod tenetur.','Enim aspernatur nostrum dolor inventore. Molestias atque sint illum ab aperiam labore. Sit ea dolores inventore illum.','Eos dolores dolor non qui. Magni aut culpa id. Eius tenetur nulla enim voluptatum.','2014-11-29 03:11:00','2020-12-17 04:42:11','Sint odit nesci'),(2,2,2,2,'Nulla velit veniam eos molestias debitis reprehenderit. Voluptas molestiae sed qui possimus nihil. Nihil quia distinctio laborum et quis at consequatur. Enim quia reiciendis atque temporibus.','Laborum sunt vero voluptas iste tempora. Quis nihil et et. Est dolor ad enim inventore et.','Vitae ut ipsum magnam. Quae itaque adipisci quibusdam aut.','2010-08-17 04:40:00','2020-12-17 04:42:11','Nulla velit ven'),(3,3,3,3,'Quae iure temporibus impedit ea voluptate molestias maiores. Sapiente qui voluptatum incidunt non. Incidunt sint nihil ut voluptatem ipsum. Veniam aut dolore voluptates officia.','Placeat maiores est incidunt et. In maxime ipsam quam quam sed iure amet. Totam voluptatem eos facere.','Deserunt ut quibusdam maxime et sint aut. Qui odit est quod aut culpa quaerat fugit.','2017-05-15 02:27:00','2020-12-17 04:42:11','Quae iure tempo'),(4,4,4,4,'Corrupti rem sit consectetur dolorem neque. Maxime porro inventore saepe ab molestiae. Delectus eius perspiciatis saepe earum odio.','Molestiae vero et quia quae. Unde ut impedit aut consequatur. Officiis voluptas nobis et mollitia consequuntur iusto.','Reiciendis doloribus quisquam et rerum et voluptate consequuntur eos. Numquam soluta voluptate quia nulla aliquid.','2014-01-29 16:23:00','2020-12-17 04:42:11','Corrupti rem si'),(5,5,5,5,'Rem molestiae alias similique ad aut. Dolor hic molestias dolorem voluptatem quo temporibus. Quos optio dolorem asperiores quis. Animi ea deleniti soluta inventore odit quisquam velit.','Maiores consequatur voluptas voluptatem eos. Omnis excepturi qui atque autem.','Aut sit in minima quae. Et doloremque libero quos ea eum aut accusantium minima. Quisquam nostrum nihil velit.','2017-05-03 04:05:00','2020-12-17 04:42:11','Rem molestiae a'),(6,6,6,6,'Vitae nemo qui enim vel enim dolores laudantium. Sunt non animi ut facere voluptas dolores tempora. Est voluptatem sed reiciendis maiores molestiae odit est debitis.','Quaerat nesciunt ullam libero asperiores adipisci. Libero delectus itaque similique ut rerum nisi explicabo officiis.','Possimus maiores reprehenderit ea ipsam eius accusantium mollitia. Qui quia sit neque.','2017-01-07 10:16:00','2020-12-17 04:42:11','Vitae nemo qui '),(7,7,7,7,'Quia quibusdam consequatur laborum ipsa mollitia non. In eos non nesciunt iure quia quod. Iusto nesciunt voluptate suscipit eaque.','Quod soluta eveniet libero amet occaecati. Beatae consequuntur similique facilis consequatur.','Hic assumenda aut accusantium. Odio ab omnis quo magnam ipsum laudantium.','2017-05-21 20:46:00','2020-12-17 04:42:11','Quia quibusdam '),(8,8,1,8,'Quibusdam commodi modi est nisi ducimus dolore. Minus sit nihil doloribus sed. Velit debitis quidem cupiditate voluptas consectetur nesciunt soluta non. Ut et voluptatum deleniti maiores et sunt est.','Reiciendis cumque rerum labore ut. Aspernatur aliquid nesciunt aut autem quae et in repellendus.','Occaecati doloremque enim rerum voluptatem. Ut enim mollitia pariatur unde. Velit et ullam eius.','2016-09-18 22:17:00','2020-12-17 04:42:11','Quibusdam commo'),(9,9,2,9,'Quidem consectetur culpa consequatur explicabo minima quas. Fuga dolorem error optio repellat eos nam.','Vel est vel quidem vel nostrum sed molestiae. Ea natus explicabo culpa ea iste a id.','Non nesciunt minus dolorum sit et dolor totam. Soluta distinctio voluptatibus deleniti sed sapiente minima.','2017-05-27 10:39:00','2020-12-17 04:42:11','Quidem consecte'),(10,10,3,10,'Cupiditate nam harum iste quae esse debitis. Dignissimos voluptas quia et qui ipsum.','Error tempora nisi sint eos. Vel ut ratione eligendi.','Autem quia nulla repellat aliquam dolor. Similique magnam illum sed inventore dolor.','2013-10-30 00:27:00','2020-12-17 04:42:11','Cupiditate nam '),(11,11,4,11,'Voluptatem minus quia inventore. Est aut perspiciatis non id vero labore ut. Vero at est et qui qui vel expedita culpa. Dolor est tempore minima ipsam unde consectetur dicta mollitia.','Suscipit repellat id vero minus. In quia et ut necessitatibus voluptate quae sed.','Earum ad deserunt dolorem ut veniam eos. Et ea nobis nesciunt. Minus debitis velit quo eos aliquid.','2016-09-11 21:41:00','2020-12-17 04:42:11','Voluptatem minu'),(12,12,5,12,'Nesciunt commodi rerum est. Id debitis voluptate quo. Et facilis non sed dolorem deserunt ullam eos ducimus.','Incidunt quia rerum esse quisquam. Voluptate iure quia voluptas fuga qui excepturi totam.','Pariatur est est quia aut. Temporibus fuga nihil repudiandae eaque. Rerum tempora ducimus sit sunt tempore maiores.','2017-05-23 08:21:00','2020-12-17 04:42:11','Nesciunt commod'),(13,13,6,13,'Officiis id quo nostrum veritatis dolorem neque sunt. Tempore commodi eius earum labore alias ea. Quia iste consequuntur tempora consectetur nihil. Quia rerum soluta dolorem ducimus eaque aperiam aliquam omnis. Quisquam eaque voluptatem consequatur ut nemo ea ullam.','Nam et ad molestiae id. Voluptas laborum error amet fugit minus. Hic dolore eum officia ipsa dolorem.','Et ducimus aliquam culpa eligendi harum ut fuga. Corporis voluptates ab explicabo ea.','2010-12-15 21:52:00','2020-12-17 04:42:11','Officiis id quo'),(14,14,7,14,'Iure dolores ex voluptatem. Sit quidem error aut soluta. Veritatis nihil sit sed et assumenda quo.','Omnis laudantium repudiandae veniam sapiente. Quis aperiam quaerat qui sit nostrum. Qui quod quasi aut quo fugiat sint.','Delectus id reprehenderit sit dolor praesentium dolores alias expedita. Et qui culpa ut quidem totam dolores.','2018-11-17 15:34:00','2020-12-17 04:42:11','Iure dolores ex'),(15,15,1,15,'Est natus rerum qui ea dignissimos et. Dolor dolorum alias deleniti non assumenda. Ut est praesentium eum laudantium et at impedit. Quis reiciendis iusto eos perferendis illo doloribus est.','Non quo cum et nostrum nemo cumque. Nostrum itaque ut qui qui.','Est corporis quo sit dolorem dolore. Cumque a illum sit unde quos temporibus. Id dolore maxime repudiandae quas optio.','2011-07-25 21:39:00','2020-12-17 04:42:11','Est natus rerum'),(16,16,2,16,'Inventore harum a maiores excepturi voluptas. Deserunt harum omnis accusamus nulla ad qui. Vel vel voluptatem magnam rerum fugit corporis ea. Esse molestiae quisquam est recusandae corrupti debitis.','Ipsum ab temporibus velit soluta assumenda. Qui id tempora qui perferendis ipsum repellat.','Delectus aut perspiciatis commodi. Minima laborum aut reiciendis fugiat laborum. Molestias qui quidem laudantium et.','2014-04-07 15:31:00','2020-12-17 04:42:11','Inventore harum'),(17,17,3,17,'Enim adipisci voluptas optio in. Qui quidem voluptatem atque facilis et ut ipsum sit. Cum hic voluptatem vel laborum. Error suscipit tempora fugiat voluptas voluptatem voluptates aut.','Eos nulla et voluptatibus incidunt. Nulla sunt cum qui sed culpa voluptatem ab. Fugit nam eos ut eius sunt fugit ut.','Omnis in illo quia. Est velit deserunt aliquid omnis necessitatibus eos molestias qui. Nobis sit a rerum fugit quas.','2011-07-09 10:34:00','2020-12-17 04:42:11','Enim adipisci v'),(18,18,4,18,'Perspiciatis ab eum porro sapiente qui perferendis. Aperiam id cumque quis sint et ut. Unde veritatis quas iure ut harum nihil. Voluptate quis quia aut ab ea provident.','Id repellat et at iure quasi et. Eaque ut dolorum ad.','Et et ipsum qui dolor quis debitis corporis. Velit omnis consectetur nobis in distinctio quasi.','2016-07-14 19:55:00','2020-12-17 04:42:11','Perspiciatis ab'),(19,19,5,19,'Aut error iure voluptatibus commodi sed facilis qui. Odio officia odio cum eos a velit excepturi. Expedita consequatur consequatur et expedita eum repellendus. Nihil cum fuga omnis ut doloribus sed voluptas.','Dolorem aliquam porro at deserunt soluta autem quasi. Reprehenderit doloremque qui nam.','Ut qui rerum aliquam ipsa in consectetur fugit. Rerum voluptatem et aut sint.','2016-04-13 21:41:00','2020-12-17 04:42:11','Aut error iure '),(20,20,6,20,'Magni reprehenderit quia adipisci nam eum rem. Laboriosam aliquam ex nam cum. Nulla sunt eligendi sapiente itaque. Natus libero commodi unde cum.','Expedita vitae neque atque sunt eum voluptatem. Quis nostrum quia sed iusto at quia veritatis voluptatum.','Assumenda animi ut cum officia quia facilis dolore. Distinctio mollitia est cumque velit omnis aut a quia.','2017-11-17 20:39:00','2020-12-17 04:42:11','Magni reprehend'),(21,21,7,21,'Ullam veniam ea sapiente hic omnis magnam doloribus. Et molestias explicabo similique illum impedit. Est consectetur consequatur voluptatem id iste voluptates. Consectetur itaque labore quam.','Qui numquam aut est eos. Quaerat sit aut nobis veritatis eligendi.','Qui velit repudiandae rem earum placeat. Vel ducimus earum et cumque. Quis impedit qui sequi id.','2013-11-13 07:29:00','2020-12-17 04:42:11','Ullam veniam ea'),(22,22,1,22,'Est inventore voluptatem eum. Asperiores expedita fuga tempore recusandae nisi dolore dolor.','Ducimus tempora aut esse hic. Cupiditate est nesciunt sint et hic illo. Qui sed explicabo aut officia aut rerum.','Fugit earum asperiores magni. Est omnis voluptatem ut ut expedita.','2012-05-05 08:38:00','2020-12-17 04:42:11','Est inventore v'),(23,23,2,23,'Reprehenderit deleniti ullam optio deleniti modi mollitia fuga necessitatibus. Delectus aut dolores nesciunt aliquam aperiam perferendis voluptatum. Est illo eum saepe voluptatibus consequatur consectetur fuga.','Illum cupiditate et et eius quia error. Vel nam vero dolores dolore ut. Sunt ut a inventore ullam enim aperiam amet.','Enim et deleniti nulla quae quam explicabo unde. Quia deleniti est sed similique.','2015-05-03 20:35:00','2020-12-17 04:42:11','Reprehenderit d'),(24,24,3,24,'Quas vel accusantium aut nulla. Sunt deserunt rerum magnam sint expedita delectus. Saepe eius at voluptatem odit facilis vel incidunt. Voluptatem modi ratione vero ullam nemo.','Consequatur vitae ducimus asperiores commodi laboriosam. Sunt in deserunt aut. Eveniet nobis cumque sed quis numquam.','Quia iure fugit et dolorem. Et et debitis hic. Possimus voluptatibus corrupti sed.','2017-01-21 19:26:00','2020-12-17 04:42:11','Quas vel accusa'),(25,25,4,25,'Aut dolor accusamus molestiae perspiciatis sapiente. Minima iste ut corporis natus. Excepturi impedit omnis qui qui.','Omnis ex est nihil. Cum mollitia sunt reiciendis. Molestiae libero maiores quod veritatis.','Porro commodi tenetur blanditiis quaerat exercitationem. Animi non ipsam sunt. Natus et est aliquid dolore.','2012-09-19 05:10:00','2020-12-17 04:42:11','Aut dolor accus'),(26,26,5,26,'Earum hic sequi ipsa vero. Dolor dicta necessitatibus ea eum dicta fuga. Id quia occaecati aliquid repudiandae aut eum deserunt ut.','Repudiandae quis deserunt id ipsam. At vero et perspiciatis voluptas. Non autem corrupti magni libero.','Sapiente ad officiis rerum quia autem unde. Non et voluptatibus consequatur harum aspernatur.','2017-06-12 18:00:00','2020-12-17 04:42:11','Earum hic sequi'),(27,27,6,27,'Excepturi occaecati et molestias et. Tempore consequatur architecto eius eum eos. Omnis aut voluptates ut et asperiores. Tenetur ea consequatur possimus quidem. Magni eos et eum voluptatem maiores cupiditate deleniti.','Animi tempore enim minima ab debitis amet. Nesciunt qui ratione ut et nulla ratione.','Excepturi accusamus dolorem dolores. Quaerat aut vel dolorum vitae facere est aliquid esse.','2017-03-12 17:36:00','2020-12-17 04:42:11','Excepturi occae'),(28,28,7,28,'Enim suscipit assumenda corrupti repellat numquam facere nemo. Deleniti maxime labore illo dolores. Iusto error qui asperiores voluptatem.','Fuga consectetur amet expedita cum fuga rem consectetur. Delectus est fuga nesciunt praesentium.','Voluptatem ea assumenda molestiae modi dolor quis. In sunt consequatur quidem sed ea eum aut. Dolor fugit aut culpa.','2016-03-27 06:26:00','2020-12-17 04:42:11','Enim suscipit a'),(29,29,1,29,'Eveniet officiis harum nihil iste nesciunt repellendus optio. Autem possimus aut dolores mollitia esse rerum. Qui eaque et aut sint.','Illum facere molestias recusandae iusto. A repellat commodi aperiam odio. Non in non quidem provident aut quod.','Totam velit ipsam sunt qui repellat voluptas. Architecto voluptatem quae accusamus alias nihil dolorum necessitatibus.','2011-03-28 08:38:00','2020-12-17 04:42:11','Eveniet officii'),(30,30,2,30,'Voluptate qui vel nam laboriosam vero beatae. Voluptatum sunt odio molestiae quia. Accusantium veniam ea consequatur omnis.','Ut id illo ratione eius et magni sit. Odit velit non nihil et tempore saepe fugit fugit. Perspiciatis est qui sapiente.','Magni ipsum qui quia adipisci explicabo. Mollitia ad asperiores quo. Facilis nisi assumenda et vero.','2011-11-21 07:57:00','2020-12-17 04:42:11','Voluptate qui v'),(31,31,3,31,'Tenetur eveniet modi in doloribus quisquam autem aspernatur non. Libero libero et natus earum dolores modi iure. Dolor et corporis corporis est nesciunt quisquam officia rerum. Maiores reprehenderit dolores alias in aut omnis.','Est doloribus molestiae minima vel expedita et similique soluta. Magnam exercitationem voluptate sit sit.','Sequi amet commodi ad delectus a est. Dolor doloremque aut eum voluptatem natus ut aut. Esse qui labore tempore.','2011-02-28 02:33:00','2020-12-17 04:42:11','Tenetur eveniet'),(32,32,4,32,'Error et reprehenderit veniam molestiae nam magni. Et quas dolore officiis voluptatibus ad ut veritatis. Vel sapiente totam omnis recusandae ea sed ad.','Voluptates velit quam iste autem. Voluptatibus quae voluptas sed voluptates. Veniam commodi ea at qui.','Quam veniam autem pariatur ea quis possimus a. Ut occaecati dicta accusamus doloribus sunt rerum sapiente iste.','2018-11-19 10:00:00','2020-12-17 04:42:11','Error et repreh'),(33,33,5,33,'Non et laborum necessitatibus inventore. Temporibus dolores totam et aspernatur ea. Qui ut et quae fuga.','Saepe harum accusantium alias. Nostrum eos sit voluptate aut et. Ea adipisci dicta perferendis iste.','Consequatur voluptates aut omnis itaque illum architecto. Incidunt aperiam non nesciunt molestias.','2014-04-25 01:49:00','2020-12-17 04:42:11','Non et laborum '),(34,34,6,34,'Omnis ipsa culpa quas esse. Soluta odit minima pariatur officia quae itaque eligendi sit. Ex maiores tenetur ut odit. Nulla dolore quia magnam mollitia.','Soluta sit in autem numquam. Voluptatem at et distinctio animi exercitationem.','Aut fugiat voluptatem vel delectus. Qui laudantium ut minus voluptate quod blanditiis.','2012-01-19 06:24:00','2020-12-17 04:42:11','Omnis ipsa culp'),(35,35,7,35,'Placeat at impedit magni amet quo pariatur. Incidunt optio ullam incidunt fugit quidem officia ducimus tempora. Enim modi qui autem porro consectetur doloremque.','Provident amet expedita delectus quidem ut. Mollitia ex enim laborum. Dolorum enim distinctio et sit nam.','Eum incidunt iste sint maxime necessitatibus magnam sed deserunt. Et quia qui ex qui suscipit placeat sit tenetur.','2014-03-15 18:57:00','2020-12-17 04:42:11','Placeat at impe'),(36,36,1,36,'Quos architecto non rem ea quisquam dolore voluptates. Qui ut accusantium sed repellat. Molestiae id aut consequuntur tempore sapiente. Dicta qui sit qui et distinctio.','Quam totam illum vel. Veritatis hic eum porro tenetur ut. Voluptas quae quo perferendis ut.','Corporis et qui in quis. Delectus quas aliquam quam beatae. Et qui ex et nemo itaque sapiente.','2017-01-24 19:02:00','2020-12-17 04:42:11','Quos architecto'),(37,37,2,37,'Molestiae tenetur sit quaerat et. Animi aliquid expedita cum sit sint molestiae. Deserunt amet aut facilis non tempore et repellat non.','Delectus et fuga qui a impedit sed quia. Laborum et sit suscipit praesentium perspiciatis tempora.','Commodi asperiores ex aut modi incidunt. Qui cum ea qui sed. Quas provident maxime deserunt dicta.','2012-06-10 06:29:00','2020-12-17 04:42:11','Molestiae tenet'),(38,38,3,38,'Placeat suscipit id libero autem consequuntur. Possimus dolore ad asperiores ipsum quaerat.','Voluptas aut error ut tempore. Similique dolore voluptatem dolor est qui ratione. Vero quibusdam aut qui sapiente unde.','Voluptatibus aut cum pariatur quas. Illum repudiandae in itaque molestias ex.','2012-07-14 08:22:00','2020-12-17 04:42:11','Placeat suscipi'),(39,39,4,39,'Nulla dolor dicta dignissimos magnam voluptatem. Fugiat at praesentium nobis. Repudiandae at atque similique adipisci aspernatur vero. Eos similique reiciendis aut minus distinctio reiciendis repudiandae.','Non dignissimos in cumque ea a itaque. Et accusamus ea magni labore vitae aut non. Ipsa accusamus ut et officiis.','Sit quia nesciunt eveniet quae aut. Consequatur incidunt assumenda quia voluptatibus iusto dolore quisquam.','2015-01-21 04:22:00','2020-12-17 04:42:11','Nulla dolor dic'),(40,40,5,40,'Rem qui ad quisquam eos harum. Mollitia dolores et repudiandae. Sit molestiae esse voluptatem voluptatibus.','Aliquam inventore dolores eum sunt voluptatibus adipisci unde. Aliquid maiores autem recusandae exercitationem.','Similique hic ratione aliquid corporis est. Qui veniam dolores qui non harum voluptatibus.','2014-07-17 07:33:00','2020-12-17 04:42:11','Rem qui ad quis'),(41,41,6,41,'Quod ad cupiditate et iure molestias. Vel unde saepe debitis et beatae vel. Rerum perferendis qui ipsam voluptas architecto.','Ut ullam ab iure dolor quo eum sed. Id in molestiae sed numquam et rerum sequi. Minus iure ut aut ut quas eum iure.','Neque explicabo maiores doloribus eos qui. Aut sit ut qui ea similique quia voluptatum. Eum quia voluptas veritatis.','2010-04-23 05:55:00','2020-12-17 04:42:11','Quod ad cupidit'),(42,42,7,42,'Debitis in amet possimus eius iure dolorum vitae. Officia et voluptas rerum rerum non. Non enim sint quo.','Perferendis aspernatur earum nobis. Fugit quibusdam nobis culpa. Libero modi sint magni voluptatem nesciunt vel nisi.','Facere autem vel est omnis iusto nihil id. Esse dignissimos iste aut. Accusamus quia id quam aut quo.','2016-07-26 07:04:00','2020-12-17 04:42:11','Debitis in amet'),(43,43,1,43,'Repudiandae atque deserunt nobis blanditiis similique. Quibusdam cum vel quaerat quidem sapiente. Aspernatur omnis eaque quisquam qui.','Asperiores quisquam nemo consequatur quod quisquam itaque. Est exercitationem corrupti temporibus ratione.','Rerum consectetur voluptatum maxime. Natus ut omnis laboriosam aut occaecati. Ut voluptatum facere qui molestiae.','2015-01-03 08:31:00','2020-12-17 04:42:11','Repudiandae atq'),(44,44,2,44,'Corporis recusandae voluptatem velit expedita quos rerum. Non optio occaecati qui non aut. Sint aliquam nostrum quia quis eos. Laborum similique ad omnis saepe accusamus ut.','Inventore aut pariatur illum voluptatibus. Aut est eos nostrum vel vitae inventore.','Velit libero et eaque adipisci eius eos. Dolore est id consequatur et. Numquam qui maiores pariatur alias sint.','2014-11-18 19:01:00','2020-12-17 04:42:11','Corporis recusa'),(45,45,3,45,'Reprehenderit dolorum provident vel repellendus aliquam illo laudantium. Est et ut fugiat. Modi eligendi ab ut distinctio quod fuga. Enim nesciunt at nostrum.','Ipsum quia quae voluptatem et doloremque consequuntur aut. Doloremque tempora fugit labore eveniet voluptates quae.','Excepturi rerum ipsum perspiciatis quia eligendi. Ut est enim debitis odio. Cupiditate quo voluptatem et nobis id.','2012-03-14 16:42:00','2020-12-17 04:42:11','Reprehenderit d'),(46,46,4,46,'Rerum consectetur qui reiciendis minus sed. Natus earum velit fugiat ea nam culpa sequi. Magnam ullam eos expedita recusandae facere itaque.','Iure esse sint saepe voluptatem tempora. Sit harum ea tempora dolores quo ipsa et. Adipisci quia ut et hic nostrum non.','Qui quis corporis voluptas. Repellendus quia id et omnis ut. A adipisci laudantium iusto et. Ut qui et porro quod ad.','2018-11-28 05:21:00','2020-12-17 04:42:11','Rerum consectet'),(47,47,5,47,'Ut eaque iure labore expedita. Deserunt velit alias enim aut enim architecto dicta. Soluta et nisi neque totam. Aliquam id ut delectus illo voluptatibus nihil officiis.','Debitis modi consequuntur pariatur neque. Odio in harum aliquid. Nam velit aliquam autem itaque sapiente nulla.','Et qui error velit aliquid quae. Sed modi accusantium expedita modi. Minus sequi voluptatem sunt dolorem.','2012-07-10 00:07:00','2020-12-17 04:42:11','Ut eaque iure l'),(48,48,6,48,'Repellendus earum fuga fugit qui cupiditate quos ut. Consectetur incidunt soluta vitae consequatur repellendus. Molestiae alias quaerat suscipit autem nihil sed. Porro repellendus ab officia iste.','Sed qui qui molestiae dolorum. Architecto quaerat recusandae reprehenderit sit laudantium numquam.','Et earum cumque aut amet. Molestias quidem veniam qui vitae. Praesentium qui totam omnis cupiditate beatae.','2018-01-07 23:35:00','2020-12-17 04:42:11','Repellendus ear'),(49,49,7,49,'Repellat saepe ipsum est. Labore sapiente nihil nostrum beatae molestias illum tempore. Quam impedit ut doloribus quidem dignissimos ut ea. Qui sunt excepturi in veniam enim expedita. Totam id quo harum.','Nobis minima enim iste. Sed eos iusto deleniti reiciendis.','Optio maiores amet quaerat veritatis pariatur tenetur. Et officiis non error laboriosam. Est est qui dignissimos ut.','2010-02-20 18:35:00','2020-12-17 04:42:11','Repellat saepe '),(50,50,1,50,'Voluptas similique eum laboriosam et dolores. Autem voluptates vel explicabo neque vero omnis eligendi. Quibusdam quam esse quis impedit voluptas eum.','Assumenda saepe ut quasi eos earum fuga cumque praesentium. Quis omnis aspernatur aut nobis unde.','Eum maxime necessitatibus dolores. Quo et blanditiis qui et qui. Amet id aut excepturi rerum qui aut.','2011-03-15 21:28:00','2020-12-17 04:42:11','Voluptas simili'),(51,51,2,51,'Eos nisi quod magni. Et earum vel minima accusantium velit. Excepturi porro iste possimus nobis eveniet hic aliquam.','Laudantium laboriosam voluptas sit. Sed vel minus numquam illum minus ea optio.','Nemo ut qui quia voluptas eos ab corporis. Blanditiis commodi minus sint porro exercitationem.','2012-10-22 21:03:00','2020-12-17 04:42:11','Eos nisi quod m'),(52,52,3,52,'Explicabo veniam ut totam illum blanditiis dolorem. Iure labore est voluptatem saepe tenetur. Iste aut animi consequuntur praesentium voluptatem maiores inventore non.','Id dolor culpa ut at qui et. Est et id consequatur eveniet et.','Velit eum consectetur eius assumenda et similique. Pariatur iure est aut. Quae explicabo voluptatem libero et nisi.','2011-06-22 22:25:00','2020-12-17 04:42:11','Explicabo venia'),(53,53,4,53,'Voluptas molestiae dolorem dolorem. Mollitia perferendis pariatur odio quidem architecto pariatur id vitae. Quod totam alias consequatur facere culpa soluta omnis. Sed hic qui maiores ad consequuntur odit non.','Beatae velit veniam omnis neque cupiditate corrupti. Est aut ullam nihil et. Ullam sit autem quis et itaque.','Quisquam impedit debitis ullam. Rem accusantium debitis repellat numquam quam ipsa. Fugit dolores eligendi id sunt.','2015-11-10 18:01:00','2020-12-17 04:42:11','Voluptas molest'),(54,54,5,54,'Sit dolorum rem fugiat libero. Ullam omnis officia et culpa et aut. Dolore aut animi et rerum debitis ad. Qui impedit fugit at nihil dignissimos omnis rerum.','Alias error voluptatem et delectus molestiae. Quas sint est animi architecto minima sit. Odit soluta et sit non omnis.','Sit praesentium doloremque velit sed dolore id aut. Omnis aut corrupti reiciendis nemo fugit ipsam aut.','2018-10-20 05:47:00','2020-12-17 04:42:11','Sit dolorum rem'),(55,55,6,55,'Vitae perferendis laudantium pariatur rerum est. Voluptas modi quaerat quisquam sed numquam.','Eius sint omnis quis corrupti impedit. Qui nisi non est nemo dolorem rem. Non ad aspernatur et.','Earum dolorem ut nemo eveniet. Sapiente aliquid illo similique culpa. Accusantium dolor velit quasi enim non.','2018-07-03 22:53:00','2020-12-17 04:42:11','Vitae perferend'),(56,56,7,56,'Voluptatem ab earum sit laboriosam. Voluptatibus rem velit itaque quos aperiam. Quos sed vero ut nihil. Sint sit perferendis soluta magnam.','Maiores praesentium rerum est temporibus odio quod et. Fuga odio vitae ut perferendis qui dicta. Ea quia in aut.','Non in doloremque id voluptas. Aut numquam saepe magnam molestias praesentium veritatis.','2017-07-23 21:49:00','2020-12-17 04:42:11','Voluptatem ab e'),(57,57,1,57,'Dolor dicta quo omnis labore ut modi. Sit possimus ea corporis cupiditate cum velit omnis. Temporibus autem id et aut similique deserunt. Sequi eligendi eum in numquam iure. Aliquid voluptatem eum culpa.','Ipsa eos maiores animi rerum cumque ut. Laborum blanditiis ea soluta facilis nostrum. Et tenetur quisquam est vel.','Et est labore voluptas ea. Qui et est dolores. Mollitia eligendi consectetur ut. Molestias vel at vel aliquam.','2018-04-18 17:31:00','2020-12-17 04:42:11','Dolor dicta quo'),(58,58,2,58,'Itaque est voluptates ab provident voluptatem ea. Officia asperiores dolorem id.','Recusandae enim voluptas veniam dolor quia eos. Occaecati quas eum dolor eveniet. Iste fugiat aliquid quia.','Est et dolorem corporis. Quis tenetur repudiandae commodi incidunt laboriosam. Sed et ullam maiores aut.','2011-05-07 00:26:00','2020-12-17 04:42:11','Itaque est volu'),(59,59,3,59,'Tempore delectus beatae est dolores aut harum. Aliquam accusamus et et maiores. Quod aut ex adipisci autem perspiciatis atque. Fugiat nam illo ipsam rerum accusantium molestiae unde natus.','Ut laborum architecto id ut eaque unde. A distinctio ex sint.','Consectetur qui nesciunt aspernatur odio aliquid. Eum nisi animi non beatae.','2013-03-13 16:50:00','2020-12-17 04:42:11','Tempore delectu'),(60,60,4,60,'Nam et dolores tempora aliquid iste. Id nostrum omnis eligendi. Sit ea quisquam pariatur.','Qui officia sequi aspernatur dolore. Nihil enim quod nihil excepturi quae nobis numquam.','Iste quo debitis cupiditate dicta sit. Provident qui qui fugit eum. Sunt maiores quos odit cum maxime quo.','2018-11-21 23:12:00','2020-12-17 04:42:11','Nam et dolores '),(61,61,5,1,'Quas voluptatem amet expedita optio omnis perferendis cupiditate. Enim fugiat eos laboriosam dolorem et fuga. Labore aliquam reprehenderit minus. Quia quaerat quae eaque omnis. Doloremque sint adipisci accusantium asperiores alias sequi sapiente.','Nam non totam id quisquam voluptas. Id debitis cum autem et et animi. Ipsum quas quos dolor recusandae ipsa qui.','Omnis non non ducimus vel minima qui. Et vero sit ut est ipsum delectus qui. Doloremque voluptas et ut voluptas.','2014-11-25 04:33:00','2020-12-17 04:42:11','Quas voluptatem'),(62,62,6,2,'Quaerat laborum doloribus voluptate recusandae hic. Aperiam pariatur eum necessitatibus dolore et suscipit. Quia optio quo quis repellendus sit dignissimos maxime et. Ut harum dignissimos assumenda voluptas doloremque possimus asperiores. Voluptatem perferendis fuga voluptatem minus tenetur quod.','Vitae dolor quia voluptate ea deleniti. Placeat repellat nobis provident voluptas ad doloremque necessitatibus.','Voluptas itaque aut architecto recusandae error aperiam. Eligendi quis iste at iusto sequi saepe. Quia et omnis culpa.','2011-08-10 11:30:00','2020-12-17 04:42:11','Quaerat laborum'),(63,63,7,3,'Ipsam assumenda consectetur est reprehenderit rem. Quia facere nesciunt iusto tempora. Sit iure sit molestiae et praesentium voluptas voluptatem.','Ut impedit sed enim blanditiis. Adipisci porro dolorum sit labore. Pariatur necessitatibus rerum quae magni.','Vel commodi asperiores in autem eveniet quia. A sit occaecati aliquid alias. Velit voluptatem non doloremque.','2018-11-09 05:57:00','2020-12-17 04:42:11','Ipsam assumenda'),(64,64,1,4,'Quia aut aut atque sunt aut dignissimos. Quisquam ut magnam quaerat repellat nostrum accusantium quaerat. Dignissimos quo sit atque iure ex.','Blanditiis earum beatae iusto. Autem ipsam omnis voluptatem. Est nihil minima consequatur architecto non nisi.','Ad quo voluptatibus deserunt nulla adipisci. Laudantium recusandae dignissimos atque illo veritatis.','2017-06-14 11:21:00','2020-12-17 04:42:11','Quia aut aut at'),(65,65,2,5,'Perspiciatis consequatur dolorem temporibus ipsa ad doloremque. Et maxime debitis corporis qui non velit voluptate. Libero porro et eligendi delectus alias molestiae molestiae. Odit et quae dignissimos deleniti nesciunt quas. Beatae beatae ipsa non.','Iure ipsa labore ratione molestias reiciendis. Est fuga aliquam quo et dolorum. Quidem quis ipsam et.','Et sint nemo eos libero rem. Quaerat dolor quidem porro. Fuga exercitationem id omnis minima magnam.','2016-07-07 21:34:00','2020-12-17 04:42:11','Perspiciatis co'),(66,66,3,6,'Vitae provident minus illum soluta temporibus. Quae velit sit id voluptatibus. Sint et sit esse minus at.','Quis et pariatur expedita. Voluptatem velit numquam rerum nihil totam. Eum ullam culpa aut dignissimos animi ea ullam.','Ex iure delectus blanditiis reprehenderit. Doloribus dicta quae reprehenderit iste. Quaerat odio neque impedit ex.','2012-07-26 22:15:00','2020-12-17 04:42:11','Vitae provident'),(67,67,4,7,'Quidem iste debitis laudantium ipsa laudantium. Est dolorum voluptatem minima incidunt deserunt. Harum quibusdam pariatur consectetur et qui est qui.','Quis ipsam quis illum natus et. Id et eos illo blanditiis dolore.','Eligendi optio animi blanditiis aut tenetur. Ea enim nobis odit tempore. Et hic id nobis nulla veritatis cumque.','2010-10-29 20:49:00','2020-12-17 04:42:11','Quidem iste deb'),(68,68,5,8,'Sunt blanditiis magni quae repellat. Facilis dolorem repellendus sit possimus labore explicabo.','Est repellendus velit facere tenetur ut quam. Dolores quia deleniti quia ab.','Sit id enim perferendis reprehenderit quia rem a. Quas fugit accusantium repellat voluptatem commodi corrupti.','2011-06-13 15:06:00','2020-12-17 04:42:11','Sunt blanditiis'),(69,69,6,9,'Odit esse aperiam rerum maxime necessitatibus molestiae cupiditate explicabo. Accusantium tempora laudantium omnis quibusdam. Adipisci non vero blanditiis laborum error illum sunt voluptas.','Adipisci recusandae sunt repellat. Voluptatem qui iusto perspiciatis animi.','Quasi vel vel minima fugit. Maiores sit sint vel. Ipsam error minima architecto et voluptas tenetur.','2010-04-10 01:53:00','2020-12-17 04:42:11','Odit esse aperi'),(70,70,7,10,'Laboriosam atque veniam ipsam repellendus. Omnis velit sint veniam et fugit distinctio consequuntur. Ut architecto dolor illo. Laboriosam voluptas similique qui excepturi veniam laborum sit.','Qui amet illo dolor omnis incidunt quia rem. Aut suscipit cum quisquam harum dolores qui aut. Facere dolores ut et.','Voluptas eaque expedita qui esse porro illum. Quo consequatur voluptatibus voluptas non non aperiam.','2013-06-12 16:56:00','2020-12-17 04:42:11','Laboriosam atqu'),(71,71,1,11,'Commodi aperiam mollitia repellat quisquam ullam. Et dolores placeat quisquam odio. Consequuntur et ut nesciunt. Qui saepe qui est vitae fuga.','Earum necessitatibus iusto error quisquam nemo. Fugiat ipsam vel magnam voluptas sit vero.','In nam quae voluptas. Voluptatem mollitia autem rerum iusto vero dignissimos velit minima.','2017-08-01 13:31:00','2020-12-17 04:42:11','Commodi aperiam'),(72,72,2,12,'Quia dolorem excepturi laboriosam sed sit tempora dolor. Iusto aspernatur ipsum laudantium numquam sequi. Tempore neque impedit mollitia quos sapiente velit.','Vitae sit non doloribus aut dolor. Sequi in voluptate molestiae possimus. Id ipsum quia qui fugit expedita et eveniet.','Animi veniam ipsum quae culpa. Rem ab eum quis cumque eligendi fugiat saepe. Minima nostrum est labore in.','2014-01-30 15:19:00','2020-12-17 04:42:11','Quia dolorem ex'),(73,73,3,13,'Dignissimos dolorem fugit fuga accusantium ipsam quae praesentium. Sed quibusdam quam atque quo magnam et maxime. Praesentium quis assumenda beatae exercitationem. Et nihil animi labore veritatis quas cumque.','Est accusamus corrupti rem a. Quia qui occaecati amet nesciunt enim. Perferendis at ut veniam rerum culpa.','Inventore mollitia delectus eius. Corrupti est eaque soluta alias quae. Nobis ea aut vel aut soluta.','2013-12-18 13:02:00','2020-12-17 04:42:11','Dignissimos dol'),(74,74,4,14,'Non quis repellat incidunt velit. Et quae esse eius beatae et. Id quasi sunt totam exercitationem. Blanditiis deleniti nihil esse dignissimos nemo rerum laborum.','Consequuntur culpa debitis ipsam eligendi. Eos ipsum neque animi et. Quasi et rem voluptatem placeat.','Voluptas earum et quia enim. Odio pariatur commodi consectetur rerum atque.','2016-04-04 22:51:00','2020-12-17 04:42:11','Non quis repell'),(75,75,5,15,'Nemo ut accusantium quibusdam molestias. Impedit laudantium autem quidem. Aut ipsa atque quidem consectetur magnam. Expedita voluptate perferendis assumenda ipsum et sed.','Aliquid minima est voluptas quasi ut error beatae. Alias sed blanditiis ut. Nihil eius magnam aut voluptatum.','Veniam et odio ducimus ad. Quidem aut cumque aliquam quas autem.','2013-01-16 16:20:00','2020-12-17 04:42:11','Nemo ut accusan'),(76,76,6,16,'Pariatur non cupiditate modi atque. Dignissimos rerum tempora sapiente quo repellat id voluptatem cupiditate. Corrupti deserunt eaque qui aperiam excepturi ipsam et. Dolore voluptate facere commodi expedita ab.','Et ipsum possimus vero nostrum tempora. Repudiandae quaerat atque rerum eos. A sint commodi minima ducimus qui.','Sint quasi aut autem natus qui. Omnis quia iure est iure numquam quos. Deleniti similique ut vel praesentium.','2010-07-12 12:54:00','2020-12-17 04:42:11','Pariatur non cu'),(77,77,7,17,'Sunt dolor ut ut impedit distinctio eum. Ducimus repellat repellat aut molestiae sint nobis ab. Sed eum quis sed.','Delectus est et at eius officia. Voluptatum dolorem occaecati mollitia. Nulla omnis voluptatum esse architecto.','Voluptatibus aperiam quibusdam enim eum. Est maxime hic qui.','2011-12-16 15:35:00','2020-12-17 04:42:11','Sunt dolor ut u'),(78,78,1,18,'Est quia dignissimos ut voluptatibus velit nisi. Quidem dicta magnam quia laborum dolores perferendis laboriosam. Repellendus sapiente commodi non quam temporibus quas sed.','Autem qui tenetur sunt quis quia quia. Quo nulla totam quis nisi maxime quos.','Illum sequi eos non vitae vitae tempora beatae similique. Ut rerum nemo labore consectetur quia esse.','2015-10-13 14:37:00','2020-12-17 04:42:11','Est quia dignis'),(79,79,2,19,'Repellendus et amet qui odit atque excepturi consequatur. Incidunt porro magnam necessitatibus voluptatem eaque.','Ut eligendi aliquid dignissimos dolor id dolorum quaerat illum. Quas quia quo esse. Vel quis est excepturi minima.','Aperiam expedita rem autem. Modi facere sint qui. Officiis rem veniam unde molestiae odio occaecati.','2012-06-07 11:46:00','2020-12-17 04:42:11','Repellendus et '),(80,80,3,20,'Delectus distinctio vero facilis nisi est earum laudantium. Vel iure laudantium laborum omnis non. Omnis omnis molestiae animi iure et. Ut ut beatae velit et.','Dolores cum aliquam ab vel est ut maiores. Non minima sit aut necessitatibus error quia eum ut.','Quos omnis tenetur sunt sit alias. Magni dolor nisi libero. Dolorum aut ut neque.','2016-08-28 20:49:00','2020-12-17 04:42:11','Delectus distin'),(81,81,4,21,'Cum voluptate vero aspernatur voluptatem nostrum. Et quia et dolorem eveniet velit. Praesentium aspernatur recusandae architecto occaecati. Ut aperiam numquam officia qui ea.','Perferendis minima rem libero consectetur voluptas voluptas. Dolor distinctio ullam pariatur distinctio.','Qui amet exercitationem ab. Accusamus sit id non sint quisquam quae. Rerum aperiam amet sit reprehenderit sit sit.','2011-11-23 11:34:00','2020-12-17 04:42:11','Cum voluptate v'),(82,82,5,22,'Soluta placeat modi quo velit perspiciatis. Maiores quisquam molestiae doloribus hic corporis eum harum. Nihil animi mollitia ab tempore cumque.','Animi qui fugiat reprehenderit. Aut quia rerum rem molestiae impedit est eveniet.','Cumque enim eveniet temporibus maxime laboriosam. Molestiae amet impedit quo non modi quam.','2015-04-26 20:10:00','2020-12-17 04:42:11','Soluta placeat '),(83,83,6,23,'Id aut in laboriosam est commodi dignissimos blanditiis. Quos et dicta veritatis rem. Aut animi architecto non possimus doloremque tempora id. Voluptas alias dolores voluptates sed voluptas non.','Eius animi voluptatibus consectetur debitis. Et ipsum sed nihil non rerum. Maiores quibusdam et suscipit ut quia.','Assumenda rerum atque libero consectetur. Ut optio rerum cum sint odit. Sapiente voluptas optio officiis maiores.','2016-10-20 19:08:00','2020-12-17 04:42:11','Id aut in labor'),(84,84,7,24,'Sed optio quia quas minima magni occaecati repellendus. Corrupti est provident delectus ipsam consectetur. Corporis aut impedit suscipit possimus voluptas corporis.','Error voluptatem magnam dolorem id et odio hic. Iure error necessitatibus omnis dolorem et.','Modi enim aliquam sapiente repellat. Alias nihil suscipit et iste. Non cum quo libero nostrum tempora ea nesciunt.','2010-07-08 22:07:00','2020-12-17 04:42:11','Sed optio quia '),(85,85,1,25,'Ipsum vero reiciendis ipsam voluptates. Sed minus et accusantium corrupti molestias qui enim. Eligendi commodi consequuntur accusamus deserunt. Aspernatur ut ad quidem sit quasi corrupti.','Numquam perspiciatis eaque a aut. Dolores mollitia laborum aut ut quasi et.','Minus quia iste at. Itaque est sit est quis velit facere dolor et.','2010-03-10 11:13:00','2020-12-17 04:42:11','Ipsum vero reic'),(86,86,2,26,'Dolores modi rerum doloremque deserunt neque numquam. Magnam consequatur quod aliquam eos quia.','Blanditiis officiis optio debitis dolore. Doloremque libero rerum sit quasi voluptatem. Rerum ipsa dolorem omnis ab.','Ad odit laboriosam eum tenetur commodi. Quibusdam aut est sint labore cumque. Ipsam in odio dolore vitae.','2016-11-26 12:35:00','2020-12-17 04:42:11','Dolores modi re'),(87,87,3,27,'Sit quae expedita aut. Eligendi earum vel qui.','Animi id dolor soluta magnam. Voluptas rerum doloremque quaerat et sit dolores.','Quos odit rerum veritatis quisquam expedita aut voluptatibus excepturi. Omnis perspiciatis exercitationem et.','2011-02-21 03:03:00','2020-12-17 04:42:11','Sit quae expedi'),(88,88,4,28,'Fuga et dolores rerum ipsam earum totam officia. Consequatur sed commodi maxime vel enim quo dolores. Alias voluptas omnis omnis repellendus. Dolor exercitationem omnis quaerat rerum. Natus dignissimos enim omnis.','Et voluptatem tenetur et aut qui. Est corrupti non eius facere ex et doloribus reprehenderit.','Et illum fugiat aliquam beatae alias. Officiis est ut non eos qui dolorem quia. Ipsum suscipit occaecati qui molestiae.','2012-11-23 02:16:00','2020-12-17 04:42:11','Fuga et dolores'),(89,89,5,29,'Modi aperiam saepe molestiae. Tenetur occaecati ipsum nihil dolor sit quia iure. Aspernatur sit fuga nam ducimus. Nulla quia tempora facere repellat et.','Voluptatem quas consequatur necessitatibus excepturi nihil. Et voluptate occaecati quia hic. Nisi ut a et.','Harum eos quo ut laborum itaque aliquam autem occaecati. Autem ex repellendus laborum ea.','2017-10-11 14:46:00','2020-12-17 04:42:11','Modi aperiam sa'),(90,90,6,30,'Eos labore similique est tempore quas vitae. Dolor vel magnam quo ipsa. Assumenda repellendus rerum quia. Perspiciatis tenetur pariatur saepe a facere.','Sed optio reiciendis cupiditate. Non asperiores id aut aut neque recusandae ut quis.','Inventore ut esse mollitia voluptas voluptates repellendus. Voluptatum expedita dolorem quia iusto rerum distinctio.','2012-06-07 20:00:00','2020-12-17 04:42:11','Eos labore simi'),(91,91,7,31,'Et aut aspernatur officiis fugiat molestiae. Occaecati eius repudiandae illum animi inventore eum aliquam. Quam in corrupti similique autem autem dicta sint. Omnis aut est facere sit cumque nam rerum.','Voluptatum autem aliquid error aut. Omnis recusandae accusamus non aut quibusdam voluptates.','A eum distinctio porro dolorem aut dolorem. Qui quis soluta rerum consectetur. In in suscipit iusto minima voluptatem.','2018-09-15 18:33:00','2020-12-17 04:42:11','Et aut aspernat'),(92,92,1,32,'Voluptatem quam molestias vel nisi et qui labore. Expedita iusto pariatur qui voluptas eaque voluptatem est.','Voluptatem ducimus corrupti dolorem nemo et. Error et non harum aut ex repudiandae. Ut ratione at sint rerum est.','Non impedit quia quae libero facere voluptas eum. Vel voluptas sed magni. Tempore id vitae quia placeat et quasi odio.','2010-01-09 03:55:00','2020-12-17 04:42:11','Voluptatem quam'),(93,93,2,33,'Nemo qui consequatur voluptatem aperiam optio ut. Eligendi ea qui dignissimos excepturi adipisci ut eveniet voluptate. Et omnis et itaque repellat et dolor velit.','Ut aspernatur enim nesciunt unde deserunt aliquam. Ut quod dolores sunt molestiae ab eos libero sint.','Id eveniet voluptates aperiam est voluptate. Nihil ut eos itaque quidem sed aut cumque.','2014-01-15 16:45:00','2020-12-17 04:42:11','Nemo qui conseq'),(94,94,3,34,'Asperiores odit unde iste et sequi. Sed quaerat magnam aut est molestiae. Corrupti laboriosam error illo sapiente libero doloremque.','Possimus voluptas ipsam aut ut facilis. Aut quo consectetur qui est nam minima. Ut et culpa rerum.','Rerum laborum rerum quasi ab. Harum hic consequatur vero dolore nobis non. Quod aliquid ut repudiandae quia.','2010-01-01 21:13:00','2020-12-17 04:42:11','Asperiores odit'),(95,95,4,35,'Ipsa distinctio totam beatae ipsa. Unde velit aperiam consequatur repudiandae. Delectus mollitia fuga sapiente non dolorum ut iste.','Amet nobis laudantium nulla cumque dignissimos vel. Natus nulla repellendus at et. Qui perferendis magni fugit aperiam.','Debitis esse est nihil quam et. Ipsam fuga dolor doloremque. Architecto sint velit assumenda eligendi qui dolor.','2012-02-14 15:24:00','2020-12-17 04:42:11','Ipsa distinctio'),(96,96,5,36,'Deleniti provident qui tenetur harum nobis aut. Natus accusantium ipsa ducimus aut veniam et.','Laudantium occaecati aut amet illum. Aut fugit repellat ut voluptate id vero.','Aut fugit nisi libero corrupti dolor. Ipsum delectus veniam nihil sunt non. Accusamus placeat fugit aut sed eligendi.','2016-10-22 16:21:00','2020-12-17 04:42:11','Deleniti provid'),(97,97,6,37,'Voluptas dolores deleniti consequatur excepturi assumenda. Dolorem hic laboriosam reiciendis ut corporis et neque.','Ut aperiam fuga voluptatum reprehenderit. Fuga sed praesentium et nemo qui ea. Quia autem soluta suscipit quasi.','Omnis quidem suscipit dolores. Quidem consectetur fugiat fugiat nesciunt.','2012-03-13 06:37:00','2020-12-17 04:42:11','Voluptas dolore'),(98,98,7,38,'Sed dignissimos necessitatibus eius dolorem ad beatae enim. Quia dolorem blanditiis voluptate incidunt maxime. Modi et quia quo laudantium et. Sed neque est molestiae nobis voluptatem voluptas culpa.','Et atque veniam omnis fugit deserunt. Atque magni soluta voluptas. Mollitia repellat inventore molestias.','Qui aut animi similique quis sint alias modi est. Et alias impedit sint eius fugiat quis.','2012-07-21 20:41:00','2020-12-17 04:42:11','Sed dignissimos'),(99,99,1,39,'Voluptatem excepturi quod est vel sed eos unde. Aliquid reprehenderit nesciunt minus sed. Non perferendis in et quo quod sint consequatur magni.','Quia occaecati perspiciatis est saepe ipsa aut et. Voluptates ipsa minima explicabo in.','Eius quasi quam qui asperiores repellat ratione. Sint harum est id corporis et. Amet ut fuga magni atque.','2014-08-31 09:27:00','2020-12-17 04:42:11','Voluptatem exce'),(100,100,2,40,'Quo assumenda dolores in cum quasi qui iste. Natus sed reiciendis modi qui. Aut corrupti voluptas accusantium quia.','Similique amet aut non iusto. Libero ullam officiis velit qui ullam.','Rerum eius deserunt illum et. Ratione quo earum qui. Quo numquam ab culpa eos aliquid.','2017-07-08 10:11:00','2020-12-17 04:42:11','Quo assumenda d'),(101,101,3,41,'Vel ut autem laborum saepe. Recusandae nam perferendis omnis voluptas qui voluptate deleniti. Incidunt provident magni perferendis quis ducimus nihil. In eius sed nesciunt ut in cum ipsa.','Nostrum ut modi omnis iusto ea aut. Facere possimus quaerat perferendis illo iste voluptatibus fuga.','Ipsam ducimus natus quisquam unde aut. Vel adipisci corporis adipisci et consequatur.','2016-06-23 21:23:00','2020-12-17 04:42:11','Vel ut autem la'),(102,102,4,42,'Aperiam eum ipsam ab eius. Et et in architecto tenetur eum. Adipisci perferendis adipisci cupiditate ducimus. Aut distinctio consequatur et quia nostrum nisi.','Explicabo et labore et et non. Molestiae sapiente qui non quidem.','Nesciunt quia modi et neque dolores. Officia soluta magnam saepe rerum sed doloribus.','2012-01-07 12:25:00','2020-12-17 04:42:11','Aperiam eum ips'),(103,103,5,43,'Voluptas quo quos nobis repellat perspiciatis. Repellat aliquam veritatis ipsa velit et provident omnis. Similique velit sunt aut qui qui a est nobis. Hic animi eaque quaerat sit.','Voluptate fugiat velit dolorem rerum eos iusto temporibus. Maiores provident praesentium sequi.','Molestiae voluptas natus magni asperiores temporibus est rem. Sed fuga consequatur quod possimus.','2016-03-26 17:05:00','2020-12-17 04:42:11','Voluptas quo qu'),(104,104,6,44,'Modi fuga praesentium perspiciatis dolores animi ab aut laudantium. Perspiciatis expedita earum totam commodi cumque. Id voluptatem impedit est eum totam dolores.','Autem beatae dolores vel sit nihil cupiditate fugiat. Corporis quia occaecati alias iste.','Rem voluptatem quisquam laudantium. Est vero mollitia totam adipisci. Earum temporibus quia enim magni incidunt quia.','2017-01-25 14:53:00','2020-12-17 04:42:11','Modi fuga praes'),(105,105,7,45,'Quo et at asperiores minus. Quas porro culpa ab modi nam numquam.','Eum vel nemo numquam sit. Ut impedit tempora dolores commodi ut alias. Numquam cumque est officia nemo est beatae.','Deserunt reprehenderit odit id sit sint. Repudiandae quia perferendis cumque magnam. Cum quibusdam odit aperiam sequi.','2016-11-03 17:55:00','2020-12-17 04:42:11','Quo et at asper'),(106,106,1,46,'Et facilis maxime perferendis et. Eaque quo voluptatem officia quisquam corporis. Dolores nihil pariatur est quia voluptas fuga consequatur. A quae ea iusto.','Qui repellat ad vel optio rerum aut. Voluptatem ipsam nemo quaerat quaerat vitae.','Qui incidunt enim ea sed molestiae. Sapiente enim commodi fugit ut. Possimus eius facere rerum sunt.','2018-12-12 12:03:00','2020-12-17 04:42:11','Et facilis maxi'),(107,107,2,47,'Illo nesciunt corrupti inventore qui mollitia deserunt. Perferendis sit quia et officiis iste. Velit qui est accusantium et ea distinctio. Et mollitia blanditiis necessitatibus officia animi ad.','Sunt libero ducimus maxime sunt. Libero impedit laboriosam voluptas reprehenderit. Vitae sed architecto est.','Sunt non rem est. Corrupti ratione sunt minus voluptatem quibusdam ut autem.','2012-09-27 05:43:00','2020-12-17 04:42:11','Illo nesciunt c'),(108,108,3,48,'Placeat rerum nesciunt itaque. Quam iusto ut et ex aspernatur magnam dolores. Id reprehenderit vitae sit molestiae veniam.','Ea eligendi quam facilis et. Dolor qui fugit enim necessitatibus ut doloremque cupiditate consequatur.','Ea fugit omnis ut illum. Non natus odio repellendus ut. Earum expedita et consequatur enim eum voluptatibus eaque.','2013-09-15 11:54:00','2020-12-17 04:42:11','Placeat rerum n'),(109,109,4,49,'Beatae ea autem molestiae et. Nihil deleniti vel mollitia exercitationem rerum et. Quisquam quia quia recusandae ut ipsa quis. Exercitationem adipisci sit harum quia.','Qui quia qui et rerum dolor quas esse officia. Atque inventore error quia.','Aspernatur magni est maxime sit. Corporis veniam doloremque vero provident necessitatibus.','2016-09-09 05:45:00','2020-12-17 04:42:11','Beatae ea autem'),(110,110,5,50,'Blanditiis aut nihil nihil expedita nemo qui. Sed culpa nesciunt omnis ex velit odio. Possimus asperiores sunt sapiente et. Recusandae quia ipsa explicabo. Est voluptates eligendi enim.','Deleniti nisi ea nulla libero sunt vel in. Quaerat minus asperiores autem.','Ipsum molestiae explicabo illum sed sapiente aut. Quaerat ullam quo culpa. Temporibus cum explicabo laboriosam.','2018-04-08 06:38:00','2020-12-17 04:42:11','Blanditiis aut '),(111,111,6,51,'Sit fugit non ipsum quod dolorem laboriosam reiciendis libero. Velit sit eius voluptas et perferendis. Recusandae consequatur dolores laudantium et pariatur et natus.','Non ut ab et dolor qui velit aut. Quia officia nobis aut omnis.','Vel ipsum ducimus aut molestiae. Harum itaque esse voluptatibus sunt voluptatibus. Illo qui quo rem quam minus labore.','2018-08-02 22:22:00','2020-12-17 04:42:11','Sit fugit non i'),(112,112,7,52,'Ab accusantium voluptate numquam soluta consectetur dolore itaque. Ut nostrum incidunt perferendis ipsam sequi labore officiis. Dolores aliquid nostrum optio odit. Necessitatibus occaecati nam omnis eum at sit nisi.','Eius quisquam odio iusto. Ad cumque eum perferendis. Nihil vitae autem fugiat quasi eligendi ullam commodi ea.','Aliquam soluta sed quae et in quis. Fuga at necessitatibus dolor quia. Qui vitae itaque velit error.','2016-07-03 12:28:00','2020-12-17 04:42:11','Ab accusantium '),(113,113,1,53,'Veritatis cumque dignissimos autem vitae accusantium ducimus optio. Eos expedita in pariatur vitae. Aut ducimus aut minima eius cumque.','Sit dolorum sequi nostrum enim. Omnis nesciunt cum error est magnam. Doloribus quidem ut harum iste quisquam.','Aut rerum est fugit explicabo. Voluptas ut vero id molestiae quidem nisi.','2015-12-11 02:34:00','2020-12-17 04:42:11','Veritatis cumqu'),(114,114,2,54,'Autem sit mollitia qui dolorem. Soluta fuga molestias voluptas sint. Id dolorum recusandae maxime eius. Aspernatur unde qui sequi veritatis error numquam tempore laborum. Quam voluptas sunt qui eveniet aliquid dolores magni.','Non officia quidem non laudantium voluptates facilis eaque. Sed consectetur at molestias quo. Nisi ratione illum eum.','Accusantium corrupti quas dolore eligendi. Ducimus vitae in vero animi cupiditate.','2016-02-05 06:59:00','2020-12-17 04:42:11','Autem sit molli'),(115,115,3,55,'Sequi dolores ad sit praesentium rerum nihil sunt. Consequatur veniam sapiente harum suscipit magni. Autem rerum qui inventore maiores maiores rerum rerum quis.','Sed nihil accusamus architecto. Quasi aspernatur veniam illum vel minima provident. Et tenetur illum et ea neque.','Pariatur voluptates numquam iure eaque cum. Voluptates ea vitae quia et. Itaque id soluta omnis nulla quo iure officia.','2010-11-25 15:41:00','2020-12-17 04:42:11','Sequi dolores a'),(116,116,4,56,'Voluptatibus similique eveniet quibusdam aut. Dolor consequuntur quibusdam vero et sed eum id consectetur. Nesciunt sed necessitatibus nemo provident assumenda quo sapiente.','Sequi quos fugit ut harum molestiae. Reprehenderit repudiandae ut eligendi et. Error ea similique sequi aut deleniti.','Veritatis odit voluptatem quia unde. Qui error quo sit doloribus sunt sunt molestiae. Est quas libero aut.','2017-12-15 14:46:00','2020-12-17 04:42:11','Voluptatibus si'),(117,117,5,57,'Recusandae impedit autem ipsa eligendi. Sint eius minima consequatur magni dolorum quae. Iste ratione enim ratione sit commodi occaecati. Nam quod rerum porro impedit odit praesentium.','Fugiat praesentium quos cupiditate sequi. Vero voluptas dolore consequatur ipsum aut. Cum harum in dolores.','Totam sapiente veniam itaque sit. Et perferendis voluptas ad amet. Deserunt perspiciatis eveniet sint magnam est in.','2013-01-24 14:43:00','2020-12-17 04:42:11','Recusandae impe'),(118,118,6,58,'Quam voluptate voluptatibus dolor ipsa. Eveniet ipsa ut ea non doloribus perferendis. Qui consequuntur inventore id eum.','Et magnam in quisquam minima ea veniam odio. Est qui labore et.','Et consequatur qui aut. Id numquam voluptatum sed animi quia.','2017-01-14 05:19:00','2020-12-17 04:42:11','Quam voluptate '),(119,119,7,59,'Et modi placeat doloribus. Et culpa delectus nulla ut doloribus corrupti. Accusamus dignissimos aperiam inventore. Dicta natus suscipit in et voluptas et.','Dolorem est vero quibusdam quasi quisquam. Aliquid non facilis dolorum quisquam et. Praesentium quia omnis est.','Ut voluptatibus eaque magnam atque sed. Voluptas ad ut vitae dolores. Vel rerum optio debitis et iusto ex.','2012-02-16 07:25:00','2020-12-17 04:42:11','Et modi placeat'),(120,120,1,60,'Et doloremque soluta tenetur ratione nihil odio. Dignissimos molestias quo voluptatem. Sed nesciunt est expedita eaque.','Inventore quisquam quidem possimus rem. Laboriosam quo dolorum at quod nobis voluptatem. Aut cumque labore qui veniam.','Maxime quod est excepturi. Incidunt eveniet corporis sequi qui et quasi dolorem. Dolorem dolore est vel nobis.','2014-01-02 09:57:00','2020-12-17 04:42:11','Et doloremque s'),(121,121,2,1,'Dolorum eum quia debitis officia quae. Ipsam corporis earum ab consequatur. Illum officiis saepe error libero.','Iste voluptatum fugiat aut vel possimus. Sint doloremque eum voluptatem et rem tempore. Et sed in veniam optio autem.','Ab ullam repellendus minus. Nemo vel quis suscipit impedit laborum. Sed error voluptatibus ipsa consectetur tempora.','2011-12-05 12:03:00','2020-12-17 04:42:11','Dolorum eum qui'),(122,122,3,2,'Est quo ducimus doloribus rem ut. Voluptatem adipisci expedita delectus dolor et exercitationem nisi. Facilis rerum nisi dolor temporibus officia eum blanditiis.','Sed enim velit impedit deleniti eos autem porro. Quis ut soluta itaque. Voluptatem enim assumenda dolores animi.','Eaque eveniet eos architecto maxime modi quaerat. Porro dolore qui exercitationem voluptatem neque veritatis facere.','2016-04-23 07:55:00','2020-12-17 04:42:11','Est quo ducimus'),(123,123,4,3,'Non est iste expedita tenetur eligendi et fugit. Commodi architecto repellendus explicabo rerum quo quibusdam.','Est et nihil architecto non. Quibusdam labore qui iste modi. Et nihil voluptatem dolorem consequatur.','Quo odio provident veniam consequatur asperiores omnis optio iusto. Dolor ipsam voluptatibus est est adipisci ipsa.','2015-08-28 10:41:00','2020-12-17 04:42:11','Non est iste ex'),(124,124,5,4,'Natus dolores expedita rerum perferendis. Hic voluptas numquam quaerat. Sed et ut odit rerum reprehenderit et.','Facilis quae omnis cumque commodi corporis dolores atque. Alias error quidem cum sint laboriosam.','Et qui sint libero. Illo cumque accusantium consequatur ut non dolores illo aliquam. Dolores architecto vero eaque sit.','2018-07-17 21:00:00','2020-12-17 04:42:11','Natus dolores e'),(125,125,6,5,'Sint deserunt pariatur excepturi incidunt voluptas explicabo dolorem. Voluptatem beatae eius animi laboriosam sapiente doloremque consectetur. Eligendi accusantium natus aspernatur quod iste veniam. Consequatur illum atque rerum magni.','Nobis magni recusandae consequatur. Eligendi nihil qui fuga delectus alias voluptas. Libero sunt qui id molestias.','Aut qui amet nesciunt molestiae repellendus. Neque nobis exercitationem eos tempore earum et.','2010-08-21 11:23:00','2020-12-17 04:42:11','Sint deserunt p'),(126,126,7,6,'Neque eaque mollitia sequi aspernatur suscipit sit. Officiis sapiente dolores quae tempore. Debitis hic sed id error laudantium quibusdam. Sed consectetur vel repudiandae autem. Consectetur et dolores sed neque enim.','Dolorem et non nisi. Sit sunt doloremque ut nisi deleniti. Corrupti cum eos qui ut qui excepturi.','Aliquid et aut illo omnis sit rerum quos. Eaque sed laboriosam eius ipsa. Ut quia rerum nihil ut aut.','2015-05-19 22:22:00','2020-12-17 04:42:11','Neque eaque mol'),(127,127,1,7,'Voluptatem nam accusantium est repellat. Necessitatibus ut nam perspiciatis qui consequatur possimus qui. Itaque atque minus modi porro omnis numquam vel. Iure saepe ea deserunt unde molestiae recusandae iure.','Natus sit similique neque fuga nam laborum. Est aliquid aut beatae voluptatem. Consequatur asperiores dolores quam.','Odio et in laboriosam. Eos officia dolorem ipsam quia ut.','2010-09-16 14:47:00','2020-12-17 04:42:11','Voluptatem nam '),(128,128,2,8,'Iure tempore laborum reiciendis assumenda nisi quia officiis. Pariatur qui odio quas. Qui atque commodi sint dignissimos. Fugiat aut non et voluptatem voluptas et nulla.','Commodi rerum aut autem ea qui. Aut qui aspernatur qui facere dolor in quidem. Dolores assumenda consequuntur modi.','Et in nobis at eos. Esse qui eveniet voluptas omnis ad et. Tempora expedita voluptates exercitationem.','2016-12-04 20:34:00','2020-12-17 04:42:11','Iure tempore la'),(129,129,3,9,'Dolores repellendus voluptatem non in autem atque rerum. Doloribus nobis id harum et.','Iste inventore non in est tempore unde. In harum et delectus ratione laborum. Quas doloribus et aliquid odio.','Et nihil est dolor sunt. Tempore et sunt velit rerum quos perspiciatis nobis. Officia ullam sit consequatur est ea.','2017-03-20 13:12:00','2020-12-17 04:42:11','Dolores repelle'),(130,130,4,10,'Temporibus sit cum dolores nam explicabo tempora. Sed et dignissimos quibusdam et illum adipisci dolorem. Et modi asperiores culpa laudantium nulla fuga rerum.','Dolorem mollitia rem deserunt adipisci et aut. Cum rem quis est mollitia. Est rem omnis consequatur.','Illum tempora cumque dignissimos autem et nostrum. Ut ut voluptas eum explicabo voluptas nihil.','2012-04-01 08:03:00','2020-12-17 04:42:11','Temporibus sit '),(131,131,5,11,'Velit id quis asperiores unde saepe quam unde. Minima sunt doloribus optio ad itaque. Nulla molestiae totam sunt. Consequatur voluptatem adipisci incidunt alias aliquam ut.','Labore minus quia et ipsa nisi. Quas quia atque eos cum quae quibusdam aliquam.','Excepturi ut laudantium et natus voluptas. Rerum sunt nisi porro dolorem deleniti.','2017-06-19 13:10:00','2020-12-17 04:42:11','Velit id quis a'),(132,132,6,12,'Harum aut et maiores accusamus optio ipsum. Beatae id ducimus ex. Praesentium rem odit hic sed saepe mollitia ducimus sunt. Vel facere consequatur est distinctio.','Animi in numquam quae vel eius. Fugiat totam facere porro reprehenderit quae aut.','Modi sit dolor mollitia. Fugit quos aut unde consectetur et. Eos minus quasi est mollitia iste et ut.','2014-06-08 18:18:00','2020-12-17 04:42:11','Harum aut et ma'),(133,133,7,13,'Voluptatibus ad tempore dolorem id aut aut. Dolorem necessitatibus et occaecati voluptatem dolorum. Cupiditate facilis itaque dolores ex officiis quod corporis. Quia totam et quos exercitationem omnis et.','Dolor suscipit quidem sapiente fugit. Necessitatibus tempore est consequatur inventore molestiae recusandae.','Ea quia blanditiis similique doloribus sequi laborum. Quas id amet natus quam aut.','2015-05-28 16:00:00','2020-12-17 04:42:11','Voluptatibus ad'),(134,134,1,14,'Quas rerum ut eos consequuntur accusantium soluta. Accusamus temporibus eligendi praesentium repellendus aut accusantium. Assumenda dignissimos qui esse occaecati reprehenderit voluptate. Tempora et molestiae ut qui.','Quo architecto numquam esse quasi a assumenda. Perspiciatis aliquam quas temporibus modi dolores autem.','Blanditiis aliquid rerum est. Aut sed et totam quos. Laboriosam rerum sed occaecati sed sequi exercitationem.','2013-05-31 10:41:00','2020-12-17 04:42:11','Quas rerum ut e'),(135,135,2,15,'Eum et aut dolorem libero praesentium. At modi nihil recusandae eos. Ut sint sunt nisi repellat. Eos quo et sequi iusto dolor cum laudantium.','Quo tempore aut in illo ut accusantium enim inventore. In culpa aut modi doloribus autem.','Dolore quibusdam officia non quo. Et repellendus qui velit perferendis quibusdam atque. Rerum est dolores rem corrupti.','2016-01-10 13:45:00','2020-12-17 04:42:11','Eum et aut dolo'),(136,136,3,16,'Fuga cum voluptas reiciendis velit. Ut ipsam ipsum non laborum. Rem voluptatem distinctio nihil consequuntur. Voluptatibus architecto quae saepe asperiores error ullam quia reprehenderit.','Iure in dolorum ut. Temporibus deleniti natus provident quae.','Cum repellendus dolorum dicta eum aut. Neque illum et aut officia dolor vel beatae doloribus.','2017-11-23 22:39:00','2020-12-17 04:42:11','Fuga cum volupt'),(137,137,4,17,'Dignissimos labore magni blanditiis hic qui repellendus. Repellendus rerum eum fugit sit et quia incidunt. Quis ex officia corrupti dolore dolorem est velit. Ex laudantium enim animi nihil sapiente aperiam sapiente.','Occaecati placeat quos fugiat corrupti officia. Est doloribus et accusamus quae exercitationem veniam.','Minima aut expedita quis sed. Aspernatur quae a veniam aliquid libero ab enim. Ut eius occaecati itaque illo.','2011-04-03 13:59:00','2020-12-17 04:42:11','Dignissimos lab'),(138,138,5,18,'Laudantium et facere consequatur soluta ullam itaque. Iusto eaque recusandae in. Laborum hic velit modi fuga mollitia qui enim.','Ut enim dolorum quia minus illum. Excepturi voluptas ut iusto necessitatibus provident voluptas et.','Hic omnis officiis excepturi fugit eum. Qui iure repudiandae atque et. Et eum voluptatem id rerum doloremque.','2011-02-21 02:01:00','2020-12-17 04:42:11','Laudantium et f'),(139,139,6,19,'Sed at totam et id sint at. Cumque aut non error sapiente. Eligendi deleniti in perferendis accusantium ducimus quos ut.','Qui fugit similique veniam qui explicabo nobis. Nesciunt vitae necessitatibus molestiae blanditiis aut ut.','Qui quidem sint nobis. Sequi explicabo numquam iusto sequi aut. Voluptatem odit itaque repudiandae quae.','2018-10-17 18:14:00','2020-12-17 04:42:11','Sed at totam et'),(140,140,7,20,'Eaque velit est omnis dolores. Saepe nostrum ut est. Inventore veritatis ab quisquam unde tenetur. Ut dolores quo ratione enim.','Eius et velit voluptatum est et. Aut quia temporibus magni ex molestias dolorem commodi.','Quis fugit est rerum perspiciatis soluta omnis et. Error quos aliquid libero consequatur quas et reprehenderit error.','2013-01-06 19:50:00','2020-12-17 04:42:11','Eaque velit est'),(141,141,1,21,'Est optio delectus rerum perspiciatis aliquam voluptas dicta totam. Eius corrupti iusto amet qui voluptatem. Fuga rerum magnam expedita vero. Nobis iusto quaerat esse suscipit fugiat.','Voluptas vel ex provident. Provident nulla cum velit culpa voluptas.','Placeat voluptates pariatur illo autem. Ut nostrum et quis modi pariatur sit voluptatem. Earum et ipsam rerum fugiat.','2011-05-07 16:32:00','2020-12-17 04:42:11','Est optio delec'),(142,142,2,22,'Et facere et dignissimos et. Omnis consequatur doloremque aliquid voluptas esse autem. Et officiis ut aliquid vel dolor similique facere. Corrupti eum vel vel quam.','Id et voluptatibus neque. Quia optio nulla ut possimus. Mollitia nemo nemo qui.','Maiores ea est officia. Nobis numquam rem porro alias. A odio autem in praesentium dolor consequatur.','2012-06-01 12:24:00','2020-12-17 04:42:11','Et facere et di'),(143,143,3,23,'Repellendus labore officia corrupti numquam id ut earum. Aut veniam ut rerum culpa rerum quia quod et. Suscipit est aperiam consectetur aspernatur. Qui numquam eos magnam est beatae eum est. Eum ipsa eum in rerum alias.','Dolor necessitatibus ad eveniet quos. Est rerum dolor ad. At deleniti rem et iste in.','Ex eos totam repudiandae earum. Eligendi error vitae exercitationem suscipit quia est. Maxime vel rem vel eos qui.','2017-12-27 00:52:00','2020-12-17 04:42:11','Repellendus lab'),(144,144,4,24,'Rerum dicta qui ut aut. Non voluptatem at officia atque perspiciatis assumenda. Non consequatur delectus est. Fugit est sint enim pariatur odio.','Aliquid quae aut iste. Accusantium velit est pariatur accusantium consequuntur fugiat veniam.','Aut dolor quo qui unde repellendus et tempore sint. Consequatur blanditiis ipsum consectetur itaque.','2014-06-26 00:05:00','2020-12-17 04:42:11','Rerum dicta qui'),(145,145,5,25,'Animi dolorem suscipit necessitatibus suscipit voluptatem eos. Ex est sunt aut. Asperiores illo ut autem ut voluptate vel omnis quia.','Vel atque odio natus. Sint nam ex nisi dolorem quo.','Debitis dolores provident magnam facilis dolor. Natus atque quia minus esse esse et. Vitae atque sint ut fugiat et est.','2012-04-05 20:39:00','2020-12-17 04:42:11','Animi dolorem s'),(146,146,6,26,'Quod laborum aut molestiae velit aut repellendus. Dolore et non voluptas ipsum. Est blanditiis rerum quia officia omnis vel quasi corrupti.','Placeat et minus dignissimos illo sunt. Dolorum aperiam aut natus ea totam. Beatae nulla consequatur id autem ut et.','Rerum velit ut dolor aliquam impedit. Unde non non nulla hic. Omnis eveniet iste enim architecto.','2016-07-14 21:51:00','2020-12-17 04:42:11','Quod laborum au'),(147,147,7,27,'Repellendus corporis officia id commodi corporis. At culpa inventore in facere sequi.','Animi ipsa accusantium quia vel. Quo et quaerat amet illum. Quia facere dignissimos incidunt possimus sed.','Officia explicabo eum repudiandae at. Eum enim fuga possimus ut odio perspiciatis voluptatem.','2015-11-29 19:39:00','2020-12-17 04:42:11','Repellendus cor'),(148,148,1,28,'Rem perspiciatis tempore minima vero soluta voluptatem aliquam. Sit consectetur neque impedit molestiae eaque nihil. Hic aliquid et enim vel sint animi et.','Adipisci laboriosam doloribus ut laudantium voluptates cupiditate. Nostrum aut molestias quod.','Voluptatem nihil non vitae laborum. Quod velit quae ea nihil. Adipisci ab necessitatibus modi expedita aut id qui.','2016-11-23 23:41:00','2020-12-17 04:42:11','Rem perspiciati'),(149,149,2,29,'At laborum numquam accusamus qui exercitationem alias. Et alias animi sed quis architecto eligendi sed accusantium. Est omnis repudiandae blanditiis beatae repellendus est. Nisi minima quidem ut dolorem nulla maiores.','Quia sint veniam voluptatem quibusdam repellat. Ex odit reprehenderit nemo sed recusandae.','Voluptatibus id inventore cumque. Est et non sit quaerat. Ea rerum architecto modi assumenda.','2013-03-23 09:38:00','2020-12-17 04:42:11','At laborum numq'),(150,150,3,30,'Quis sed ipsa laborum et aut soluta et. Id accusantium fugiat itaque aut sequi rerum nisi. Temporibus voluptatum ut itaque esse sint aperiam.','Repellendus alias ut quos sed eos quis. Pariatur est asperiores vitae dolores. Ipsa id rem harum magni.','Impedit possimus aut repellat quisquam. Quia eum ab aut fugit maiores nobis. Doloremque aut aliquid quis mollitia.','2012-12-19 05:06:00','2020-12-17 04:42:11','Quis sed ipsa l'),(151,151,4,31,'Reprehenderit temporibus dicta quis reiciendis laudantium reprehenderit odit. Dolorem rerum qui sunt quibusdam explicabo dolor. Saepe itaque temporibus ullam voluptate natus. Unde maiores sed fugit excepturi aliquam. Et natus ea omnis est accusamus.','Voluptatibus velit inventore porro ex non veritatis sit. Voluptatem tenetur fugiat placeat ut veniam ut vero.','Et nihil aliquam ut eaque enim sint. Quis quo necessitatibus repellat.','2012-07-03 21:19:00','2020-12-17 04:42:11','Reprehenderit t'),(152,152,5,32,'Eaque quae voluptate dignissimos qui quo et dicta. Quia nobis quia repellendus tempora maiores pariatur ut temporibus. Illum laboriosam nam maiores dolores iste.','Sint impedit voluptatum fugit nulla aliquid maxime eum. Odio magnam a non corrupti iure rerum ut voluptatem.','Repellat cum blanditiis in beatae. Rerum cupiditate excepturi minima. Nesciunt ipsum est cumque repellendus.','2015-12-30 21:44:00','2020-12-17 04:42:11','Eaque quae volu'),(153,153,6,33,'Molestias non impedit fugit porro qui et. Voluptatem enim explicabo accusantium beatae aut corrupti suscipit quasi. Odio eaque error voluptas dolore recusandae.','Mollitia magni hic vel at. Ut aspernatur ut ullam qui rerum a. Sed atque quo temporibus similique dolor illo.','Mollitia sit ex enim et at. In vitae ea sunt mollitia commodi voluptas qui. Qui fugiat non aliquam.','2015-07-12 00:09:00','2020-12-17 04:42:11','Molestias non i'),(154,154,7,34,'Eum vel sequi quia assumenda minus. Fugit consequuntur est minus tempore. Repellat omnis sit deleniti ea. Mollitia nesciunt molestiae iure voluptatem quaerat magnam molestiae.','Ad enim cum quo illum dolor reprehenderit cupiditate. Placeat nobis magnam laboriosam quibusdam nesciunt.','Quia in aut sint eum laudantium molestiae et. Delectus sint harum quos eaque.','2011-01-08 13:49:00','2020-12-17 04:42:11','Eum vel sequi q'),(155,155,1,35,'Pariatur voluptate perspiciatis possimus aliquam iste officia at. Sint in enim ea nihil ut recusandae officia. Enim et eum id adipisci aut ut accusamus. Et at saepe cupiditate corporis.','Et libero sunt reprehenderit aut. Placeat consequatur sunt molestiae dolorum.','Consequatur nihil odit esse animi. Nostrum et nihil amet iusto.','2010-02-13 11:06:00','2020-12-17 04:42:11','Pariatur volupt'),(156,156,2,36,'Veritatis dignissimos rerum deserunt velit. Et voluptatem unde quos tenetur quia reiciendis. Exercitationem cupiditate repudiandae et minima quis commodi. Earum et excepturi id corporis qui.','Ab dolorum molestiae suscipit quam. Quidem iure et et inventore rem. Sit tempora omnis atque omnis.','Inventore dicta dolorem qui et quae doloremque a. Repellat eveniet neque distinctio ducimus molestiae.','2018-08-03 21:06:00','2020-12-17 04:42:11','Veritatis digni'),(157,157,3,37,'Recusandae nisi et minus illum et sit quibusdam. Fugit cumque aliquam cum eos error maiores consequatur. Aut eius quaerat odio eos consequatur tenetur enim.','Corrupti delectus perferendis quasi eaque et. Omnis est nam repellat dolores perspiciatis.','Aut modi velit repellendus a. Aut ab distinctio iste sapiente voluptatibus quisquam facere corporis.','2012-06-29 11:41:00','2020-12-17 04:42:11','Recusandae nisi'),(158,158,4,38,'Totam ipsa dolorem vel nostrum. Nostrum animi est repellendus consectetur rerum. Culpa perspiciatis aut exercitationem architecto omnis tenetur. Earum quaerat rerum veniam voluptatem beatae.','Inventore maxime quod fuga et soluta. Consectetur fugiat nostrum et doloremque et commodi. Et ut sed sunt nisi saepe.','Ut et quibusdam vel magni quidem et. Repudiandae voluptas doloribus sunt rem praesentium ab. Ut officia ut ut.','2016-12-21 06:42:00','2020-12-17 04:42:11','Totam ipsa dolo'),(159,159,5,39,'Tempora et reiciendis aut molestias et. Expedita sequi odio veniam. Laborum sit est quos est illo quod. Sit sit dolorem suscipit ullam. Neque eius unde quae est numquam.','Non rem vel nostrum qui quos. Nesciunt iste incidunt dolor quia. Fuga et et ut eligendi labore eum.','Odit provident neque a dolores saepe est voluptatibus. Omnis quis eaque illum et maiores voluptate.','2018-08-06 01:10:00','2020-12-17 04:42:11','Tempora et reic'),(160,160,6,40,'Illo voluptatem qui doloremque voluptate enim provident. Repellendus repudiandae perspiciatis recusandae modi. Molestias velit natus in vitae ut.','Fugit ratione dolor est excepturi veritatis eaque. Provident ut est et dicta.','Corrupti nobis sequi distinctio. Est sunt distinctio error aut ut sequi rem.','2011-01-01 21:06:00','2020-12-17 04:42:11','Illo voluptatem'),(161,161,7,41,'Eos et eligendi quod dolores. Aspernatur quibusdam accusamus ea aut nam. In cumque nemo alias et reiciendis.','Tempora tempora vel voluptatem itaque fuga. Neque ut voluptates at enim consequatur.','Vel officiis inventore excepturi. Qui magnam alias hic quos. Qui consequatur fuga rerum et.','2010-09-20 14:58:00','2020-12-17 04:42:11','Eos et eligendi'),(162,162,1,42,'Aut reprehenderit ea dolorum porro eligendi. Voluptas corrupti aspernatur nemo dolorum. Et dolores ut et impedit et officiis et.','Numquam et sapiente eum odit. Id corporis iusto ut fugiat. Dolores sed amet pariatur sunt commodi minus.','Quia rerum et laborum ipsa. Aut aut quibusdam aliquam vel. Numquam ea soluta eum voluptatem unde sunt.','2017-09-12 15:12:00','2020-12-17 04:42:11','Aut reprehender'),(163,163,2,43,'Aperiam accusamus omnis sint et amet earum nostrum modi. Enim optio unde tempore totam excepturi numquam. Voluptatem quam minima rerum.','Nihil omnis sed molestias. Dignissimos corrupti dolorem omnis. Et adipisci non autem adipisci.','Ipsam hic veniam inventore dolores ducimus odit. Ut eligendi optio pariatur voluptatem nobis.','2010-03-29 00:58:00','2020-12-17 04:42:11','Aperiam accusam'),(164,164,3,44,'Ipsa culpa eaque soluta quas autem quisquam quia. Exercitationem est mollitia qui corporis quia omnis. Dolorem animi et voluptates pariatur esse repellat. Pariatur quisquam impedit quia vel eligendi quia.','Neque dolore libero molestiae repellendus ipsa. Vel est tempore inventore et hic.','Id nam minima corrupti veritatis. Non sint id harum esse fuga dolorem consequatur dolor. Molestiae aut ut impedit a.','2010-11-19 12:22:00','2020-12-17 04:42:11','Ipsa culpa eaqu'),(165,165,4,45,'Ipsum sapiente soluta cumque. Distinctio minus tenetur sit. Dolorem tempore ex praesentium quo labore autem et. Dolorum quasi est harum nesciunt veniam corrupti. Velit est distinctio corrupti alias.','Voluptas voluptatem dolore provident omnis. Alias rerum eum officia cumque. Molestiae ab totam debitis et.','Tempore sed pariatur cum sit ratione. Perferendis quia adipisci dolores velit soluta dolore rerum.','2013-05-14 16:27:00','2020-12-17 04:42:11','Ipsum sapiente '),(166,166,5,46,'Necessitatibus consequatur tenetur ipsa quo sunt molestiae molestiae. Iure numquam quae esse vel doloribus ut dolorem non. Non voluptas officiis consequatur quis vel. Voluptatem natus aut nemo totam at.','Maiores rem nesciunt iste doloremque. Quas et in cum aspernatur.','Asperiores aut nisi distinctio ullam. Fugiat quis eum ea accusamus ipsa. Quis labore dignissimos fugit ex deleniti.','2012-07-24 04:34:00','2020-12-17 04:42:11','Necessitatibus '),(167,167,6,47,'Labore id voluptatem nostrum rerum esse voluptatem explicabo. In illum ut sunt cum quas. Distinctio autem et dolor deleniti esse velit adipisci vel. Modi molestiae neque voluptas eum facere.','Itaque facilis fuga saepe labore. Voluptas aut expedita nemo a. Qui unde laudantium qui delectus harum.','Et sint eum aut. Minima sit et iusto voluptatibus delectus. Non modi veritatis reiciendis mollitia.','2018-07-09 21:56:00','2020-12-17 04:42:11','Labore id volup'),(168,168,7,48,'Commodi aut necessitatibus quisquam expedita qui in cum sit. Rerum et aut vel velit beatae est. Minus nisi mollitia cupiditate atque itaque ut.','Cumque et nam eum perspiciatis omnis. In est et non sed saepe repudiandae.','Soluta perferendis sequi fugiat cupiditate. Ipsum aut non beatae at eius autem. Qui reprehenderit nihil quibusdam.','2010-12-09 06:41:00','2020-12-17 04:42:11','Commodi aut nec'),(169,169,1,49,'Est nostrum neque sed dicta culpa voluptates et optio. Magnam neque laboriosam quod dolorem praesentium sit delectus perspiciatis. Debitis aut enim labore in eius quis quasi.','Quidem neque rerum reprehenderit. Voluptatem ipsum ipsa cumque quidem et.','Ut est voluptatem id cum. Ullam porro id et a incidunt cupiditate. Eligendi dolorum nemo odit aliquid.','2014-05-31 01:09:00','2020-12-17 04:42:11','Est nostrum neq'),(170,170,2,50,'Ducimus mollitia error blanditiis aut quo veritatis. Debitis aliquid rerum sit. Repellendus vitae est quia quidem et et omnis. Aliquam et ut aperiam aut deleniti aut. Eligendi porro quod odio.','Quisquam ea sunt deleniti eos. Dolor omnis et ipsam. Ipsam qui ratione dolorem a.','Accusamus corporis nostrum soluta praesentium dolore eveniet repudiandae. Velit maxime expedita voluptatum et quis.','2010-07-11 16:18:00','2020-12-17 04:42:11','Ducimus molliti'),(171,171,3,51,'Itaque voluptate odit vel et ut esse officiis. Dolor quis molestiae quisquam consequuntur. Nemo consectetur inventore deleniti eos. Ea similique commodi officiis repellat ipsa.','Corporis qui doloremque praesentium id rerum voluptatem. Est similique ut magnam id.','Quisquam est sed ut ullam. Quidem aut perferendis veritatis quia inventore.','2018-01-10 20:56:00','2020-12-17 04:42:11','Itaque voluptat'),(172,172,4,52,'Quas vel id facilis. Quisquam pariatur eius sit officiis. Et voluptatem consequatur optio dolore officiis quia. Ex itaque nostrum praesentium ex odio non.','Ut placeat non cumque earum. Molestiae dolor culpa reiciendis aspernatur.','Officiis sint odit corporis doloribus aut. Assumenda hic qui labore qui sit aut.','2012-05-13 17:37:00','2020-12-17 04:42:11','Quas vel id fac'),(173,173,5,53,'Et maxime quibusdam enim non et dolorum corporis. Eum deserunt ipsum qui porro aliquam. Sequi eos consequatur molestiae.','Quod aut qui dolorum non eum dolorem autem. Est rerum rerum quo et aliquid non.','In et placeat quia ut expedita voluptatem accusantium. Non et unde enim voluptatem ut accusantium unde rerum.','2018-07-10 09:58:00','2020-12-17 04:42:11','Et maxime quibu'),(174,174,6,54,'Natus sed ut qui ducimus velit. Modi neque quam aliquam ad quo repellat facere. Perspiciatis et molestiae quas commodi amet.','Sit qui in maiores reiciendis rerum quia. Iste nam explicabo velit ipsum.','Eligendi inventore quia quidem tenetur. Et dolores aut enim. Qui unde nostrum modi.','2015-07-14 13:06:00','2020-12-17 04:42:11','Natus sed ut qu'),(175,175,7,55,'Voluptatibus quasi provident quaerat quas iure explicabo. Quas sit autem totam.','Et soluta autem error debitis laudantium. Dolore ab ut aut quas id qui. Molestiae est et et optio est deserunt.','Et qui eius est est occaecati. Consectetur molestiae rerum quam nulla qui ea.','2010-02-13 10:44:00','2020-12-17 04:42:11','Voluptatibus qu'),(176,176,1,56,'Eos est omnis corporis fugiat impedit. Provident officiis maxime expedita aut nisi aliquid sit. Fugit numquam consequuntur perspiciatis magni. Ut sed dolorem eligendi at dolores debitis quod. Assumenda molestiae sed et molestiae.','Quis qui ducimus natus non sint minus beatae. Ut ut ut nisi a dolorum in. Harum quia nobis maxime officiis ut ea.','Ab iste ipsam voluptates. Omnis qui ea odio fugit ratione quibusdam.','2010-05-22 19:08:00','2020-12-17 04:42:11','Eos est omnis c'),(177,177,2,57,'Minima consequuntur cum qui ut. Autem autem asperiores vel provident. Est praesentium consequatur saepe architecto. Et saepe explicabo excepturi totam.','Delectus eos esse ducimus et eos. Dolorem dicta magni quia consequatur distinctio. Est rem sunt sint perferendis sit.','Blanditiis sunt non amet. Sed laudantium laborum in nesciunt ex. Asperiores maxime tempore laboriosam.','2014-02-02 10:26:00','2020-12-17 04:42:11','Minima consequu'),(178,178,3,58,'Vitae inventore quis hic corporis eum odio. Est quasi id id sed ipsum harum. Ut vero rerum est. Sed ab harum optio saepe amet eum. Hic et adipisci velit rerum.','Et eos quos quos voluptatem. Delectus et rem voluptas repudiandae. Soluta ut quia laudantium nihil doloremque.','Qui fugiat eos cupiditate consectetur quisquam eius aut. Nihil reprehenderit ut qui numquam odit.','2010-09-17 07:31:00','2020-12-17 04:42:11','Vitae inventore'),(179,179,4,59,'Aut sunt distinctio voluptatem. Laboriosam quis id optio tenetur ut. Ducimus vel qui nisi molestiae ea.','Maiores blanditiis dolores eum animi. Error tempore recusandae nesciunt illum ipsam eligendi. Ut provident unde nihil.','Et esse qui ut et. Eaque esse cumque mollitia. Earum rerum aut beatae nulla rerum accusantium.','2018-08-24 02:15:00','2020-12-17 04:42:11','Aut sunt distin'),(180,180,5,60,'Ut molestiae cumque architecto aut aut soluta. Nemo vero ut sapiente magnam.','Est vero voluptatem sit et consequatur. Perspiciatis vel saepe eum vero optio. Ad minus dolore natus a nemo.','Voluptatem sit iure recusandae dolorem. Dolores voluptatem perferendis nihil nemo qui id.','2013-06-24 12:12:00','2020-12-17 04:42:11','Ut molestiae cu'),(181,181,6,1,'Nihil et quidem harum porro. Sit itaque dolor sed voluptatum. Quis explicabo nulla consequatur enim sed eaque.','Magni voluptatem velit in omnis. Labore molestiae tenetur alias dolorum nesciunt eveniet.','Et quo quisquam a perspiciatis. Odit error velit quo minima consequatur laudantium eligendi. Atque ut nostrum quo.','2018-05-25 11:13:00','2020-12-17 04:42:11','Nihil et quidem'),(182,182,7,2,'Aperiam enim dolorum consectetur sapiente aut dolorum hic. Ipsam ut voluptatibus et ut sed. Deleniti rerum et consequatur ut. Quos voluptates qui quis recusandae.','Minima quos aut modi aut odio. Est excepturi dolores quo deleniti qui. Quasi quae nobis beatae vero vero corrupti.','Voluptatem quidem sunt sint distinctio. Quae autem vitae velit qui sit est modi.','2018-01-15 04:33:00','2020-12-17 04:42:11','Aperiam enim do'),(183,183,1,3,'Illum sit incidunt officia ipsum. Voluptatibus inventore tenetur ut quisquam. Eos corrupti ipsum amet ut.','Quia odit eius in dolore. Debitis sed voluptate velit. Amet vitae ad delectus quia.','Quia sequi minus non et dolorem officia ut. Suscipit tempora similique quo aut tenetur.','2014-11-29 06:52:00','2020-12-17 04:42:11','Illum sit incid'),(184,184,2,4,'Aut quod pariatur iste et unde reiciendis eum. Tempore harum incidunt omnis tenetur. Ea necessitatibus sed dolorem vitae enim ducimus fugit.','Facilis sint voluptas earum vero. Pariatur consequuntur perferendis et voluptatem occaecati.','Quos eos est libero. Magnam omnis et nihil officia fugit. Vero dolores earum et quisquam.','2010-01-23 13:48:00','2020-12-17 04:42:11','Aut quod pariat'),(185,185,3,5,'Eos est autem consequatur id. Soluta qui eius pariatur magnam nam optio. Ex eos et accusantium explicabo cumque sint. Et quo laudantium vero quia.','Aliquam est repellendus illum omnis ab. Odio sunt quo eos quia. Enim commodi ea omnis laboriosam animi et.','Non adipisci quibusdam et ut. Quos repellat optio inventore architecto molestiae qui.','2014-05-04 15:23:00','2020-12-17 04:42:11','Eos est autem c'),(186,186,4,6,'Sequi quae inventore officiis accusantium. Exercitationem aut nemo tempore vel eius rem ut. Dignissimos ea tempora provident. Quos optio nisi quia consequatur.','Quos esse sed explicabo delectus sed. Nulla enim et rerum aut nesciunt animi. Rerum repellendus molestias aut.','Aut quo consequatur enim et culpa vel neque. Accusamus doloremque accusamus sed aut.','2017-08-26 13:28:00','2020-12-17 04:42:11','Sequi quae inve'),(187,187,5,7,'Ut natus consequatur dolor optio qui. Impedit nam quia neque est ratione. Itaque et consequatur id aut atque qui qui. Ut debitis in quis quisquam.','Qui non nisi quis assumenda pariatur. Nisi et quas minus id beatae inventore. Ea voluptatem et omnis nihil sunt est.','Qui repellendus sint est magni amet sunt. Dolores ut impedit voluptatem cum. Sint quia laboriosam ut dolor molestias.','2015-02-08 14:44:00','2020-12-17 04:42:11','Ut natus conseq'),(188,188,6,8,'Debitis explicabo corrupti libero corporis ea adipisci. Dignissimos atque praesentium distinctio impedit sit esse ipsa. Quia veritatis suscipit incidunt qui qui dolore eligendi.','Quis reprehenderit enim voluptatem. Error unde dicta adipisci commodi. Et suscipit similique molestias.','Enim dolores quam consequatur nemo. Eos ut impedit voluptas enim et labore nulla consequuntur.','2014-08-05 00:59:00','2020-12-17 04:42:11','Debitis explica'),(189,189,7,9,'Velit aspernatur quia maxime qui illo qui est. A assumenda nemo non libero est numquam est aut. Officiis aut velit veritatis optio tempora cumque.','Sit maxime dignissimos atque et voluptas ad animi. Qui maiores natus exercitationem.','Velit fugiat aperiam quo. Alias quibusdam dolore qui quae itaque provident sint.','2010-09-17 07:43:00','2020-12-17 04:42:11','Velit aspernatu'),(190,190,1,10,'Laudantium culpa distinctio ut et incidunt. Aut deleniti et laboriosam sint amet. Explicabo atque sed reprehenderit nihil. Aut ea consequatur quo impedit aliquam.','Aut iure rerum dolorem inventore. Dicta corporis et repellat minima.','Reiciendis quam voluptatem voluptatem voluptatem. Non et optio consequatur ut. Excepturi maxime suscipit fuga minus.','2013-06-12 09:39:00','2020-12-17 04:42:11','Laudantium culp'),(191,191,2,11,'Assumenda quas consectetur eum eum maiores. Maiores et quis qui. Sed eius dolores laborum nobis eum. Voluptatum praesentium facere ipsam qui.','Sed rerum velit id soluta porro. Sunt id deleniti doloremque voluptate. Sit minus nisi blanditiis consequuntur.','Sunt non iste repellendus fugiat. Sint corrupti rem qui modi. Ipsa culpa ut qui reprehenderit.','2017-09-04 06:14:00','2020-12-17 04:42:11','Assumenda quas '),(192,192,3,12,'Sunt aliquam maxime eos rerum blanditiis quos itaque. Culpa praesentium ipsam non facere et officia. Deleniti consequatur velit nihil voluptatem beatae aut.','Et similique dolores dolore qui aut. Accusantium et et ea ipsa ex et. Reiciendis sunt non et illum adipisci.','Occaecati debitis adipisci id aut aut. Veniam pariatur quidem reprehenderit. Omnis laboriosam ratione enim.','2015-06-15 19:48:00','2020-12-17 04:42:11','Sunt aliquam ma'),(193,193,4,13,'Id tempore excepturi soluta temporibus omnis autem. Est doloribus ut deserunt debitis earum et. Ipsa facere sit iste. Consequatur at at provident tempora.','Fugit blanditiis et quia excepturi repellendus quasi rerum. Doloribus nulla earum et accusantium quo quia.','Non aut iusto rerum placeat. Sit excepturi nemo eveniet. Voluptatem labore quaerat accusamus amet at sunt esse.','2018-11-15 07:56:00','2020-12-17 04:42:11','Id tempore exce'),(194,194,5,14,'Voluptates cupiditate optio ea qui animi sit. Facilis aut quibusdam consequuntur voluptatibus similique. Ut qui nostrum qui est omnis inventore. Reprehenderit voluptas reiciendis reprehenderit ea quis.','Et delectus qui aut perferendis. Repellendus minus similique maxime animi. Non et non voluptatem laborum.','Ut ipsa nam veritatis minus. Dolorem sint autem corrupti. Placeat velit quia est.','2015-06-03 08:54:00','2020-12-17 04:42:11','Voluptates cupi'),(195,195,6,15,'Nihil aliquam tempore id natus voluptas. Doloremque eum voluptatem mollitia ut.','Repudiandae illum eius aspernatur saepe et. Sint reiciendis asperiores quia dolor. Et eum dolor quasi corporis dolor.','Quia ea illum suscipit fugiat. Est nemo consequatur voluptatem quis. Consectetur quod aut sit pariatur officia dolorem.','2010-07-26 21:29:00','2020-12-17 04:42:11','Nihil aliquam t'),(196,196,7,16,'Accusantium sint unde ut quia esse laborum. Ut ut in voluptas id necessitatibus voluptas. Aliquid similique ut dolore quis necessitatibus ab. Occaecati cupiditate harum sed enim occaecati.','Itaque mollitia non iure amet. Est et quaerat sequi delectus voluptate quis autem.','Ut aliquid rerum deleniti ex aspernatur. Temporibus pariatur et est doloremque eos.','2014-04-23 16:18:00','2020-12-17 04:42:11','Accusantium sin'),(197,197,1,17,'Dicta molestias beatae in est ipsam voluptatem eum. Quis non earum ea. Earum modi vitae voluptatibus totam odio dolore dolorem.','Aut dolore magnam quibusdam et distinctio assumenda. Animi sunt ullam tempore omnis a.','Amet eos nulla molestias libero quisquam. Tenetur autem tenetur et ab placeat.','2012-08-24 07:29:00','2020-12-17 04:42:11','Dicta molestias'),(198,198,2,18,'Est fuga saepe laboriosam odit sequi atque ducimus iste. Animi iusto officia aut sit.','Ut vel et esse at. Unde voluptatem totam voluptatem quos ipsam fuga.','Quaerat nesciunt tempora ea dolorum fuga. Et fuga dolor tempore natus. Ipsa dolor eum quia mollitia eos voluptatem.','2014-04-10 20:37:00','2020-12-17 04:42:11','Est fuga saepe '),(199,199,3,19,'Quo dolorem qui praesentium odit. Eaque ex quam molestiae eum. Earum delectus odit eius ipsam sit nesciunt non et.','Repudiandae repellendus voluptatem minus hic. Neque impedit pariatur ipsa corrupti delectus.','Et alias quia tenetur consequuntur ea. Odio maiores eius rerum laborum.','2013-04-03 13:22:00','2020-12-17 04:42:11','Quo dolorem qui'),(200,200,4,20,'Sit quod voluptatem illum aperiam officia magnam aut voluptas. Vel blanditiis ab voluptatem et. Nobis laudantium quam id consequatur magnam.','Quam cumque odio nam minus. Eius pariatur nemo ab non.\nCorrupti facere mollitia dolor sunt. Dolorum harum officia enim.','Incidunt rerum perspiciatis itaque unde fugit ullam. Et odit dolorem quod atque tenetur. Rerum veniam eum et et.','2011-12-04 08:15:00','2020-12-17 04:42:11','Sit quod volupt'),(201,201,5,21,'Earum est eligendi modi possimus. Et cum autem ducimus. Id et labore dolore quo non. Aspernatur mollitia quae nulla qui alias et in aut.','Eligendi quis rerum rerum unde dolorem. Quod accusamus in amet et sed. Itaque ut et consequatur.','Dignissimos eum id corrupti quia est harum. Perferendis nulla quia odio voluptatem et quidem dolorem quibusdam.','2013-12-13 21:42:00','2020-12-17 04:42:11','Earum est elige'),(202,202,6,22,'Et non voluptas aut excepturi. In repellendus deserunt deserunt ut aut. Et laborum sunt beatae animi ducimus atque. Reprehenderit numquam saepe et tempora.','Consequatur assumenda dolorem et et voluptates. Mollitia provident et ut et. Neque doloremque aliquid placeat in.','Eos itaque alias eveniet. Animi ut sed aut nihil rerum voluptate.','2018-04-28 15:09:00','2020-12-17 04:42:11','Et non voluptas'),(203,203,7,23,'Ut similique cum quisquam qui aut et. Quas molestias et itaque nostrum molestiae. Delectus quia reprehenderit consequatur libero.','Praesentium occaecati doloremque est. Ut et voluptas facere voluptatibus consequatur laborum qui.','Vel dolores et rerum id ut ducimus. Veritatis sint dolor ut dignissimos fugiat quia iusto. Nostrum harum et maxime.','2010-10-28 16:57:00','2020-12-17 04:42:11','Ut similique cu'),(204,204,1,24,'Expedita sunt aperiam exercitationem velit perferendis aut. Nihil sint amet aperiam. Quasi aut id aut. Dolorem amet qui voluptatem quis.','Dolorem illo delectus reiciendis suscipit incidunt nulla. Sint adipisci veritatis voluptates molestias in.','Aut amet odit ratione natus consequuntur. Quas vitae vel explicabo sint. Omnis veritatis qui est est.','2011-07-16 04:24:00','2020-12-17 04:42:11','Expedita sunt a'),(205,205,2,25,'Aperiam voluptas tempore laudantium et eos. Sint sunt ut fuga et voluptas. Adipisci recusandae fugiat quia reiciendis qui enim. Vitae eum facilis voluptas voluptatem odio blanditiis.','Assumenda qui consequatur qui dolorum et. Cumque sed reprehenderit aut. Aliquid quia earum deserunt est et nemo.','Quas facere consequatur saepe quod suscipit. Consequatur vel est hic et accusamus. Sed est ut non dignissimos.','2016-08-05 15:59:00','2020-12-17 04:42:11','Aperiam volupta'),(206,206,3,26,'Enim consectetur explicabo non nisi asperiores ab accusantium. Alias voluptatem rerum facere sint. Magni alias eos facilis est. Voluptatem non eligendi omnis sequi cumque labore omnis non.','Tenetur vel quia eius et dolor deleniti illum. Incidunt laudantium et fuga modi.','Accusantium dolores autem fugit necessitatibus in. Qui dicta et aut dolorem voluptatem saepe. Quasi ad neque quis.','2010-01-16 08:31:00','2020-12-17 04:42:11','Enim consectetu'),(207,207,4,27,'Ipsa unde nostrum in ullam distinctio autem quod. Velit voluptate earum aut perferendis et. Velit provident quo architecto.','Vel molestias sequi id. Porro est deserunt eius debitis ut magnam. Fugit iure incidunt quia ipsam quibusdam.','Quaerat eos cupiditate rem et perferendis pariatur. Quis enim minus placeat porro fuga reiciendis.','2016-06-20 13:34:00','2020-12-17 04:42:11','Ipsa unde nostr'),(208,208,5,28,'Voluptates corrupti amet consectetur non repellat est sunt. Ipsa nesciunt ducimus eveniet modi tenetur deleniti. Nobis et consequuntur nam illo ea labore est.','Nulla fuga nesciunt doloribus officia et asperiores. Ut temporibus possimus non. Est modi quam vel dolor.','Excepturi tempore eaque eaque voluptatum expedita. Cupiditate officia ut odio hic sed ab est vel. Minus ut qui quam.','2016-02-16 15:17:00','2020-12-17 04:42:11','Voluptates corr'),(209,209,6,29,'Omnis sunt ut fugit odit beatae. Et accusantium amet iusto velit voluptas ea dolorem itaque. Modi repudiandae autem tenetur dolorum nemo. Sit dolore quis sed amet enim voluptatem est et.','Possimus cupiditate nobis mollitia enim. Vel porro eveniet ut autem et dolorum.','Quia labore nemo amet incidunt libero quos. Possimus nihil sunt ex et saepe. Illum vel quas hic aut.','2018-08-13 12:03:00','2020-12-17 04:42:11','Omnis sunt ut f'),(210,210,7,30,'Quos eum repudiandae sed qui enim eos qui. Et aut et in dolorem dolor. Voluptatem architecto praesentium neque et quos omnis voluptatum. Doloribus aut dolorem placeat nisi dolorum qui molestias.','Cum nihil saepe a ipsa. In possimus non temporibus nobis. Eaque magnam et non sunt voluptatibus enim.','In voluptates nihil unde omnis. Nihil doloribus dolor quia excepturi rerum. Aliquid esse quae rerum dicta.','2012-08-07 22:48:00','2020-12-17 04:42:11','Quos eum repudi'),(211,211,1,31,'Nemo qui corporis illum et tempore qui. Est tempore quia ut sed et. Tempore iusto necessitatibus voluptas rerum error est.','Et dolor fuga perferendis ipsa. Itaque dolorem incidunt ullam tempora eaque incidunt.','Et accusamus cumque quod. Quos similique aut dolores debitis ut.','2017-01-15 19:16:00','2020-12-17 04:42:11','Nemo qui corpor'),(212,212,2,32,'Officia placeat cupiditate voluptatem sint laboriosam hic cumque. Earum in amet ducimus rerum accusamus ut expedita. Repellendus laborum accusantium dolor aspernatur. Laudantium animi saepe praesentium iste nam.','At ipsa occaecati eum optio. Dolorum recusandae inventore vel labore et.','Vitae harum asperiores est qui. Aut quia ut nisi illum velit amet. Consequuntur aut laudantium sunt et consectetur.','2014-06-20 01:23:00','2020-12-17 04:42:11','Officia placeat'),(213,213,3,33,'Deleniti fuga culpa suscipit atque ducimus laudantium omnis et. Aut repellat vero soluta molestiae. Voluptate harum voluptate in modi.','Facere temporibus velit ut qui non facilis dolorem. Sapiente veritatis magni quos iusto qui quia ut.','Hic cum at non aut dolorum. Facilis voluptas quam eum inventore.','2011-01-27 16:03:00','2020-12-17 04:42:11','Deleniti fuga c'),(214,214,4,34,'Culpa ullam est cum sunt ipsum consequatur recusandae consequatur. Laudantium dolor doloremque provident dolore. Quasi aspernatur vel pariatur excepturi libero asperiores. Adipisci dolores et quisquam vel cum molestias nemo consequuntur.','Quia natus consequatur aut neque. Possimus dignissimos consequatur et. Ut possimus culpa ratione ea quos autem.','Qui nisi magnam nisi fuga qui. Libero numquam aut alias porro et.','2011-11-21 19:10:00','2020-12-17 04:42:11','Culpa ullam est'),(215,215,5,35,'Eum et distinctio deleniti. Cum error quis et eveniet consectetur aliquam. Est assumenda voluptatem ipsam. Aut iusto id fugit dolorem numquam velit. Odio aperiam harum ipsa quia quaerat est.','Magnam est nisi nam molestiae perspiciatis. Hic quia at doloribus. Nulla dignissimos optio repellat cum id.','Libero ipsa perspiciatis sint sit. Corporis quasi laborum et beatae. Qui quaerat aut ea qui iusto reprehenderit.','2016-10-13 08:27:00','2020-12-17 04:42:11','Eum et distinct'),(216,216,6,36,'Minima eligendi reiciendis dolore doloribus at. Aut rerum et ut fugiat et dolor omnis. Impedit et facere vel blanditiis cupiditate. Laborum soluta autem et enim eum. Ut porro similique natus commodi eum.','Ex facilis consectetur eos excepturi. Distinctio quisquam mollitia rem. Quia ipsam vel et ipsa.','Dolore molestias odit quasi velit nihil. Nihil similique natus molestias alias ad ullam assumenda voluptatem.','2012-12-24 14:43:00','2020-12-17 04:42:11','Minima eligendi'),(217,217,7,37,'Odio deleniti hic blanditiis et officia. Optio occaecati corrupti ut laboriosam. Eum optio eius ipsa fuga rerum aut. Voluptatem consequatur possimus nihil illo quasi cum magnam.','Quis qui ut praesentium possimus. Iste tempora aut non. Consequatur sint dolorem rerum id.','Molestiae neque provident vel hic veniam sed at sequi. In aut et nisi in ut. Est dolor illo ad laborum vero ut.','2014-11-19 05:10:00','2020-12-17 04:42:11','Odio deleniti h'),(218,218,1,38,'Quas veritatis tenetur qui est ut et est qui. Deleniti et cum cum porro voluptatibus. Exercitationem placeat tempore autem accusamus cumque labore. Et dignissimos officiis natus numquam consequatur.','Dolorem et quisquam cumque qui. Officia qui voluptas cumque doloribus. Dolores non harum ut dolores omnis nisi.','Et ea in facilis. Et pariatur ea nihil et dolores consequatur expedita. Sint eligendi vel nostrum non aut.','2011-05-25 14:47:00','2020-12-17 04:42:11','Quas veritatis '),(219,219,2,39,'Non illo non dolorem voluptatum dolor. Nesciunt ad voluptas omnis. Et dolor voluptas qui expedita.','Voluptatum omnis quo quo ut ea quisquam sunt. Voluptatem sed sed est sapiente optio. Unde et quas molestiae quis.','Quo numquam quia maxime autem quo beatae magni necessitatibus. Repellendus minus qui corporis soluta itaque unde sed.','2018-03-22 10:21:00','2020-12-17 04:42:11','Non illo non do'),(220,220,3,40,'Minus quos exercitationem vel qui ea a aut et. Laudantium at explicabo est ipsam voluptatem fuga. Voluptas repudiandae ut aut ea. Pariatur qui dolores ut cum in quisquam exercitationem voluptatem.','Cumque dolor cupiditate ab distinctio nihil provident. Distinctio voluptatem quo magnam ex deserunt.','Qui praesentium voluptas et ut voluptatem. Necessitatibus molestias animi veniam ipsa aut.','2013-10-31 10:41:00','2020-12-17 04:42:11','Minus quos exer'),(221,221,4,41,'Nihil voluptatem nihil natus fuga odio veritatis rem cumque. Expedita alias atque voluptatum tempore consequatur quaerat dolor. Voluptatibus labore et nesciunt consequatur eos sunt.','Voluptas ullam possimus aut qui. Voluptatum corrupti sit ea veniam quod delectus. Reiciendis nemo in sed sequi.','Quasi ut in ipsa adipisci voluptates. Laboriosam et sunt sit modi asperiores inventore.','2012-05-31 03:15:00','2020-12-17 04:42:11','Nihil voluptate'),(222,222,5,42,'Ut fuga et magnam occaecati et nesciunt. Aperiam sit laboriosam rerum cumque. Nulla voluptas aliquid totam et possimus rerum. Libero et aut ut tempore odit quos.','Vel reprehenderit veritatis quidem eum molestias ipsa est officia. Facilis et quod fuga aperiam eos dolore atque.','Dolorum amet delectus sequi dignissimos. Impedit est numquam molestias odit qui eos quo.','2011-01-25 07:07:00','2020-12-17 04:42:11','Ut fuga et magn'),(223,223,6,43,'Non debitis aut deserunt omnis. Assumenda voluptatem non est qui explicabo. Praesentium at ad at modi perferendis id provident harum.','Nemo qui sapiente est qui corporis. Voluptas laudantium officiis ipsam minima voluptatem.','Omnis nisi ex quibusdam optio aliquam est. Et tempore vel est.','2015-07-25 17:24:00','2020-12-17 04:42:11','Non debitis aut'),(224,224,7,44,'Amet provident est repudiandae amet sequi. Deserunt quos voluptatibus eius corrupti. Distinctio dignissimos nisi dolores vitae atque.','Dolor velit voluptas placeat ratione. Veniam sed sint quia ducimus non vero. Ipsum delectus non eveniet dolores.','Molestias qui quos ut est qui culpa libero neque. Est voluptas ut impedit placeat. Cum dolores id id ut similique.','2014-03-21 11:55:00','2020-12-17 04:42:11','Amet provident '),(225,225,1,45,'Minus esse et dolorem. Id est rerum consectetur eum necessitatibus dolores.','Repellendus quos ut itaque quas. Facilis aut totam omnis est quos rerum. Asperiores animi quae voluptatem libero et.','Qui similique aut harum accusamus non explicabo. Quaerat et consequuntur voluptatibus quia.','2013-08-31 17:29:00','2020-12-17 04:42:11','Minus esse et d'),(226,226,2,46,'Exercitationem molestiae atque sint quos quibusdam reiciendis. Molestiae autem sunt quae quas dignissimos. Rerum quos repellendus inventore quis nihil magnam. Aliquam dicta incidunt dolor eaque.','Illum quae in ut esse fugiat. In laudantium et hic debitis rem fugit at.','Inventore est est est asperiores asperiores neque. Dolorem corrupti omnis blanditiis. Non eos sint perferendis.','2011-05-04 23:33:00','2020-12-17 04:42:11','Exercitationem '),(227,227,3,47,'Minima nulla id velit laudantium. Amet fugiat sed et esse non voluptatibus occaecati.','Ipsam eaque ab sapiente et asperiores. Ipsa neque qui laborum et. Aut labore nostrum possimus sunt et.','Omnis nostrum quia est error. Sit quis quo neque officiis consequatur. Amet atque autem repellendus quis.','2014-10-03 16:43:00','2020-12-17 04:42:11','Minima nulla id'),(228,228,4,48,'Aut velit laborum numquam in. At blanditiis asperiores deserunt inventore numquam voluptatem. Dolor pariatur veniam vero quidem omnis est. Molestiae numquam accusantium quam rem est corrupti atque.','Similique rerum iste quas enim illo. Non aspernatur repellendus ut earum tenetur. Itaque ut iusto velit placeat qui.','In ea sed architecto et debitis nemo voluptas. Incidunt sunt et sit tempore iure nostrum ut.','2015-08-13 01:32:00','2020-12-17 04:42:11','Aut velit labor'),(229,229,5,49,'Rerum sequi voluptatem et aut nesciunt esse. Eum dicta cupiditate quibusdam reprehenderit. Officiis sequi mollitia voluptas amet eum laudantium reprehenderit. Modi similique vel totam quas quis minus.','Accusamus culpa fugiat doloribus neque in fugit. Inventore blanditiis fuga at officiis.','Eius molestiae ut nam totam sed. Iusto aut voluptatem quas modi. Architecto ut quia optio. Voluptas nihil quia aut id.','2010-04-18 07:15:00','2020-12-17 04:42:11','Rerum sequi vol'),(230,230,6,50,'Amet expedita beatae quibusdam atque sunt dolor distinctio. Aut vel nostrum quaerat quis consequatur et corporis. Magnam voluptas explicabo dignissimos perspiciatis.','Nam quaerat quia id eveniet amet voluptas. Eos nam sed optio ipsam. Quae maiores totam nemo provident nihil est.','Nobis ut veniam vero aut. Nemo commodi iure cumque animi magni nemo tempore. Cupiditate quia dolores dolores qui.','2014-10-12 11:10:00','2020-12-17 04:42:11','Amet expedita b'),(231,231,7,51,'In perspiciatis praesentium est nostrum omnis qui. Consequatur commodi dolorum sunt vero. Sunt asperiores et ut.','Voluptates inventore et maiores voluptas est sunt. Ea beatae fugit voluptatibus saepe quasi non. Cum modi maxime hic.','Voluptatem quos soluta necessitatibus commodi. Ex pariatur animi ullam possimus. Quisquam incidunt ab dolores nobis.','2017-02-24 17:55:00','2020-12-17 04:42:11','In perspiciatis'),(232,232,1,52,'Dolorum vitae praesentium sequi earum odit. Quas dolorem sequi cumque aliquam. Aut quisquam nostrum sint et minus. Similique voluptas sit corrupti maxime nihil nemo corporis. Quam dolor ipsa voluptatem explicabo.','Consectetur qui dolorum aspernatur nesciunt debitis ea. Dolores id est dignissimos sit pariatur fuga.','Aut quidem et ut. Est perspiciatis rerum vel odit minima in. Ad aut omnis rem quasi voluptas omnis porro.','2015-04-07 17:26:00','2020-12-17 04:42:11','Dolorum vitae p'),(233,233,2,53,'Atque rerum sunt et omnis. Animi minima soluta autem ut.','Vel officia ex aliquam optio. Vitae voluptatem itaque sit reprehenderit non. Est molestiae sunt vel qui non.','Sunt sint quo ut corporis. Repellendus hic eaque architecto velit rem est omnis. Non nobis esse reprehenderit maiores.','2011-02-22 03:28:00','2020-12-17 04:42:11','Atque rerum sun'),(234,234,3,54,'Et dolorem non tenetur accusamus repellendus dolore eaque hic. Suscipit ad voluptatem modi repudiandae aut. Doloremque laudantium totam voluptatum quo laudantium et.','Est ea sapiente et. Molestias laudantium omnis deleniti sunt ex doloribus. Qui aut error alias quod voluptatibus eos.','Sed repellendus iste aut sunt praesentium ut. Modi quos corporis voluptas rerum perspiciatis enim ea.','2010-08-30 01:40:00','2020-12-17 04:42:11','Et dolorem non '),(235,235,4,55,'Aut repellat laborum blanditiis eum fugiat iste. Recusandae et et eius impedit labore officia. Ad minus vel quo laboriosam dicta illo.','Et accusamus culpa similique assumenda. Cupiditate et ex rerum qui id veritatis.','Omnis expedita rem magnam veritatis architecto eos facere. Repellendus maiores nobis quis iste et.','2013-06-20 00:17:00','2020-12-17 04:42:11','Aut repellat la'),(236,236,5,56,'Omnis ratione sapiente aut sunt optio laboriosam non omnis. Non esse voluptas quia ullam eaque. Praesentium fugit iure minus officia.','Ut voluptate illum sed eum autem. Impedit nesciunt expedita quos perferendis officiis.','Minus ratione rerum aut consectetur hic et. Dolore aperiam rerum suscipit.','2015-07-31 17:45:00','2020-12-17 04:42:11','Omnis ratione s'),(237,237,6,57,'Praesentium sunt molestiae quod aspernatur temporibus quia. Modi est et nesciunt consequatur dolorem quibusdam corrupti sint. Quisquam ea eius et necessitatibus.','Ut sunt placeat et incidunt accusamus. Voluptas quod et iste. Magnam eum quia debitis.','Velit voluptate magni recusandae fuga eos aliquam dolor quia. Cum eum tenetur sit ut.','2012-11-06 02:37:00','2020-12-17 04:42:11','Praesentium sun'),(238,238,7,58,'Nihil architecto corporis voluptatibus odio doloremque quibusdam. Iusto a quidem perferendis voluptatem harum.','Et sint aliquam at nostrum. Nobis ipsa animi aut soluta alias.','Et aut culpa soluta in adipisci. Aut exercitationem consequatur quas pariatur.','2012-07-18 20:17:00','2020-12-17 04:42:11','Nihil architect'),(239,239,1,59,'Quis blanditiis ex sed. Repellendus ut aut aut. Dolor molestiae sit esse ut nemo dolorem autem porro. Voluptas vero asperiores dolor rem temporibus corporis et.','Temporibus eligendi quo sed soluta eos nam earum. Pariatur ducimus sint magnam dicta.','Deserunt ipsum qui harum unde. Dolore hic iste quasi quaerat. Asperiores est blanditiis omnis debitis a.','2015-02-19 07:57:00','2020-12-17 04:42:11','Quis blanditiis'),(240,240,2,60,'Quas nulla quo earum voluptas est est. Id iure libero omnis nesciunt. Non fugiat culpa facilis quisquam sapiente.','Quis aut sed soluta. Exercitationem non veniam velit. Ratione et totam nulla unde quas. Quae id nesciunt cupiditate.','Ut aut odit consequatur sit. Nulla et quasi et impedit dolor quos. Quidem itaque magni et dolor doloremque.','2012-05-06 14:37:00','2020-12-17 04:42:11','Quas nulla quo '),(241,241,3,1,'Voluptatem alias aut aperiam ab ipsa. Et sit hic voluptas vel. Soluta ducimus vel nesciunt. Itaque maiores cumque sit dolores.','Quo voluptatum hic odit aut est non consequuntur sed. Officiis nihil ipsam qui quo id reprehenderit qui.','Unde aut explicabo ad et impedit. Adipisci aut sit et quis aut expedita iste. Neque nam non incidunt cumque vero rerum.','2018-02-15 10:50:00','2020-12-17 04:42:11','Voluptatem alia'),(242,242,4,2,'Et nam sed perferendis quam eius. At earum quibusdam iste quaerat dolores libero vitae. Rerum necessitatibus fugit eius voluptates ex soluta sit. Quam totam explicabo et accusamus voluptatem nihil. Veniam voluptas tempore perspiciatis dolorum.','Similique labore cupiditate nihil quia. Dicta dolor eos velit laborum ea molestias. Quod aperiam commodi qui qui.','Vel animi unde consequatur quisquam et maxime veniam. Consectetur eum occaecati quas ea nihil ut reiciendis.','2010-06-19 18:01:00','2020-12-17 04:42:11','Et nam sed perf'),(243,243,5,3,'Modi hic nihil itaque veritatis magni quia in nostrum. Ipsam dolore qui nobis voluptatem beatae accusantium. Labore quia tenetur quaerat quis ducimus laborum. Molestiae sed nisi dicta omnis omnis.','Consequatur itaque provident ratione possimus voluptas inventore. Consequatur quasi quidem numquam omnis optio.','Placeat aut quae hic. Qui quibusdam earum omnis reprehenderit et voluptatem. Consequatur sit ipsa id.','2016-05-20 05:47:00','2020-12-17 04:42:11','Modi hic nihil '),(244,244,6,4,'Dolorum est est deserunt tenetur. Optio ut nesciunt sed eos. Mollitia quod minus non natus quos fugit. Repudiandae qui suscipit perspiciatis nemo nesciunt harum animi.','Rem hic harum dolorum ducimus laboriosam nam. Itaque ipsum officiis cupiditate velit dolore quod dolores.','Et architecto est quo et. Amet rem et aliquam fugit cupiditate ex. Odit saepe quibusdam ducimus.','2011-10-04 09:15:00','2020-12-17 04:42:11','Dolorum est est'),(245,245,7,5,'Ut ab saepe dolorum et odio distinctio quo. Modi vel hic tempora nemo cupiditate qui eaque quia.','Architecto est qui voluptatem quidem non consequatur placeat impedit. Qui voluptas amet aut tenetur numquam quo.','Ullam reiciendis quos minima et minima. Harum aliquam quaerat voluptatem. Nulla vel facere odit.','2014-11-12 18:02:00','2020-12-17 04:42:11','Ut ab saepe dol'),(246,246,1,6,'Odio cupiditate magnam et voluptatem. Modi et et delectus adipisci. Illo sed natus omnis deleniti itaque maiores et. Optio qui unde consequatur natus quod sit.','Adipisci optio labore voluptas. Occaecati impedit qui voluptas quis unde quo aut. Omnis ut earum reprehenderit et.','Laudantium totam qui cum ex. Corrupti accusantium vitae fugit est quae corrupti.','2013-01-07 00:54:00','2020-12-17 04:42:11','Odio cupiditate'),(247,247,2,7,'Asperiores reprehenderit consequatur nihil omnis officia asperiores commodi. Veniam corrupti necessitatibus commodi dicta laborum minima qui. Magni aut exercitationem id ut quidem sapiente. Ratione culpa nihil ipsum qui aliquam quo eum.','Nostrum sit quaerat sit recusandae. Autem rerum aspernatur illo repudiandae. Sunt est omnis animi beatae harum.','Quia fugiat ex similique nisi aliquam doloremque ab. Consectetur maiores ut numquam beatae.','2013-07-23 12:04:00','2020-12-17 04:42:11','Asperiores repr'),(248,248,3,8,'Asperiores sequi excepturi corrupti a repellendus quis et. Commodi ullam est aut sed. Qui dolores ipsum ut quibusdam. Quia possimus ipsam molestiae.','Sed totam ut porro. Numquam fugit nostrum dolorem suscipit. Esse necessitatibus illo sequi est qui dolor mollitia.','Voluptates hic ratione culpa animi. Quia est aut quia mollitia alias voluptatem quis. Quis qui ad dolorem.','2018-09-22 05:11:00','2020-12-17 04:42:11','Asperiores sequ'),(249,249,4,9,'Doloremque reiciendis vero repellat distinctio. Quaerat excepturi omnis dolores excepturi cumque fugit minima. Nihil aut quos quis et. Veritatis aut voluptatem nobis ut delectus omnis et ab.','Necessitatibus quasi dignissimos laborum dolor enim rerum omnis. Quibusdam eos necessitatibus et sed minima.','Aut sit sapiente sint totam. Et cum iusto consequatur occaecati quasi dolores in.','2014-08-27 03:04:00','2020-12-17 04:42:11','Doloremque reic'),(250,250,5,10,'Aperiam molestias eligendi officiis labore. Voluptatum hic quod quae maxime quo. Quibusdam accusamus provident recusandae id. Dolores cupiditate blanditiis occaecati suscipit aut enim dolorem porro.','Autem autem asperiores consequatur dolores dolorum qui et. Quos nihil enim aut beatae. Necessitatibus a consequatur et.','Dolorum corporis ut ea modi voluptatem eaque. Aut vel cum hic saepe in quo.','2012-02-08 10:39:00','2020-12-17 04:42:11','Aperiam molesti'),(251,251,6,11,'Accusamus nihil ut perferendis error eius labore facere voluptate. Et molestiae nihil ipsum. Maiores quis sapiente quas.','Voluptatem molestiae est fugiat voluptas tempore. Ut adipisci vitae ea enim molestiae. Sed quae cumque est unde odio.','Quam nulla quo rem quas voluptatem ut. Odio ipsam non quasi animi ut et corrupti. Repellendus odio saepe et voluptas.','2013-02-25 01:45:00','2020-12-17 04:42:11','Accusamus nihil'),(252,252,7,12,'Veritatis ad et eos iste quo enim ut ullam. Repellendus quisquam eius ut sapiente facilis eveniet commodi. Sit ea voluptatem quidem odio recusandae.','Omnis velit voluptatem dignissimos est non quos. Ipsa aliquam ut quo vero.','Sit nisi qui voluptatem. Quod excepturi itaque debitis ut magni. Laudantium culpa vitae tempora explicabo magnam eos.','2010-01-01 17:52:00','2020-12-17 04:42:11','Veritatis ad et'),(253,253,1,13,'Aut eos quos cumque fugiat. Et explicabo culpa est dolores voluptates explicabo quis. Voluptatem quia reprehenderit sint quasi rerum.','Quasi quo inventore at iusto neque amet aut. Possimus in quis ratione. Eos ipsum veritatis eaque.','Officia placeat ullam recusandae. Debitis laboriosam magnam qui id. Aperiam deleniti error vel.','2011-09-05 01:19:00','2020-12-17 04:42:11','Aut eos quos cu'),(254,254,2,14,'Vel tenetur rerum sint earum aut. Molestiae error perspiciatis tempora mollitia commodi possimus assumenda. Quidem sint consequatur qui rerum aut. Illo saepe et id qui voluptatum quas.','Doloribus deserunt modi sunt ducimus id. Ullam minus eius et vel quis ipsum. Voluptatem adipisci dolor ducimus.','Quasi dolor accusantium dolor alias nesciunt eum. Fugiat in ut autem velit quo. Ex iste aspernatur eaque vel.','2016-11-15 09:08:00','2020-12-17 04:42:11','Vel tenetur rer'),(255,255,3,15,'Atque voluptatum enim maxime voluptatem quas nihil. Corrupti dolores voluptatem voluptatem amet. Et earum nesciunt ut vel.','Non totam adipisci illum. Nihil tempora et modi. Temporibus aspernatur sit commodi iusto quae et.','Sunt vel est officiis ipsum dicta. Ut eos quod enim. Accusamus qui blanditiis omnis minus. Fuga aut iure sit facere.','2018-03-17 13:44:00','2020-12-17 04:42:11','Atque voluptatu'),(256,256,4,16,'Earum iusto facere qui iste sed. Dolor omnis dolores consequuntur et saepe et. Qui rerum consequatur enim et hic provident accusamus error. Fugit temporibus voluptas numquam quia.','Dolores omnis est maxime consequuntur iure dolor. Ipsum laborum magni totam optio est.','Nam et dignissimos et illum quaerat qui delectus. Eveniet doloribus sunt corrupti quasi dolor vitae voluptate veniam.','2012-03-07 20:21:00','2020-12-17 04:42:11','Earum iusto fac'),(257,257,5,17,'Ad ratione sed sit ad. Voluptatem enim ea et inventore. Quia molestias quia odio quos.','Et omnis qui placeat non atque beatae. Quia non beatae quod voluptatem dolor. Porro nihil omnis eos nemo rerum.','Vero et possimus repellendus quia quis ipsa aperiam et. Accusamus voluptates mollitia ipsam.','2010-07-01 00:06:00','2020-12-17 04:42:11','Ad ratione sed '),(258,258,6,18,'Sit quia totam nihil nam commodi velit non laboriosam. Facilis cupiditate sed magnam molestiae quae. Nesciunt quos eius est delectus est recusandae assumenda corrupti.','Aut libero nemo earum minus sit. Amet rem eius laudantium qui quis. Qui sit hic cum similique possimus labore.','Unde aut tempora vitae rerum in aliquid ut. Magni velit sint totam debitis aut qui.','2012-12-12 20:52:00','2020-12-17 04:42:11','Sit quia totam '),(259,259,7,19,'Odit sequi enim sequi. Ad molestiae nemo eos harum aliquid asperiores itaque. Voluptatibus ea et ut repellendus. Aperiam ut et vel quam omnis quo.','Molestias est modi nihil est velit. Sint aliquid ex debitis facilis. Aspernatur ipsa ut libero consequatur.','Sit non saepe omnis sunt. Ut quia saepe aut. Voluptas in atque illum et qui.','2011-03-25 15:09:00','2020-12-17 04:42:11','Odit sequi enim'),(260,260,1,20,'In qui necessitatibus incidunt sed. Animi animi ipsum est molestiae sit. Nam ratione atque minus reprehenderit pariatur impedit. Molestiae corporis necessitatibus saepe.','Impedit molestiae voluptatem quia tempora libero. Illum voluptas et dignissimos.','Odio non voluptatibus modi. Alias quidem esse vel. Molestiae et laborum sequi eligendi in rerum.','2017-01-11 06:52:00','2020-12-17 04:42:11','In qui necessit'),(261,261,2,21,'Odit modi error ipsam. Veniam consequatur illum non ducimus. Vel eum sapiente nam dignissimos.','Voluptas eaque ea est non quo omnis. Rerum modi esse omnis non facere.','Qui mollitia quod quo iusto nemo ut amet omnis. Eum aut vitae et. Molestiae ex nulla nemo impedit.','2014-12-20 23:03:00','2020-12-17 04:42:11','Odit modi error'),(262,262,3,22,'Est provident officia dignissimos sed unde. Ut temporibus temporibus nostrum id autem. Reprehenderit asperiores voluptas id consequatur veritatis praesentium.','Amet et fugiat officiis illum qui quasi. Illum animi saepe earum itaque. Eligendi et aliquid sunt omnis.','Voluptatem a est est mollitia doloribus molestias. Autem voluptate omnis ullam nemo est nihil.','2010-04-01 20:07:00','2020-12-17 04:42:11','Est provident o'),(263,263,4,23,'Vitae expedita dolorem iure omnis voluptates accusantium est beatae. Quis maiores id nulla. Qui impedit quis sed qui sed quisquam omnis. Itaque doloribus qui tenetur fuga recusandae quidem.','Dolores temporibus sunt voluptatem repudiandae. Doloremque reiciendis nesciunt et asperiores. Ut aliquid ipsum quam.','Fugit quasi et nam. Enim dolorem voluptatem adipisci omnis consequatur.','2014-10-08 07:06:00','2020-12-17 04:42:11','Vitae expedita '),(264,264,5,24,'Vitae non id assumenda ex qui minima placeat. Fuga quo ut omnis. Nostrum vel aspernatur ab nemo molestiae id. Mollitia qui labore soluta expedita similique.','Provident dolorem id omnis non culpa soluta. Aut accusantium veritatis aut. Nulla cum quo illo ipsum.','Cumque possimus et cumque. Est praesentium asperiores minima aut magni. Magni tempora ad voluptatem et.','2011-04-09 03:50:00','2020-12-17 04:42:11','Vitae non id as'),(265,265,6,25,'Enim blanditiis similique eligendi velit sint. Voluptatem doloremque voluptatem est tempora accusamus quidem. Sequi autem eos velit voluptate minima minus expedita.','Ea sit libero cupiditate repudiandae. Velit natus dicta sint qui omnis illo optio vel. Et modi eos quo explicabo.','Autem ullam reprehenderit sed amet sed. Qui odio quia earum ullam est. Eum velit eveniet officiis odio.','2011-05-26 15:12:00','2020-12-17 04:42:11','Enim blanditiis'),(266,266,7,26,'A accusamus veniam culpa ut aut et. Nihil sit at placeat ea consequuntur. Cumque saepe laboriosam sed possimus iste ad quis quas.','Eius ad doloribus aut neque eaque. Aut possimus est quod non sapiente. Iure quis dolor non quibusdam.','Quidem eum corporis eaque nam veniam. Aut laborum repudiandae ad quo voluptatibus et quia.','2010-03-03 16:30:00','2020-12-17 04:42:11','A accusamus ven'),(267,267,1,27,'Quibusdam qui ut sint. Ex voluptas sint reprehenderit tenetur. Ut ducimus veniam ut aspernatur.','Eveniet molestiae et et esse doloribus non. Sit delectus sit eius. Velit laudantium quia velit sapiente.','Dolore tempore eum quas excepturi. Eius alias enim explicabo error dolorem. Minima omnis quia voluptatem consectetur.','2018-04-29 09:07:00','2020-12-17 04:42:11','Quibusdam qui u'),(268,268,2,28,'Nesciunt architecto quasi sapiente autem dolorum. Sit officiis consequatur temporibus in. Sint ratione inventore molestiae corporis veritatis. Qui distinctio facilis et aut ad quia nesciunt.','Ipsam id sunt sequi maxime rerum eligendi soluta. Praesentium rem aut nostrum qui maiores.','Sit sit voluptatem labore dolorum. Totam qui omnis culpa et.','2015-05-25 11:08:00','2020-12-17 04:42:11','Nesciunt archit'),(269,269,3,29,'Ullam sequi laudantium laudantium voluptas expedita hic. Excepturi distinctio quos ullam ut quia ad maiores. Deleniti delectus in fugiat assumenda dolorem voluptatem aliquid.','Quia consectetur quo nemo tempora sed nihil et. Quibusdam possimus eos consequatur fugiat nihil repudiandae.','Ullam voluptatibus iure non quo voluptas. In sapiente facere nulla incidunt dolorem placeat.','2017-09-08 00:06:00','2020-12-17 04:42:11','Ullam sequi lau'),(270,270,4,30,'Repellat ex rem id et quam pariatur ipsa. Odio repudiandae nihil aliquid consectetur voluptatem. Inventore sunt ipsa sit possimus.','Ducimus sit commodi dolores itaque. Nulla quis soluta nam qui.','Pariatur praesentium hic deleniti nobis facere. Quo libero nisi ut. Voluptas quia facilis voluptas ratione.','2015-07-12 13:01:00','2020-12-17 04:42:11','Repellat ex rem'),(271,271,5,31,'Est assumenda aut odio. Asperiores unde inventore cum quaerat voluptatem explicabo.','Sed ut nihil iusto ratione. Repudiandae in nobis rerum. Eaque cumque numquam blanditiis accusantium quas ducimus.','Assumenda alias nisi suscipit esse. Dolor atque quod similique sit aspernatur. Eius et alias odit ullam molestiae.','2016-05-07 03:21:00','2020-12-17 04:42:11','Est assumenda a'),(272,272,6,32,'Quia optio eum velit quo. Quasi repellendus aspernatur maiores. Molestiae harum et vel repellat. Vitae et nihil est officiis doloribus.','Incidunt non odio incidunt voluptatem. Ex facilis sunt et odit vel.','Eos quae qui mollitia. Itaque voluptas et dolorem a tenetur numquam tempora. Laborum numquam saepe voluptas.','2014-12-21 07:14:00','2020-12-17 04:42:11','Quia optio eum '),(273,273,7,33,'Aut ut atque praesentium magni accusantium. Recusandae quasi aut eius dolorem. Est et vel voluptatem voluptatem. Sapiente deleniti cumque dolores qui eos sint.','Consequatur repellat rerum autem sed et quo libero. Quam commodi et quis. Mollitia vel eligendi consectetur.','Cum quidem quidem nobis ab est et enim. Asperiores in aut similique et. Ex velit qui doloremque dolorem laudantium.','2015-06-30 18:29:00','2020-12-17 04:42:11','Aut ut atque pr'),(274,274,1,34,'Magnam maxime sit ipsum molestiae labore. Ullam et nostrum accusantium impedit. Rerum aut est dignissimos voluptatem culpa ut sit.','Deserunt voluptatum in libero nihil voluptatum. Et optio molestiae ut. Nesciunt repellendus aut facilis consequatur.','Consequatur cupiditate facilis libero rerum aut. Nam reiciendis reprehenderit est minima sequi qui.','2017-01-01 11:40:00','2020-12-17 04:42:11','Magnam maxime s'),(275,275,2,35,'Ad qui fugit corporis et nostrum sed. Omnis consequatur minima atque dolores vitae ducimus rerum.','Et eaque alias modi harum. Non nisi dolorem ut nobis nam ut sed. Molestiae esse quia excepturi qui pariatur doloribus.','Cupiditate tempore et et. Dolores vero dolor unde odit. Est cum est aut possimus cupiditate provident maxime dolores.','2018-01-11 09:14:00','2020-12-17 04:42:11','Ad qui fugit co'),(276,276,3,36,'Eius voluptatum non nesciunt. Et maiores quia voluptas et voluptas cupiditate. Et sunt excepturi alias possimus eaque. Fugiat ut hic sit.','Est error distinctio eum corporis molestiae. Dolor assumenda illum ut aut culpa sapiente. At unde ipsa repellendus non.','Quaerat qui qui ipsa tempora voluptas tempore. In assumenda dolores eum corporis et ipsam sequi.','2014-05-22 22:17:00','2020-12-17 04:42:11','Eius voluptatum'),(277,277,4,37,'Ut nostrum sed soluta numquam quia rerum. Aperiam consequuntur quis distinctio pariatur minima aliquid. Minus perspiciatis incidunt temporibus autem ab. Pariatur quas molestias voluptatum dolore. Quaerat dignissimos dolores cumque eaque eum distinctio.','Mollitia qui tempore alias ea est. Praesentium deserunt aut quae ea aut.','Rerum rem qui error quidem. Et ut aut soluta. Id aut eaque illo.','2017-05-04 07:29:00','2020-12-17 04:42:11','Ut nostrum sed '),(278,278,5,38,'Enim voluptas aliquid vel fugit sed. Delectus est nulla dolorem velit libero. Minus saepe cum laudantium voluptatum.','Qui id dicta nostrum maxime. Quis ducimus id atque et et vero rerum. Autem veritatis ab aut.','Quia iste quisquam saepe magnam dolorum. Quia assumenda et numquam et maiores quaerat iusto.','2018-03-28 21:00:00','2020-12-17 04:42:11','Enim voluptas a'),(279,279,6,39,'Delectus ut ea non in. Tempora nulla similique nisi voluptate hic. Nesciunt consequatur tempora sapiente dolore corporis. Esse sed voluptatem qui excepturi.','Odit et qui eum itaque. Facere voluptates autem rerum eum. Accusantium repellat illo neque dignissimos.','Tempora occaecati odio vero ut. Sed dolore impedit eius numquam qui distinctio quaerat ipsa.','2016-09-21 02:43:00','2020-12-17 04:42:11','Delectus ut ea '),(280,280,7,40,'Nihil repellat natus aspernatur ratione vel. Dolores eaque commodi nemo nihil illo beatae aperiam. Quidem optio labore est qui inventore.','In recusandae fugiat omnis aut quis. Impedit molestiae vel sequi rem repudiandae ut. Ullam quo officia rerum qui.','Quos in porro provident necessitatibus nulla. Qui temporibus reiciendis rem eligendi quis dolor quas nemo.','2017-03-05 02:24:00','2020-12-17 04:42:11','Nihil repellat '),(281,281,1,41,'Explicabo voluptatem atque maxime consequatur. Consectetur praesentium quod excepturi unde iusto eum sit. Minima beatae quo sint molestiae asperiores. Asperiores omnis repellat doloremque omnis cum.','Amet deserunt aliquam soluta qui debitis harum omnis. Aut et dolorum similique id quidem velit sit ullam.','Sunt velit ad voluptas eius. Id itaque quo in voluptatem atque deserunt culpa. Perferendis quaerat quas illo expedita.','2017-07-28 08:39:00','2020-12-17 04:42:11','Explicabo volup'),(282,282,2,42,'At repellat atque vel aspernatur. Est aperiam voluptates quaerat ducimus alias ea. Est facere quidem aut ipsam voluptatem. Aliquam aut omnis atque.','Eligendi distinctio labore aperiam assumenda ut et sint. Dicta enim ipsam laboriosam voluptatem dolores.','Cupiditate est distinctio laborum sint vitae reprehenderit possimus. Et saepe minus animi.','2017-09-28 04:40:00','2020-12-17 04:42:11','At repellat atq'),(283,283,3,43,'Distinctio sed non iste eaque officia. Aut in reprehenderit dolor sit ducimus. Doloremque deserunt voluptatem quaerat ea.','Autem optio quisquam doloribus saepe provident recusandae in. Omnis fugit rerum ea et alias repellendus.','Dolor est sed quod iste rem sunt. Non eligendi nisi impedit. Expedita architecto assumenda quam.','2017-11-29 04:52:00','2020-12-17 04:42:11','Distinctio sed '),(284,284,4,44,'Nam magni porro quibusdam nesciunt ad et praesentium ullam. Tempora blanditiis at qui nisi esse repudiandae debitis autem. Tempore exercitationem aliquid nam odio sit. Repudiandae ut ad alias quae.','Dolores officiis enim quo amet corrupti autem. Quam et nesciunt ratione quia iste voluptates. Totam at corrupti atque.','Sunt veritatis laudantium sit ab. Ipsam odit sit sequi ut. Velit rerum aut consequuntur enim sapiente.','2011-05-01 12:34:00','2020-12-17 04:42:11','Nam magni porro'),(285,285,5,45,'Qui aut sed distinctio perspiciatis doloribus in. Soluta minus dolor harum sed porro cum. Et perferendis aperiam in nihil ea deleniti itaque.','Nesciunt totam hic ratione. Atque et quidem dolorem animi illo non animi. Aut aut odio aut.','Ipsam iure modi commodi. Odio ratione omnis quod quo. Velit est accusantium consequatur ipsum possimus inventore aut.','2012-07-19 23:16:00','2020-12-17 04:42:11','Qui aut sed dis'),(286,286,6,46,'Optio fugiat quia velit est saepe. Placeat voluptas expedita officiis at quibusdam dolorem. Modi aut in quis voluptatem quisquam eaque. Consectetur provident deleniti quia.','Repellendus quaerat et ea. Deserunt aut commodi aut sint. Nam temporibus necessitatibus ut laboriosam soluta est.','Tempora sit nam voluptatem et non et consectetur. Quae autem quasi qui adipisci sed. Dolorum quibusdam est in est.','2010-11-24 14:28:00','2020-12-17 04:42:11','Optio fugiat qu'),(287,287,7,47,'Quos sapiente quia accusantium libero non. Sunt voluptatum tempora fugiat repudiandae consectetur aspernatur.','Est ut a esse illum necessitatibus. Velit natus magnam similique corrupti itaque et.','Earum ut quos tempore expedita. Velit ab harum recusandae ipsum sed quis. Excepturi aspernatur quisquam nulla.','2012-01-29 23:59:00','2020-12-17 04:42:11','Quos sapiente q'),(288,288,1,48,'Qui dignissimos placeat molestias debitis quidem quo. Sint explicabo sed ullam officia enim. Id blanditiis iure ipsa. Deserunt optio iure officia vitae perferendis sed temporibus.','Dolor accusantium quo sunt. Molestias ut quae quia. Ipsum numquam non ut voluptatem labore nesciunt quod.','Aspernatur aspernatur voluptatem consequatur cumque. Harum assumenda rem facilis sint.','2015-01-31 05:56:00','2020-12-17 04:42:11','Qui dignissimos'),(289,289,2,49,'Qui blanditiis aut est. Quidem et placeat corrupti beatae eos nemo. Tempora animi dolor cumque nisi. Dolore illo qui commodi voluptate magni velit.','Iure dignissimos nobis ea et eligendi sed. Eos qui autem numquam et. Itaque placeat eius deserunt eum.','Reiciendis doloremque eos est. Ex in placeat doloribus pariatur qui qui. Vel omnis aut et rem repudiandae.','2012-12-19 07:34:00','2020-12-17 04:42:11','Qui blanditiis '),(290,290,3,50,'Numquam ut repellat aut ut labore quis tempore. Qui odit ducimus suscipit qui. Sed est at atque aut debitis quisquam. Illo ea perspiciatis reprehenderit dicta sapiente et magnam. Eos nemo omnis unde laudantium dolore voluptatem.','Voluptatum dicta voluptas nobis tempora et totam nesciunt. Non fugiat odit dolorem quia.','Qui a accusamus omnis ut omnis labore. Enim mollitia id qui.','2010-12-24 07:24:00','2020-12-17 04:42:11','Numquam ut repe'),(291,291,4,51,'Nihil error et doloribus quis quis et libero. Et suscipit nisi animi voluptatem vero sunt. Iure eveniet voluptates dolores quas molestiae.','Reiciendis quia corrupti deleniti itaque. Quasi odit labore eum iste.','Fuga et aut doloribus ut. Expedita accusamus et aspernatur. Perspiciatis sed delectus voluptates sapiente quasi fugiat.','2012-09-11 02:23:00','2020-12-17 04:42:11','Nihil error et '),(292,292,5,52,'Error officiis aperiam aut et qui ducimus assumenda. Dolor illum tempore natus dolorem architecto esse nulla. Iste ut qui ut. Et tempora sed quo omnis esse.','Fugit facilis ipsum distinctio laudantium explicabo. Consequatur ea minima ducimus sunt ut eos nulla iure.','Praesentium aliquid voluptatem et id impedit et et. Debitis iure ea error. Autem quo quia sed et.','2013-12-17 02:34:00','2020-12-17 04:42:11','Error officiis '),(293,293,6,53,'Atque distinctio temporibus necessitatibus nobis quidem. Libero quo incidunt voluptate molestiae. Deserunt inventore ipsam et reprehenderit fugit eum. Voluptatem nisi aspernatur soluta voluptatem rerum.','Aut facere sint mollitia numquam. Ut inventore quo in expedita. Occaecati ut corrupti sunt nihil.','Ad mollitia iusto quia et voluptatem nostrum quibusdam qui. Vero quidem quia nulla vitae dicta ullam.','2014-09-08 17:32:00','2020-12-17 04:42:11','Atque distincti'),(294,294,7,54,'Facilis quaerat sequi praesentium. Assumenda sunt molestias rem maiores sed corporis velit. Laudantium expedita voluptas hic est aliquam.','Veniam rerum et aliquam enim. Praesentium veniam provident a et. Omnis facere voluptatem atque et velit.','Ut in maxime aut animi id alias. Et et ea sunt exercitationem et. Ipsa nulla enim consectetur nam.','2015-07-07 13:17:00','2020-12-17 04:42:11','Facilis quaerat'),(295,295,1,55,'Iure ut delectus in eius nostrum est dolor ullam. Minima dolores saepe suscipit magni molestiae inventore. Enim aut modi est facere pariatur atque.','Quisquam dolores quia laborum labore. Illo eos omnis repellendus quas. Ad distinctio qui repudiandae in nostrum.','Alias aut perspiciatis iure quo qui amet. Sunt rerum est placeat aut occaecati dolor. Sunt earum itaque quo voluptatem.','2014-05-16 06:16:00','2020-12-17 04:42:11','Iure ut delectu'),(296,296,2,56,'Voluptatum aperiam in maxime sit necessitatibus quaerat vitae. Asperiores expedita fuga aspernatur saepe suscipit voluptatem amet. Voluptatibus fugit incidunt provident earum fugiat porro natus.','Saepe similique porro enim quidem aliquam nulla. Ut qui assumenda dolor. Ad tenetur aut dignissimos.','Autem modi et accusamus ut aut quidem modi. Nihil molestiae ipsa quibusdam illo sint adipisci. Velit ducimus quidem et.','2017-02-10 01:34:00','2020-12-17 04:42:11','Voluptatum aper'),(297,297,3,57,'Labore qui aut voluptatem inventore. Voluptates laboriosam deserunt explicabo. Nihil suscipit sit sit quis.','Hic rerum est tempore nam aut sunt voluptatem. In tempora odio nihil tenetur ut ut quis. Et eius nulla fuga impedit.','Molestiae voluptas dolorum dolore animi temporibus a. Eveniet totam quaerat accusamus consequatur vero delectus.','2010-04-11 04:18:00','2020-12-17 04:42:11','Labore qui aut '),(298,298,4,58,'A hic impedit consectetur fugit harum accusantium. Qui dolore veritatis et assumenda placeat quas omnis aperiam. Totam neque ut facere.','At sed quos eum ad ratione. Voluptatibus atque esse neque qui. Earum cumque magni aperiam aliquid in in et.','A odio aperiam quis pariatur et exercitationem. Consequuntur quas veniam fugiat quo eveniet est est.','2017-10-28 13:49:00','2020-12-17 04:42:11','A hic impedit c'),(299,299,5,59,'Omnis nihil enim fuga rem eos voluptates praesentium et. Est aspernatur id et iste.','Magni iure voluptatem magni ea quasi iusto. Architecto esse dolorem cum unde labore aut odio.','Quis accusamus qui corporis nam. At alias similique eum. Ut sapiente et et explicabo cumque et rerum.','2016-01-15 05:45:00','2020-12-17 04:42:11','Omnis nihil eni'),(300,300,6,60,'Unde nesciunt impedit repellat est qui dignissimos alias. Tempora impedit vitae eveniet accusantium cumque minus minima.','Rem et hic nostrum quaerat sed qui et. Nostrum enim modi illo quo officia. Sit nihil ea ullam ea.','Qui magni atque et ab fuga. Quidem reprehenderit et fugit laudantium. Unde corrupti quae voluptatem.','2017-02-21 04:27:00','2020-12-17 04:42:11','Unde nesciunt i'),(301,301,7,1,'Voluptatem nam ut quis libero dolores asperiores. Vel eum dolores aliquid ut libero voluptas officia. Sed libero fugit voluptatem neque ratione architecto non.','Aliquam facere quae sed omnis in illo. Eligendi enim rerum et magnam earum voluptatem. Qui et dolor nam qui.','Occaecati enim qui odio. Quis ut harum provident et facere tenetur officia. Dignissimos sit magnam sapiente ut dolores.','2018-10-11 06:07:00','2020-12-17 04:42:11','Voluptatem nam '),(302,302,1,2,'Excepturi nobis tempore quis praesentium necessitatibus beatae. Id deleniti error ipsum. Animi perferendis est maiores dolores.','Vitae illum et sequi. Non incidunt qui consequatur odio doloremque itaque aut. Earum incidunt et voluptas velit id.','Iusto voluptatem voluptas unde eaque est vero. Reprehenderit quod et nostrum praesentium qui repudiandae quia alias.','2012-05-02 07:47:00','2020-12-17 04:42:11','Excepturi nobis'),(303,303,2,3,'Dolores eos est numquam vero. Nesciunt hic error veniam ad est natus. Aut omnis qui et perspiciatis aut neque perspiciatis. Ex dolorum aliquam quia enim nisi voluptas non.','Qui beatae cumque sit. Magnam sapiente veniam sunt. Quam repellat sapiente cum molestiae voluptatem.','Unde qui expedita optio sit qui quia quas. Iusto officia repellendus molestias consequuntur est iste voluptate.','2015-05-31 08:19:00','2020-12-17 04:42:11','Dolores eos est'),(304,304,3,4,'Corrupti cumque fugit veniam ratione libero consequatur ut. Laborum iste quia est totam quia. Accusamus et nihil et earum.','Sit nam magnam et. Ipsam quam temporibus quos maxime molestiae.','Molestiae veniam at quo ut labore aliquid sunt. Sequi voluptas aperiam non suscipit.','2013-03-01 23:49:00','2020-12-17 04:42:11','Corrupti cumque'),(305,305,4,5,'Vero dicta omnis similique necessitatibus deserunt. Qui alias voluptatem dolorem voluptatum eveniet atque. At in error doloribus ratione. Eum consequatur commodi atque eveniet.','Et aliquid nemo aut necessitatibus. Veritatis facilis nisi at et qui. Aut nihil ipsum reiciendis.','Qui et et quis omnis doloribus. Qui natus est natus minima accusamus. Non fugiat doloribus esse nulla eos unde.','2017-09-18 05:38:00','2020-12-17 04:42:11','Vero dicta omni'),(306,306,5,6,'Ipsa est nesciunt voluptate sed dolores. Commodi molestiae esse dolor qui odit pariatur. In in sed quo exercitationem tempora voluptatibus omnis.','Cum quod earum voluptatem quibusdam. Quas iusto vero nam omnis dignissimos delectus. Voluptatum quia nulla unde eum.','Iusto excepturi excepturi nostrum distinctio dolor praesentium. Ipsam et earum explicabo placeat ducimus consequatur.','2014-02-09 07:02:00','2020-12-17 04:42:11','Ipsa est nesciu'),(307,307,6,7,'Repudiandae sequi neque et quia. Exercitationem aut qui sed dolor rerum aut dignissimos.','Inventore reprehenderit minus velit sunt rerum. Ab voluptas debitis ut voluptas necessitatibus eos laboriosam est.','Laudantium quia fugit debitis eos. Et quae ea aspernatur aut tempora.','2012-03-30 08:33:00','2020-12-17 04:42:11','Repudiandae seq'),(308,308,7,8,'Amet reprehenderit dolorem amet id quia id harum ea. Magni expedita voluptatibus harum error vel quia molestias. Ipsam sed saepe aut corporis officiis aperiam. Exercitationem enim ut tempora est pariatur culpa nisi.','Vel id animi ipsa dolorem earum. Sunt non omnis optio nobis necessitatibus accusamus. At modi distinctio ex sed.','Eaque incidunt libero sit tempore. Architecto ea voluptatem nihil hic. Corrupti aut enim molestiae.','2018-04-08 13:58:00','2020-12-17 04:42:11','Amet reprehende'),(309,309,1,9,'Quo aut totam est cupiditate. Autem ducimus aliquam laborum repudiandae labore. Exercitationem accusantium ratione rerum maxime est sit est. Dignissimos dolorum optio omnis rem aspernatur sed natus.','Saepe harum aut velit accusamus. Laboriosam vitae officiis qui nesciunt. Qui magni neque dignissimos est fugiat.','Quia inventore et necessitatibus ipsam autem totam. Nihil quos tempora autem odit odio. Modi et illo aliquid totam.','2011-12-07 08:22:00','2020-12-17 04:42:11','Quo aut totam e'),(310,310,2,10,'In iste laboriosam aut. Aspernatur omnis maiores molestiae ipsa dignissimos doloremque voluptatum. Pariatur quis facilis aperiam omnis.','Sint officia voluptatum animi fuga ea veritatis iure. Iure quo omnis laudantium sed qui autem suscipit.','Quisquam sunt rerum rerum deleniti rerum tempore aut. Laudantium facilis dicta illum in non porro.','2013-01-31 01:08:00','2020-12-17 04:42:11','In iste laborio'),(311,311,3,11,'Autem repellat voluptas et et aut quia quia. Voluptas dolor recusandae laborum similique et distinctio. Reprehenderit cumque eveniet libero.','Sed a soluta nam nisi. Temporibus earum debitis quia quia. Rerum rerum voluptatem eos. Odio ipsa alias qui id itaque.','Nostrum sequi eligendi sit quasi. Culpa nisi ut vel fugiat. Placeat architecto porro velit quos.','2013-11-15 15:08:00','2020-12-17 04:42:11','Autem repellat '),(312,312,4,12,'Facilis animi veniam non molestiae quidem. Rerum minus dolor accusantium aut autem autem. Et accusamus et aut. Aut architecto quae fuga nihil est placeat nulla.','Ut saepe quo tempore numquam. Quasi delectus natus impedit voluptatem voluptatem iure. Quia nobis ut nobis alias.','Quam fugiat odit omnis et dolor qui provident. Illum sit incidunt tempora minus. Ut autem ut fugit unde.','2017-12-25 07:57:00','2020-12-17 04:42:11','Facilis animi v'),(313,313,5,13,'Nihil veritatis error atque aut laboriosam quae. Temporibus deserunt ut porro pariatur sed consequatur dicta necessitatibus. Quia et totam voluptatem consectetur. Iusto qui minima facere.','Nam enim nostrum sunt odit. Amet asperiores repellendus eius expedita est.','Velit earum id ut maiores illo. Cupiditate est maxime ut ea.','2013-05-03 01:31:00','2020-12-17 04:42:11','Nihil veritatis'),(314,314,6,14,'Ipsam ut natus minus quia fuga. Consequatur vel delectus nihil saepe nulla.','Dolore repudiandae sequi est voluptas. Quia ut pariatur explicabo nihil et. Qui error qui nemo est eos.','Consequuntur explicabo vel omnis eos corporis. Quisquam ea eum atque magnam. Magnam molestiae quas dolor.','2012-06-01 21:30:00','2020-12-17 04:42:11','Ipsam ut natus '),(315,315,7,15,'Laborum sit odit cumque ullam. Quia nam sit laborum optio a. Aliquid et quia ipsum. In nihil et deserunt earum cum suscipit.','Molestias odit vel sapiente qui culpa. Fuga et beatae inventore qui. Omnis quasi ea id.','Asperiores qui qui ipsum officiis voluptas enim quia. Aperiam eum sed omnis.','2012-12-07 22:43:00','2020-12-17 04:42:11','Laborum sit odi'),(316,316,1,16,'Modi error veritatis non aspernatur veritatis illum. Quis libero tempora quia et et. Autem necessitatibus sapiente esse non et eius adipisci. Earum cumque reiciendis itaque blanditiis.','Numquam assumenda at voluptas maxime est aliquam soluta ipsum. Quo tempora consequatur omnis doloribus.','Et quia rerum quaerat laborum. Qui molestiae qui et et corporis. Pariatur fuga quo saepe consectetur voluptatibus.','2010-01-18 17:19:00','2020-12-17 04:42:11','Modi error veri'),(317,317,2,17,'Repellendus dolores voluptas nulla ut vel corrupti et eum. Aut dolor et eius ea qui. Autem voluptatibus et veniam sint enim.','Ipsum ex aliquid quisquam laborum enim et. Fuga ipsum qui rerum facilis eos dolor quia.','Voluptatem doloremque quo quibusdam. Ut sit vel quaerat. Ut ut voluptatum consequatur minima dolorem et.','2015-12-17 19:35:00','2020-12-17 04:42:11','Repellendus dol'),(318,318,3,18,'Tempora ipsa vitae quis in. Aliquid enim aut odit quisquam. Architecto aut maxime aliquam dolores voluptatem voluptas mollitia.','Reprehenderit minima maiores et neque sunt quia sed. Tenetur perspiciatis maiores id dolor fugit incidunt.','Provident vitae incidunt laudantium qui sequi sequi. Qui rem explicabo eum at ipsum numquam.','2010-12-04 12:23:00','2020-12-17 04:42:11','Tempora ipsa vi'),(319,319,4,19,'Minus quam sequi incidunt ut hic ab. Rerum occaecati molestiae fugit. Dicta quo eligendi maiores.','Recusandae recusandae dolores est rerum aliquid saepe. Dolore qui eligendi voluptatum et ut.','Perferendis neque et fugit est quo et. Quia labore qui excepturi ut quam. Atque magni quia sapiente tempore.','2014-09-16 17:57:00','2020-12-17 04:42:11','Minus quam sequ'),(320,320,5,20,'Deserunt porro recusandae sed ipsa repellat. Neque beatae quod est suscipit. Ad ut sunt possimus hic. Qui laboriosam omnis possimus optio doloremque eos laborum quia. Omnis voluptatem aliquid ut exercitationem odit repellat aut.','Nisi magnam qui ipsam rem tenetur. Amet cumque consectetur autem. Et velit sit iusto voluptatum et.','Consequatur magnam atque autem. Nihil magni ut ratione rem sit quo. Saepe dignissimos inventore magnam nihil.','2011-12-18 13:42:00','2020-12-17 04:42:11','Deserunt porro '),(321,321,6,21,'Sint ea et dolor eligendi possimus aut cupiditate vel. Necessitatibus ut pariatur quo fugiat rerum et. Quasi dignissimos ut quis voluptatem. Soluta quibusdam omnis rerum et corporis reprehenderit modi.','Fugit voluptas est aut sit dolor. Necessitatibus aut ducimus omnis laborum et.','Inventore dolor suscipit est quia nobis. Sunt quas voluptas ut omnis qui. Animi veritatis sit excepturi atque.','2014-10-20 03:02:00','2020-12-17 04:42:11','Sint ea et dolo'),(322,322,7,22,'Quas excepturi officia mollitia quibusdam eos rerum maiores. Non quia deleniti est minus vero nulla ratione. Non nobis amet provident sint autem et quam.','Consequatur dolore ab voluptas quod corporis iste cumque. Dolor eos dolorem cumque. Et cumque quis facere expedita non.','Libero sed ut eum aut. Dicta quia sed at id atque eos sit.','2011-06-30 05:24:00','2020-12-17 04:42:11','Quas excepturi '),(323,323,1,23,'Ex odio qui asperiores quasi. Vitae eum qui fuga nemo consequatur. Et adipisci porro nulla. Molestiae id enim natus.','Ea praesentium et nisi voluptatem. Et nihil voluptas et nulla sequi ducimus perferendis rem.','Sed repellendus in iusto. Eaque sed aut alias a voluptates sed accusantium. Consequatur quo ut debitis rerum.','2011-02-27 07:07:00','2020-12-17 04:42:11','Ex odio qui asp'),(324,324,2,24,'Nihil fugit dolorem magnam sit ad perferendis inventore. Temporibus similique omnis neque qui optio. Ex inventore aliquid reprehenderit aut. Repudiandae omnis aut nihil cupiditate.','Quisquam recusandae hic temporibus. Aut doloribus culpa ab quibusdam. Ea voluptas dolor voluptas reiciendis modi qui.','Quis provident sunt aut vitae pariatur quibusdam. Assumenda reiciendis non sint adipisci.','2012-07-22 01:38:00','2020-12-17 04:42:11','Nihil fugit dol'),(325,325,3,25,'Non qui earum suscipit rem. Et non magni id consequuntur laboriosam nisi. Sunt labore sit non vero ipsum. Ut accusamus et non.','Delectus eum et sunt quia distinctio officiis. Deserunt possimus ut dolor necessitatibus non earum.','Est et repellat et qui. Rerum soluta est ut repudiandae est officiis. Cupiditate corrupti nemo eligendi aut iusto sed.','2016-06-20 10:19:00','2020-12-17 04:42:11','Non qui earum s'),(326,326,4,26,'Quas ipsam nobis modi ea ea sunt. Nam odit odit error unde tempore quia. Ratione rem et sed voluptatibus reprehenderit corrupti.','Officiis sed qui aspernatur nulla. Omnis et voluptatem quia ea excepturi. Quo fugit qui voluptas.','Et vero esse minus aut. Porro qui voluptatem molestiae magni eos. Omnis numquam aut fuga iste. Quis nisi et ut dolor.','2016-08-10 23:36:00','2020-12-17 04:42:11','Quas ipsam nobi'),(327,327,5,27,'Vero quo itaque incidunt. Dolorum nihil officiis voluptatem consequuntur quia molestiae quo. Officiis similique ducimus fuga totam quae nihil consequatur. Ullam hic inventore dignissimos maxime accusamus magnam eum maxime. Maxime dolore autem quas amet officiis enim voluptatem sit.','Sequi ullam et ut quia fuga. Possimus architecto aut exercitationem.','Et qui molestiae praesentium. Minima reiciendis aut est.','2011-05-06 08:14:00','2020-12-17 04:42:11','Vero quo itaque'),(328,328,6,28,'Impedit beatae porro est ex quia. Molestiae voluptas nostrum omnis inventore et culpa. Cupiditate dignissimos quasi aperiam odit voluptatum. Et quia id debitis amet repudiandae adipisci. Quam ullam commodi et et eum unde et.','Necessitatibus accusamus a sapiente repudiandae atque. Quae harum dolore error.','Amet veritatis accusantium est cumque. Eos ratione qui fugit aut. Fugiat dolorum voluptatem non necessitatibus.','2015-05-28 10:56:00','2020-12-17 04:42:11','Impedit beatae '),(329,329,7,29,'Harum harum repellendus voluptatem odio natus. Veritatis repellendus eos dicta ea iure excepturi. Sit illum nam consequuntur ipsum eos quas laboriosam commodi.','Est sint sint minus beatae magni. Qui possimus soluta qui est et. Et est deleniti consequatur enim porro.','Et porro neque molestias vel dolorem. Adipisci libero et est consequatur ullam culpa.','2017-06-21 10:42:00','2020-12-17 04:42:11','Harum harum rep'),(330,330,1,30,'Et distinctio et earum eum dolores. Nam fugiat ipsam ut.','Error est officia id quia. Saepe iure iure asperiores quae dolorem. Sunt ut ut facere enim veritatis delectus sed.','Repellendus pariatur itaque minima laudantium. Dolor maxime quae qui totam iure magnam soluta. Quo est laudantium nemo.','2011-01-29 12:58:00','2020-12-17 04:42:11','Et distinctio e'),(331,331,2,31,'Non aliquam voluptatem voluptas. Aspernatur in maxime ea assumenda. Architecto adipisci nihil voluptate est esse et.','Harum nihil quidem aut est ea nam. Ut sit voluptate rerum dolores incidunt.','Perferendis tempora suscipit et rerum. Sit hic repudiandae accusantium quis. Aut iste quod sed.','2017-11-09 23:45:00','2020-12-17 04:42:11','Non aliquam vol'),(332,332,3,32,'Corrupti doloremque qui omnis. Fuga debitis quidem doloribus vel maiores. Facere id et tenetur alias doloribus. Quae voluptas qui dolores illo sed exercitationem nisi ullam.','Quam beatae et voluptatem sequi autem. Perspiciatis dolores repellat hic nihil aut iure.','Dolore cupiditate provident eligendi. Delectus quae et eos iure amet iste ut. Id quibusdam eos laboriosam aliquam at.','2014-11-25 09:01:00','2020-12-17 04:42:11','Corrupti dolore'),(333,333,4,33,'Hic facilis est omnis molestiae. Tenetur aut consequatur aperiam modi. Hic quasi et odit molestias molestias aperiam.','Id aut alias quam qui beatae consequuntur. Nemo rerum eveniet blanditiis.','Veniam sed ut fugit voluptate temporibus at saepe. Quod aut itaque impedit corporis atque quos dolorum.','2011-05-02 11:55:00','2020-12-17 04:42:11','Hic facilis est'),(334,334,5,34,'Molestiae maiores quisquam nemo saepe. Iure tenetur quis tempore et est excepturi nesciunt. Ab ducimus impedit possimus perspiciatis consequatur.','Vero qui totam in dolorem. Doloribus laboriosam ut dolore. Facere et repudiandae autem amet architecto.','Et facere voluptates mollitia neque sit sint labore. Quos rerum at repellat fugiat nam.','2010-09-12 12:21:00','2020-12-17 04:42:11','Molestiae maior'),(335,335,6,35,'Sequi ut eum et eum similique impedit. Aliquam consectetur porro sit illum.','Aut et inventore dicta optio. Voluptates ipsum modi dolor et quis. Ad laudantium nihil pariatur blanditiis assumenda.','Ullam assumenda nesciunt corporis corporis qui. Quaerat voluptatem sequi itaque ratione voluptatum quia magni.','2012-08-18 14:25:00','2020-12-17 04:42:11','Sequi ut eum et'),(336,336,7,36,'Nihil et omnis ab voluptatem. Mollitia sapiente amet hic sit consequatur animi voluptatem. Nesciunt corrupti nobis animi expedita officia qui. Aut aliquid ut soluta et aut dolorum et.','Dolorem et fugiat qui. Repellat at voluptate dolor saepe.','Sit quia consequatur alias voluptas unde dicta. Ipsa aut minima ut reiciendis.','2014-06-08 09:21:00','2020-12-17 04:42:11','Nihil et omnis '),(337,337,1,37,'Ipsa eaque id et quis earum aut. Placeat sint quia inventore non sint delectus. Ea saepe odio voluptas repudiandae ipsum et. Illo provident delectus ex quod vitae velit.','Enim et quo et corporis vel est iure quia. Modi ipsa ut voluptatem ipsa. Libero pariatur ipsam ut doloremque iure.','Nemo hic in illo ullam. Eos dicta excepturi omnis. Eos in sit ab nesciunt. Et vel quisquam dolore fugiat quis.','2010-08-02 13:35:00','2020-12-17 04:42:11','Ipsa eaque id e'),(338,338,2,38,'Animi tempora nesciunt optio optio consequuntur ut recusandae. Consectetur fugit vitae quas neque eos et qui et. Quidem et delectus ad harum perspiciatis.','Nostrum aut et perspiciatis perspiciatis. Accusantium sint architecto aut porro. Dolore harum aut natus libero.','Maiores nam voluptatem consequatur aliquid occaecati. Nam adipisci omnis ipsam. Rem quo natus sequi placeat eaque.','2010-12-05 17:21:00','2020-12-17 04:42:11','Animi tempora n'),(339,339,3,39,'Dolores aliquam quas magnam suscipit eos id incidunt delectus. Exercitationem autem magni earum repellat laborum reiciendis. Dolorem explicabo laboriosam voluptatem sit maiores.','Reiciendis odit illum et sint cum dolorem. Exercitationem modi ut consequuntur accusamus ullam distinctio voluptas.','Et aut minus sint vel aut impedit. Reiciendis itaque aut quae fuga.','2012-08-17 19:10:00','2020-12-17 04:42:11','Dolores aliquam'),(340,340,4,40,'Omnis nihil odit nihil id et. Alias alias commodi provident hic. Aliquam velit delectus ratione qui.','Ullam voluptatem quibusdam saepe. Ipsa pariatur ut praesentium et sunt atque. In maxime necessitatibus inventore ut.','Dolores quibusdam nesciunt dolor. Nisi ex enim aut enim consequuntur vel. Quam quam rerum eum cum.','2018-02-15 22:54:00','2020-12-17 04:42:11','Omnis nihil odi'),(341,341,5,41,'Odio sapiente quia at totam dolorum. Qui explicabo cumque dolorum dolorum aperiam velit in. Quae velit rem reiciendis ab fugiat doloremque. Saepe labore aut impedit.','Aut hic ad dicta corporis. Quidem veniam libero tempore. Blanditiis modi eum sed. Qui quasi et et sit quod.','Id ut labore dolorem et quo officiis ex. Vitae at ipsa inventore qui voluptatibus.','2015-10-18 05:12:00','2020-12-17 04:42:11','Odio sapiente q'),(342,342,6,42,'Et commodi laboriosam ea quo. Ipsum non ad velit minus aspernatur. Et fugiat animi tenetur aut quidem. Ducimus nihil temporibus illum fugit iste voluptas ipsum dignissimos.','Eligendi suscipit sit sint ab. Sit est at rerum. Quis magnam vel est reprehenderit veniam in a.','Porro sed quibusdam amet aliquid. Vel et perferendis rerum. Magni ex ut ea et eveniet.','2015-11-28 02:14:00','2020-12-17 04:42:11','Et commodi labo'),(343,343,7,43,'Aliquid dolor id exercitationem impedit vitae. Et laborum sapiente provident fugit. Ipsum sequi et tempore. Harum qui eligendi beatae veniam.','Tempore sit est quia. Vel sunt dolor odit ullam quia porro. Commodi et quidem at.','Occaecati quia veritatis accusamus est. Non ad aut et et. Ut aliquam quia nemo cupiditate cum quos qui rem.','2010-02-21 06:18:00','2020-12-17 04:42:11','Aliquid dolor i'),(344,344,1,44,'Cumque non ea non ex. Dolores quidem labore corrupti est ex eveniet aliquid facere. Id suscipit nostrum quaerat porro hic.','Fugiat eligendi inventore nisi et sit voluptatem. Quia aut odio voluptatem laudantium debitis omnis.','Quo error eligendi ullam qui consequuntur. Rem sit suscipit ut ex ut quia earum. Deleniti aut cumque recusandae rem.','2014-01-23 08:41:00','2020-12-17 04:42:11','Cumque non ea n'),(345,345,2,45,'In consequatur et rerum nihil. Voluptatum laborum reiciendis repudiandae molestiae nisi ex. Quibusdam nobis velit consequatur. Et recusandae pariatur porro illum optio animi aut autem.','Non blanditiis voluptas dicta quidem iure nemo. Minima quasi minus consectetur soluta cupiditate.','Quidem earum esse nostrum tempore molestiae consequatur sit ea. Ut alias modi ex tempora perferendis.','2012-04-12 12:36:00','2020-12-17 04:42:11','In consequatur '),(346,346,3,46,'Libero voluptatem et voluptatibus. Molestias pariatur eius eaque accusamus tempora nesciunt qui. Corporis a exercitationem nihil consequatur pariatur dolor aut sit.','Et impedit sit veritatis est tempore dolores. Est nostrum commodi itaque sint quis enim. Sit corporis alias ullam.','Sed in sit id aliquid. Corrupti animi dolorem natus minus voluptatum quod ad. Commodi saepe fugit ducimus officia.','2010-10-05 14:28:00','2020-12-17 04:42:11','Libero voluptat'),(347,347,4,47,'Mollitia ratione accusantium expedita magni voluptatem ducimus ea. Quos ipsum nihil nihil fugiat illo. Nihil eligendi eum labore non dolore est. Molestias illo voluptas voluptates qui.','Adipisci ea omnis voluptatibus id pariatur in. Tempore et vero ex dolorum. Sint et maiores atque quos tenetur et quod.','Non ut autem sed aut inventore. Accusamus porro saepe perferendis. Saepe atque quaerat et delectus quisquam ex.','2010-07-25 20:52:00','2020-12-17 04:42:11','Mollitia ration'),(348,348,5,48,'Quos tenetur in rem ad inventore est. Exercitationem omnis laboriosam veritatis ab fugit. Repudiandae velit ullam illo sapiente est vitae omnis.','Sunt et aut est. Id dolorum quam quod ipsum odio cupiditate aut. Autem necessitatibus dignissimos recusandae nesciunt.','Sed aut quae voluptate assumenda et. Et corporis exercitationem sed. Nihil possimus a facere sed aut.','2018-02-12 16:19:00','2020-12-17 04:42:11','Quos tenetur in'),(349,349,6,49,'Cumque assumenda maiores facilis aut non laudantium. Iure aut natus non consectetur modi autem. Debitis ut itaque dolor voluptatem saepe.','Eos accusantium harum explicabo aperiam quaerat temporibus. Ut voluptatem praesentium ratione dolores et nobis.','Sunt quibusdam dolores ut distinctio rerum est debitis. Accusamus tenetur ut quasi.','2018-06-29 13:27:00','2020-12-17 04:42:11','Cumque assumend'),(350,350,7,50,'Deleniti ullam architecto ullam ut dolorum laudantium. Qui repudiandae dolorem quae porro non autem. Voluptatibus aut accusamus aut et repellat neque id provident. Laboriosam odit hic sapiente fugiat doloribus et nobis.','Ullam rerum pariatur animi dolor culpa. Voluptatem ut et repellat consequatur. Esse vel necessitatibus adipisci dolor.','Aut non ab quod quia sit et. Id unde ipsam nostrum adipisci sunt quibusdam itaque.','2012-12-15 04:00:00','2020-12-17 04:42:11','Deleniti ullam '),(351,351,1,51,'Beatae atque explicabo mollitia velit. Est atque esse sed suscipit et laboriosam. Sit soluta deleniti dolorem veritatis quia ratione.','Dolorem quis fugit repellendus eos corrupti. Tenetur autem rerum dolorum ab placeat voluptas.','Ducimus hic similique libero voluptate voluptate ducimus. Aut dicta voluptas non ut omnis voluptas.','2011-02-21 15:42:00','2020-12-17 04:42:11','Beatae atque ex'),(352,352,2,52,'Distinctio inventore consequuntur adipisci. Qui qui dolor perspiciatis et ut. Repudiandae accusantium ex at sunt et facilis quasi.','Et magnam dolor maxime reiciendis. Reprehenderit nostrum qui et rerum tempora. Nesciunt facilis ipsa aut rem.','Id magni voluptas nihil similique ut. Et adipisci ab modi quasi.','2012-04-12 20:31:00','2020-12-17 04:42:11','Distinctio inve'),(353,353,3,53,'Sed non delectus omnis inventore amet exercitationem qui. Aspernatur pariatur fugiat tenetur quas nostrum. Dolorum eveniet numquam laborum vel quam. Sit eos qui et modi facere delectus.','Itaque tempore laborum esse aliquam totam debitis. Magnam excepturi enim minus ducimus quia. Debitis et magnam ipsam.','Quia voluptas qui porro similique. Perspiciatis aut aut qui sint. Provident sed aspernatur accusamus a fuga vitae.','2011-04-04 22:40:00','2020-12-17 04:42:11','Sed non delectu'),(354,354,4,54,'Atque ex qui dolorem. Nostrum dolorum voluptatem officiis accusantium similique sit.','Sed ad odit qui sint et. Dignissimos voluptatem optio error consequuntur aut.','Totam qui quod ex nemo occaecati. Sit natus delectus aut deleniti omnis eum. Rerum quia provident labore dolore.','2014-02-28 05:13:00','2020-12-17 04:42:11','Atque ex qui do'),(355,355,5,55,'Voluptate qui iusto qui est qui quis laborum ratione. Eos iusto quo sunt atque placeat. Autem sit possimus quidem omnis iste occaecati natus et. Atque consequatur delectus vero est accusamus.','Error nam fuga maxime sit laboriosam. Id fugiat aliquid hic distinctio itaque.','Quia tempora ut ex labore rerum earum. Quo laborum minus commodi aut et. Nulla natus soluta qui repellendus.','2011-10-05 16:18:00','2020-12-17 04:42:11','Voluptate qui i'),(356,356,6,56,'Dignissimos sunt veritatis alias odio ut nesciunt. Illo molestiae qui quod est sunt maxime. Quia rerum iste quia id.','Quia a error ut velit iure necessitatibus. Voluptates nostrum possimus voluptatem. Vero cupiditate eligendi maiores.','Enim explicabo dolore sit nam impedit. Sed vel corporis qui. Consequatur facere et nobis sit nobis quia.','2011-09-15 00:35:00','2020-12-17 04:42:11','Dignissimos sun'),(357,357,7,57,'Et doloremque dolorem natus. Dolores aut dolorem ducimus ipsa neque quia. Voluptate sunt pariatur dolorem laboriosam saepe.','Vel at sed et qui et. Ipsam neque quidem rem est harum ut. Vitae quod impedit est voluptas consectetur praesentium.','Ea cum qui asperiores error. Optio ipsa nulla quae eligendi unde. Omnis qui et quidem aut.','2016-10-15 18:36:00','2020-12-17 04:42:11','Et doloremque d'),(358,358,1,58,'Qui repudiandae sequi in voluptatem. Adipisci accusantium cupiditate ut quae doloremque cum.','Aut architecto voluptas ea et. Blanditiis et sit cumque in. Ab facilis et eaque magnam sunt. Nihil aut qui quod dolor.','Et dolorem laboriosam qui soluta. Quis qui sunt quam consectetur. Sit et et quo vel.','2013-11-21 21:33:00','2020-12-17 04:42:11','Qui repudiandae'),(359,359,2,59,'Nemo vel culpa ea et quisquam. Quis voluptate magni architecto a quasi. Omnis molestiae aut ducimus et totam.','Provident nemo hic laborum ipsam ducimus beatae corrupti. Qui sunt ut itaque vel.','Officiis aliquam voluptatem rerum eum. Sint et id unde voluptas rerum blanditiis sed. Vel mollitia qui ut qui est.','2015-01-23 22:38:00','2020-12-17 04:42:11','Nemo vel culpa '),(360,360,3,60,'Repellat quae quasi sit vero rem. Quae quisquam autem nam fugiat. Consequatur nemo qui nihil aut eligendi qui. Sit quisquam magni et molestias totam qui.','Quo possimus dolorem iusto et est. Quaerat saepe ut natus sed animi. Dicta tempore ut et sint officia.','Voluptatem explicabo qui qui. Odio iusto nobis architecto magnam asperiores non dolor. Corrupti eaque dolor sequi.','2010-10-15 22:11:00','2020-12-17 04:42:11','Repellat quae q'),(361,361,4,1,'Ut et itaque praesentium ipsam voluptatum illum eius. Facilis optio nam voluptas consequuntur unde praesentium porro quia. Sapiente labore totam dolores qui voluptatem consequuntur.','Dolores reprehenderit ducimus tenetur consequatur. Saepe aut impedit id. Sit et qui non natus voluptas.','Nisi nihil iure reiciendis optio. Praesentium et facilis in. Modi quia et vero incidunt.','2014-08-03 01:32:00','2020-12-17 04:42:11','Ut et itaque pr'),(362,362,5,2,'Consequatur exercitationem molestiae et omnis quis magni commodi. Adipisci impedit sequi voluptas sunt optio dolores.','Vitae est et dolores eum. Vero laborum sint dignissimos laborum repellat vel qui. Rem laborum qui nisi consequatur eos.','Modi natus ut vero optio rerum dolor nulla. Fuga est ut quae accusantium qui ut cum.','2017-05-27 14:55:00','2020-12-17 04:42:11','Consequatur exe'),(363,363,6,3,'Facilis dolor voluptatibus aut rerum sint earum accusamus. Et omnis eveniet optio qui velit est. Quo minima id minima eligendi consequatur molestiae omnis in. Perspiciatis commodi dolores sed et nostrum optio.','Mollitia ea qui unde illo. Corrupti sint consequatur provident occaecati.','Ad aut non consequuntur molestiae. Quod est esse dolores. Blanditiis repellendus quo ut consequatur atque consequatur.','2010-06-01 15:22:00','2020-12-17 04:42:11','Facilis dolor v'),(364,364,7,4,'Quo hic recusandae quae ipsa deserunt accusantium. Dignissimos omnis enim quidem non quasi consequatur. Quod inventore eum repudiandae. Aut ut aut est velit quia eum perferendis voluptas.','Sapiente ipsum ad modi quis. Nisi minima dolorem quia ut aut. Dignissimos nostrum porro perferendis.','Dolore veniam non dolores aut. Rerum saepe fugiat pariatur quibusdam. Quam adipisci aut et mollitia voluptas quas.','2010-11-06 03:31:00','2020-12-17 04:42:11','Quo hic recusan'),(365,365,1,5,'Hic et ullam voluptatem placeat id velit rerum voluptas. Eos cum tenetur repudiandae est debitis non.','Quia accusantium deleniti qui officiis iste. Veniam occaecati ullam eveniet aut. Enim quaerat pariatur omnis et.','Quia animi blanditiis nulla dolorem. Sapiente commodi odio nisi nulla voluptas quasi animi.','2015-05-02 12:09:00','2020-12-17 04:42:11','Hic et ullam vo'),(366,366,2,6,'Nulla ut aut omnis tempora perferendis dolorum iure. Asperiores nulla aut molestiae illum quidem laboriosam. Quia nihil voluptatem officiis delectus autem tenetur consequatur. Quo aut non dolorum quam deserunt reprehenderit consequatur eos. Quo a aut qui placeat.','Earum deserunt sit qui vero et modi. Quia nihil commodi possimus laborum. Placeat quod minus est ut at sed in.','Vero voluptas quia alias. Reiciendis ut dolores optio omnis molestiae. Molestiae vero officiis libero assumenda.','2015-03-29 19:24:00','2020-12-17 04:42:11','Nulla ut aut om'),(367,367,3,7,'Qui accusantium mollitia eos impedit ipsam ipsum. Perspiciatis qui nulla enim neque odit fugiat ad suscipit. A hic labore numquam maxime.','Porro consequatur quae magni quo aliquam. Illum autem et rem incidunt.','Maxime minima ipsam illum doloremque qui odit et. Inventore voluptates voluptatem soluta voluptate nam repellat et et.','2012-04-28 20:11:00','2020-12-17 04:42:11','Qui accusantium'),(368,368,4,8,'Harum eius ullam ea ut recusandae nesciunt provident porro. Quaerat molestiae non blanditiis modi. Ipsum odit odio ducimus debitis doloremque maxime odio sed.','Culpa cumque enim aut recusandae magni rerum. Soluta mollitia rerum nesciunt officia qui. Voluptas rerum non suscipit.','Cumque hic sit temporibus porro commodi. Et amet rerum laboriosam est cum quibusdam. Aut recusandae occaecati aut.','2015-02-13 21:42:00','2020-12-17 04:42:11','Harum eius ulla'),(369,369,5,9,'Dolorum ipsum omnis iste quas odit accusantium et. Repudiandae molestias hic est necessitatibus.','Repudiandae dolor ut occaecati. Excepturi et ullam ut omnis. Sint nihil amet similique nemo eos.','Beatae aliquid eius quos expedita. Cumque et vel fugit enim.','2017-05-04 05:32:00','2020-12-17 04:42:11','Dolorum ipsum o'),(370,370,6,10,'Et rerum ipsam libero saepe voluptates. Dolorem deleniti molestiae aliquid pariatur qui. Non et rerum rerum architecto aut sit laborum. Magnam omnis aut harum rem unde esse. Incidunt consequatur velit reprehenderit qui.','Cupiditate soluta itaque voluptatibus voluptas deserunt quas in. Neque ex qui est aut nobis aut tenetur.','Modi hic iste quam. Aut placeat et et autem. Vero blanditiis modi et sed ratione facilis.','2011-03-05 07:00:00','2020-12-17 04:42:11','Et rerum ipsam '),(371,371,7,11,'Molestiae quo quasi quisquam unde ipsam perspiciatis optio. Placeat illum quod voluptas ducimus hic explicabo sed. Aliquid cumque et quidem quia aperiam.','Totam voluptatum repellendus et dolorem numquam non ut. Cumque est dolor odio reprehenderit alias commodi.','Expedita eum earum voluptatem est neque. Architecto accusantium voluptas sit fugiat non quae eligendi.','2010-05-25 14:09:00','2020-12-17 04:42:11','Molestiae quo q'),(372,372,1,12,'Sint qui placeat voluptatem asperiores animi. Vel perferendis voluptas dolorum eum quae. Beatae sed expedita hic. Et nostrum quo excepturi.','Et esse et explicabo aut consequatur. Officiis modi qui id illo. Quia omnis qui repellendus commodi hic sunt.','Laborum similique dolore et illum minus dolores. Sint qui nihil enim.','2012-02-29 20:41:00','2020-12-17 04:42:11','Sint qui placea'),(373,373,2,13,'Minus sed et quia doloribus quia illum. Eos eveniet ut fugit. Debitis delectus mollitia laborum voluptas iusto ut est.','Repellendus esse laudantium commodi eos illum qui sed. Et ea magni qui optio qui aut earum.','Est recusandae at et praesentium incidunt. Natus in laborum exercitationem dolorem repellat eos.','2018-08-23 01:13:00','2020-12-17 04:42:11','Minus sed et qu'),(374,374,3,14,'Numquam ut assumenda placeat ullam. Nihil ea facilis qui facilis omnis ipsum deserunt. Illo quaerat veritatis quisquam nam qui id. Pariatur architecto earum placeat in voluptas nostrum.','Exercitationem accusamus quibusdam autem error et eveniet. Aut aspernatur iste inventore. Est quia optio aut ex.','Nam occaecati omnis sint odio. Voluptatibus similique quidem fuga illum aut. Nostrum velit aut dignissimos hic dolorem.','2016-01-18 11:35:00','2020-12-17 04:42:11','Numquam ut assu'),(375,375,4,15,'Dolor est eum exercitationem rerum. Aut impedit reiciendis aspernatur. Minus omnis modi vel dolorem. Voluptatem autem cupiditate veniam aliquid vitae et voluptatibus. Dolorem quisquam sit qui veritatis dolor aut dolor.','Autem ab et aut voluptatem. Porro est eius aperiam et. Vel et voluptas rerum voluptatibus doloribus dolores ipsum.','Autem est quisquam provident laboriosam culpa laborum. Eos error dicta molestiae omnis at voluptas.','2011-07-16 20:42:00','2020-12-17 04:42:11','Dolor est eum e'),(376,376,5,16,'Quia eligendi voluptatibus iste impedit provident. Reiciendis doloremque aut necessitatibus quasi soluta nesciunt perferendis. Optio et asperiores ducimus quo ea.','Et repellat impedit aut. Doloribus inventore possimus quaerat voluptatum culpa. Quis et delectus voluptatum est quae.','Blanditiis sunt dolorem labore aut. Quia architecto enim commodi cupiditate quis est ratione itaque.','2018-03-26 05:25:00','2020-12-17 04:42:11','Quia eligendi v'),(377,377,6,17,'Cumque accusantium dolorem adipisci ut labore minus et. Delectus tempore non corporis quasi molestiae quo. Adipisci quam velit quae. Minima accusantium est atque praesentium minima. Quia amet sequi quos rerum.','Excepturi dolore culpa dolore tempora quo. Sit dolore corrupti corrupti sint doloribus id repellendus atque.','Omnis debitis inventore omnis sed. Non earum nulla consequatur. Vel nemo fuga ab voluptatibus.','2012-05-20 16:05:00','2020-12-17 04:42:11','Cumque accusant'),(378,378,7,18,'Sed ut totam eum corporis ex quae. Et laudantium qui iure autem. Exercitationem quisquam repudiandae qui quae vero.','Omnis incidunt tempora qui et. Facilis soluta quia sapiente suscipit necessitatibus fugit hic.','Quis ipsam enim et vel et. Qui qui ea quaerat tempore quidem ipsum est. Sed sed sed fugit facilis sequi.','2015-01-21 00:26:00','2020-12-17 04:42:11','Sed ut totam eu'),(379,379,1,19,'Atque iure sint qui minus totam. Rerum tempore voluptatem ut voluptatem rerum voluptatum excepturi consequatur. Fugit dolores suscipit qui velit. Tempore quaerat beatae tempora velit magni quis.','Ex iste id vitae vero voluptatem. Quisquam optio et facere aliquam. Ex est aut voluptatem nesciunt non.','Ea tempora fugiat laborum consequuntur dolorum quia culpa quis. Asperiores sapiente eos ratione voluptas et.','2014-04-13 17:24:00','2020-12-17 04:42:11','Atque iure sint'),(380,380,2,20,'Ut explicabo officiis atque et voluptatibus fuga. Impedit molestiae et aspernatur qui pariatur enim. Est vitae repellat aperiam enim id aliquam. Debitis similique ad cumque.','Vero et ut aspernatur rerum aliquam. Eum nam est mollitia voluptates iste. Vitae et ut dicta aut ipsam.','Accusantium quia aspernatur illum libero quos. Earum est labore eius perspiciatis enim quae.','2015-03-02 18:28:00','2020-12-17 04:42:11','Ut explicabo of'),(381,381,3,21,'Fugiat alias sit praesentium itaque iusto. Sint consectetur ducimus sunt tempora. Voluptas et voluptatem est. Vel amet eaque eius veniam.','Rem amet consectetur aut. Dolorem animi ea rerum quo. Voluptas modi est id expedita quos.','Voluptas sunt nemo et consequatur ea rerum atque. Explicabo minus in iste unde consequatur.','2014-07-23 17:15:00','2020-12-17 04:42:11','Fugiat alias si'),(382,382,4,22,'Laborum accusantium incidunt dolores in ipsum. Occaecati perferendis eum deserunt praesentium. Alias sapiente non optio eos.','Eligendi asperiores iusto labore rerum. Cumque harum explicabo voluptas at aliquam saepe ut. Porro qui eius id ratione.','Sit ea numquam veniam temporibus facere. Quia labore molestiae veniam repudiandae iure. Aut tempora omnis optio.','2018-02-28 04:47:00','2020-12-17 04:42:11','Laborum accusan'),(383,383,5,23,'Dolorem sit et sit excepturi. Beatae sit doloribus et id. Quo doloremque ut nam libero velit enim dolorem provident. Explicabo aut pariatur dignissimos perspiciatis.','Sed fuga at perspiciatis omnis. Ab ut blanditiis illum laborum eos et dolores.','Nam eius a quo. Et animi sint ut natus rerum voluptates ut. Nemo asperiores voluptate qui expedita.','2018-12-22 14:20:00','2020-12-17 04:42:11','Dolorem sit et '),(384,384,6,24,'Excepturi reprehenderit totam qui et eveniet. Eaque accusantium deserunt rem et autem. Dicta unde quaerat nisi numquam. Officiis quod minima earum fugiat.','Aperiam eos consequatur est consequatur. Et et dolores culpa nulla. Quae ipsam optio nihil provident.','Culpa officia sint explicabo sit. Deleniti dolores enim deleniti error quia dolor eveniet.','2012-01-03 09:41:00','2020-12-17 04:42:11','Excepturi repre'),(385,385,7,25,'Rem non voluptatum quia cumque soluta. Sequi est rem eveniet dolor tenetur veniam. Nemo libero nobis commodi aut ipsam. Quae optio dicta sint qui rerum ut officia.','Non quo eos nulla non at. Fugit minima corporis ea nobis aliquam quis.','Laboriosam corrupti eos est eius. Voluptate inventore provident atque cumque. Tempore esse molestiae facere odio ipsa.','2013-08-21 23:35:00','2020-12-17 04:42:11','Rem non volupta'),(386,386,1,26,'Sequi voluptatem sit officia rerum dolores quae soluta exercitationem. Asperiores iure qui perferendis. Odio et quia adipisci voluptatem beatae accusantium.','Nemo deleniti temporibus eius. Vitae recusandae aut eaque cumque quia.','Animi id quia et facilis. Ducimus velit perspiciatis quibusdam possimus. Ipsam pariatur ea hic et quo corrupti ipsum.','2014-12-11 14:16:00','2020-12-17 04:42:11','Sequi voluptate'),(387,387,2,27,'Assumenda quos reiciendis consectetur sit nobis. Temporibus cumque blanditiis perferendis ut ipsam veritatis et. Animi dolorem alias sit. Est placeat est et aspernatur inventore atque.','Occaecati non voluptatem perspiciatis perferendis. Consectetur omnis sed aut sapiente. Minus sunt est atque.','Laborum omnis cumque sit. Eius blanditiis tenetur ducimus sint.','2013-10-20 15:08:00','2020-12-17 04:42:11','Assumenda quos '),(388,388,3,28,'Et accusamus facilis aut aliquam. Explicabo officiis debitis aspernatur porro. Vel sit explicabo ducimus sit accusamus eum distinctio qui. Dolorum porro voluptatem tenetur provident amet voluptas.','Vitae velit molestiae laboriosam iste esse illo. Accusamus laboriosam quia quis ratione.','Ad facere ad aut. Quidem illum et omnis quis.','2018-07-03 15:54:00','2020-12-17 04:42:11','Et accusamus fa'),(389,389,4,29,'Culpa quis est non nihil. Modi natus facilis voluptas doloribus similique sint. Repellat quis repudiandae voluptate optio officia non sed. Qui architecto cumque delectus excepturi sed.','Perspiciatis aut iusto vel illo recusandae quis voluptas. Qui itaque ipsum quia. Non debitis autem dolorem.','Sapiente voluptatem tempore perspiciatis voluptatem. Dolor ipsam non inventore quidem tempora. Porro nesciunt et et.','2016-10-16 06:53:00','2020-12-17 04:42:11','Culpa quis est '),(390,390,5,30,'Delectus soluta eum commodi et. Quia eligendi alias incidunt aspernatur saepe laboriosam quia. Atque dolores possimus quisquam sunt magnam doloribus. Sed dicta quaerat incidunt eos nisi.','Et ipsa illo autem sunt aut non. Tempora quos a ut nobis ut sit quas. A perspiciatis et id doloribus.','Corrupti autem placeat consequuntur debitis sit voluptatum. Earum et ea atque occaecati debitis.','2018-06-19 17:24:00','2020-12-17 04:42:11','Delectus soluta'),(391,391,6,31,'Et architecto iste nihil aut aut. Dolores adipisci blanditiis reiciendis omnis distinctio aliquid autem aperiam. Tempore non non dolore sunt. Vitae fuga accusantium eius rerum exercitationem voluptas incidunt.','Et itaque ab fugit temporibus. Est quo et qui distinctio rerum nam. Aperiam porro ea et laborum amet quae sint magni.','Consequatur natus omnis facere atque placeat. Ea dolorem eos veritatis et.','2016-09-11 05:14:00','2020-12-17 04:42:11','Et architecto i'),(392,392,7,32,'Perspiciatis tenetur nemo nihil quidem veritatis impedit. Est rerum amet sint. Minus tempora sit necessitatibus accusamus voluptas vel.','Est ex fugit modi magnam et illo et. Debitis eveniet sunt unde saepe atque dignissimos dolor.','Est atque illum voluptates velit. Eos ea ullam voluptatem. Enim exercitationem quia quidem sunt cumque.','2012-01-13 15:12:00','2020-12-17 04:42:11','Perspiciatis te'),(393,393,1,33,'Itaque perferendis eveniet vel ab dolor facere iure. Eos nam itaque ab illo officia dolor amet. Consequuntur placeat harum quo.','Necessitatibus perferendis autem in. Autem itaque corporis debitis minus velit laborum.','Quo vel earum dolorum tempore rem. Perspiciatis nam dicta sit soluta ab facere vel. Aut aut autem dolor in.','2015-02-20 00:46:00','2020-12-17 04:42:11','Itaque perferen'),(394,394,2,34,'Neque incidunt quibusdam rem neque laborum consectetur doloribus. Eum vel quo quasi et deleniti sunt in.','Molestiae dolorum occaecati dolorem temporibus. Ad a est in neque at. Nam mollitia eaque aliquam reprehenderit.','Alias voluptas ipsum esse modi. Architecto cumque sed est incidunt placeat temporibus.','2013-10-24 11:57:00','2020-12-17 04:42:11','Neque incidunt '),(395,395,3,35,'Neque occaecati itaque porro quisquam et. Voluptatem tempora saepe sint commodi expedita vel et. Voluptatem illo earum laudantium tempore esse.','Quod pariatur dolores atque. Ut atque nihil nam non quasi saepe. Repellat omnis autem et magnam enim.','Fugit aut rerum veniam fugiat quod. Accusamus eum inventore quae est ut non. Cum sed cumque et qui.','2014-03-29 15:02:00','2020-12-17 04:42:11','Neque occaecati'),(396,396,4,36,'Esse id totam est aut tenetur iure sit sapiente. Vitae molestiae rerum totam dicta ipsa sint alias. Sint cupiditate deserunt dignissimos dolor sed.','Facere accusantium natus a qui numquam. Sed consequatur quidem fuga est non aut.','Nostrum eligendi quas iusto dolore. Repellendus natus sunt saepe ut similique ipsum nam. Vel sunt quia quia culpa.','2013-01-31 19:30:00','2020-12-17 04:42:11','Esse id totam e'),(397,397,5,37,'Dolor odio sint impedit tenetur et animi. Cum et eligendi accusamus perspiciatis delectus ducimus sint. Eius ex cupiditate molestiae maxime sint reiciendis delectus corporis.','Et laborum ipsum sit sapiente. Distinctio delectus accusamus quia necessitatibus quia eum.','Atque quo eum aut fuga consequatur aliquam. Et nam quaerat et inventore. Iusto quasi dolorem dolorum consequatur.','2013-07-21 01:26:00','2020-12-17 04:42:11','Dolor odio sint'),(398,398,6,38,'Ipsa in minima sapiente eveniet optio maxime qui. Repellendus voluptatem perspiciatis doloribus cupiditate ut voluptatem non. Doloremque aut rerum illo id est adipisci.','Molestiae placeat autem earum. Aliquam voluptate animi culpa architecto et quis dolore voluptas. Et aliquid est et.','Inventore quidem modi omnis est a. Neque quia ipsa ipsa dolor quaerat ipsa quidem.','2010-05-13 20:54:00','2020-12-17 04:42:11','Ipsa in minima '),(399,399,7,39,'Omnis eaque et ab beatae assumenda corrupti. Aut accusamus nam corporis beatae dolor culpa. Sed et excepturi voluptatem ut. Aspernatur et nam sint voluptates nesciunt quas. Aperiam labore doloribus provident voluptatibus excepturi ea distinctio.','Quibusdam nesciunt nam animi natus accusantium ab asperiores. Et similique error voluptatem.','Hic harum alias sed. Voluptas rerum alias sint ad magnam eos. Harum sit quidem et dolorum.','2016-06-02 10:12:00','2020-12-17 04:42:11','Omnis eaque et '),(400,400,1,40,'Amet reiciendis sed veritatis. Numquam eos iure deserunt minima hic placeat. Temporibus explicabo officiis vel harum. Minus soluta a quidem reprehenderit et et.','Earum qui ipsam sunt et provident. In veniam rerum rem perspiciatis at quo error. Ea dolorem a et quis consequuntur.','Voluptatem qui fugiat ratione. Alias soluta iure et iure. Qui rem ab ut corrupti. Rem et sit aut dolores enim.','2017-08-01 13:11:00','2020-12-17 04:42:11','Amet reiciendis'),(401,401,2,41,'Ut voluptatibus blanditiis impedit esse in tenetur dignissimos. Unde molestias exercitationem quia est non cupiditate eos. Delectus quis ex dicta et dolorem ea quia. Aut et sint et veniam qui magnam voluptas.','Iusto omnis quasi doloremque corrupti ab eveniet et. Eum vero consequatur eaque velit ut nam.','Quibusdam repellendus nobis sint vero. Consectetur atque aut sit similique accusamus in exercitationem.','2011-03-17 01:54:00','2020-12-17 04:42:11','Ut voluptatibus'),(402,402,3,42,'Laboriosam et explicabo labore sed commodi sit. Ut laborum omnis amet. Possimus ea sapiente laboriosam id. Molestiae reprehenderit dolore impedit iusto.','Non nostrum saepe nemo. Cum alias ea ea eius provident deserunt quia aut. Fugiat voluptate et eum illum dolores eos ut.','Distinctio rerum necessitatibus ea saepe modi sit. Modi libero quo maiores molestiae fugiat.','2016-07-24 07:04:00','2020-12-17 04:42:11','Laboriosam et e'),(403,403,4,43,'Enim doloremque omnis nihil ut fuga molestiae ullam. Placeat est est impedit odio praesentium illo quia. Architecto autem corrupti quos occaecati at. Adipisci sunt nam in soluta quibusdam.','Qui dolor a temporibus qui. Qui maxime delectus quo velit. Deserunt et impedit aut et aut aut at.','Veritatis enim delectus ut alias sit. Et consectetur nobis rerum temporibus nihil.','2013-09-01 17:20:00','2020-12-17 04:42:11','Enim doloremque'),(404,404,5,44,'Porro ut ab suscipit. Consequatur adipisci id aut et amet veniam omnis. Accusamus et consequuntur nostrum voluptate mollitia. Velit reprehenderit a fugiat architecto quia nisi iusto. Distinctio vero ipsum est.','Modi aut nostrum quod qui. Id rerum ut nobis. Sapiente id illum assumenda soluta sunt tempora.','Earum voluptas enim excepturi qui cumque. Deserunt architecto eum et vel eius. At ad nam fugiat illo enim et.','2012-08-08 22:27:00','2020-12-17 04:42:11','Porro ut ab sus'),(405,405,6,45,'Cum aut impedit sed. Dicta non voluptatum assumenda quas possimus non quasi. Et et nemo iusto qui.','Repellat nihil ullam tempora molestias fugiat et. Ex sunt rem voluptates. Ut fugiat provident aut rem eaque.','Quos iusto vero mollitia vel. Corporis porro repellat ut aut enim.','2017-11-22 04:27:00','2020-12-17 04:42:11','Cum aut impedit'),(406,406,7,46,'Repellendus excepturi cupiditate cum perferendis dolore dicta ut sunt. Temporibus at alias voluptas vel debitis id voluptates. Id quos explicabo blanditiis quasi. Debitis quis exercitationem voluptates et et error.','Explicabo qui laboriosam aut qui. Eligendi cupiditate culpa in aut nihil et sit. Veniam illum quia tenetur dicta.','Consequatur sed nostrum commodi voluptas. Suscipit dolorum ratione tenetur magnam nostrum ipsa voluptatem adipisci.','2017-02-04 06:54:00','2020-12-17 04:42:11','Repellendus exc'),(407,407,1,47,'Eius nisi hic perspiciatis aut et voluptas et. Error rem sequi incidunt sapiente fugit. Totam vel sed eius veritatis.','At optio ut illo natus distinctio qui. Qui et repellendus dolores modi tempora.','Maxime quis itaque est aspernatur sunt iusto omnis. Aut officia magni vel. Rerum velit maiores maxime optio facilis.','2012-10-25 12:16:00','2020-12-17 04:42:11','Eius nisi hic p'),(408,408,2,48,'Dolore explicabo et et expedita. Occaecati ipsa autem deleniti eaque cupiditate sunt. Eligendi qui soluta ad consequatur ut sunt. Dolor cupiditate non dolore libero.','Molestias modi autem est. Id nam voluptatum voluptatibus mollitia consequatur qui facilis.','Esse optio ut sunt animi sunt aut inventore. Ad cupiditate laboriosam animi impedit. Nihil eveniet deleniti aut ipsam.','2011-02-25 17:11:00','2020-12-17 04:42:11','Dolore explicab'),(409,409,3,49,'Recusandae consequatur nobis tenetur veritatis dolores dolorum. Est illum vero tempore commodi enim. Architecto unde ut non.','Voluptatem voluptas atque blanditiis qui. Accusamus qui maxime sequi qui. Est occaecati quas porro possimus culpa.','Modi delectus autem ab incidunt. In dolorem corporis est id nesciunt impedit.','2017-06-01 07:04:00','2020-12-17 04:42:11','Recusandae cons'),(410,410,4,50,'Excepturi sit voluptatem laudantium ut quasi laudantium illo. In tempora consequatur eum qui. Voluptate sapiente facere dolorem voluptatem et vero.','Cumque cupiditate nostrum et quis itaque. Voluptas laboriosam aut natus veritatis.','Fugit unde nulla labore et. Ut vel beatae eos sequi. Nobis laborum rem ut et quos dicta pariatur dignissimos.','2018-05-19 04:55:00','2020-12-17 04:42:11','Excepturi sit v'),(411,411,5,51,'Et omnis facilis neque. Soluta veniam adipisci labore. Explicabo doloremque eos ab et eos temporibus.','Placeat illo eum vel. Quibusdam laudantium totam perferendis qui accusantium.','Perspiciatis voluptas nisi et nesciunt deleniti sunt. Facilis in voluptatem magnam libero ipsum quia blanditiis.','2016-07-10 04:26:00','2020-12-17 04:42:11','Et omnis facili'),(412,412,6,52,'Molestiae officia libero consequatur. Id temporibus omnis possimus odit temporibus recusandae molestias. Sit ad animi nisi.','Qui qui ut aut mollitia. Eos est reiciendis laboriosam eum. Numquam ex repellat qui omnis ipsam magnam.','Quam est voluptates consectetur mollitia aut. Sapiente porro magnam a quae et nulla.','2012-04-17 13:30:00','2020-12-17 04:42:11','Molestiae offic'),(413,413,7,53,'Quos minima eos mollitia eum ratione cumque reiciendis aut. Est exercitationem et quia minima. Ad sunt iure vel alias blanditiis ut atque perferendis. Doloribus soluta placeat molestiae minima. Sint ipsa a natus.','Aut libero ad sunt reiciendis omnis fuga beatae. Quia non rerum esse.','Dignissimos velit qui vel. Quis sed delectus ut porro illum corporis. Sed temporibus amet rerum.','2017-09-19 21:43:00','2020-12-17 04:42:11','Quos minima eos'),(414,414,1,54,'Sit et ad dolorem ex facere. Provident nemo at omnis dolor sequi sunt necessitatibus. Dolorem hic quis quia accusantium nam expedita et. Est dolore qui tempora velit. Facere quisquam temporibus enim neque laborum.','Sit sint molestias enim ut. Soluta rem tenetur placeat repellat soluta.','Veniam debitis quis deserunt aut quis eos. Natus voluptatibus labore natus commodi. Omnis molestiae et non.','2016-11-06 18:19:00','2020-12-17 04:42:11','Sit et ad dolor'),(415,415,2,55,'Quos aperiam nihil et vel. Perspiciatis excepturi cumque unde delectus ut. Quisquam voluptatem consectetur eligendi.','Ut est maiores rerum voluptatibus. Dolores saepe vitae molestias ut. Fuga quis inventore impedit sint sed qui dolorum.','Ut deleniti adipisci iure incidunt. Quod beatae quis quasi est quis quia cumque.','2017-03-01 17:50:00','2020-12-17 04:42:11','Quos aperiam ni'),(416,416,3,56,'Rerum nihil et fugiat distinctio perspiciatis omnis. Impedit pariatur est voluptates fugiat. Quibusdam repudiandae ullam cumque dignissimos deleniti quo. Rem ad possimus aliquam ea.','Vitae explicabo facilis dicta nihil voluptas iste ipsam. Officia tempore dolorem quia deserunt sit quaerat.','Consequatur a itaque non et expedita. Officia quia cum ullam unde rerum et. Ea tempore dolore quia.','2017-12-12 17:06:00','2020-12-17 04:42:11','Rerum nihil et '),(417,417,4,57,'Dolor ab temporibus eum sed. Reiciendis deleniti velit sapiente est. Aut sed aliquid tempora impedit a.','Rerum quod qui odit ut hic unde. Et et ab maiores modi. Qui aliquid delectus sunt voluptates quisquam.','Sed ut ducimus autem. Nihil et rem iusto quasi at expedita accusantium. Non incidunt voluptatum cum et iusto ea.','2017-01-11 17:17:00','2020-12-17 04:42:11','Dolor ab tempor'),(418,418,5,58,'Est ex nisi eos unde esse error aliquam. Autem ut provident officia quis nihil ut sunt omnis. Aut quam deserunt porro porro expedita dolorem.','Porro ullam ea harum est at. Delectus molestias et eligendi tempora enim est. Non quaerat cupiditate quia.','Et consectetur nihil eligendi hic rerum. Quibusdam voluptatem culpa quia soluta. Ut tenetur est atque.','2011-11-29 17:22:00','2020-12-17 04:42:11','Est ex nisi eos'),(419,419,6,59,'Ipsam vel velit earum. Eos et aspernatur doloremque quia. Quo dolorem et sequi accusamus. Et et eaque nisi fugit occaecati.','Quaerat placeat eos nobis. Unde et autem aspernatur officiis.','Tempore sed explicabo inventore. Sed ut nesciunt quia libero nisi. Sed quia amet error id voluptatem ut.','2013-02-06 00:39:00','2020-12-17 04:42:11','Ipsam vel velit'),(420,420,7,60,'Ipsam voluptas et exercitationem officiis alias repellat voluptatibus. Vero repellat cumque nihil sint. Asperiores tempora ut consectetur.','Deserunt est repudiandae sed in. Vel ut modi asperiores possimus ut voluptatem. Consequatur qui quo sequi cupiditate.','Eos et aspernatur sed enim. Deserunt aspernatur incidunt et incidunt. Necessitatibus exercitationem esse qui.','2016-02-11 17:08:00','2020-12-17 04:42:11','Ipsam voluptas '),(421,421,1,1,'Est hic voluptas et incidunt ea eos. Et suscipit aut vel quis accusamus quaerat. Quo laudantium praesentium voluptatem nesciunt explicabo ut. Repellendus sunt iure quis cum sed officia.','Dolor sapiente ut ex qui itaque in. Id corrupti est omnis ipsum. Perspiciatis quia sed non rerum nam.','Accusamus impedit ut odit debitis est. Et nesciunt vitae aut sint dolorum quae consectetur.','2016-12-15 09:00:00','2020-12-17 04:42:11','Est hic volupta'),(422,422,2,2,'Quibusdam exercitationem animi at alias. Dolorum dolorem at rerum rerum. Sapiente velit sit optio nobis deleniti tempora a.','Ad debitis natus aperiam laudantium delectus tempora. Eaque ipsam excepturi autem dicta pariatur quasi.','Asperiores quo accusantium veniam doloremque culpa repellendus. Voluptas qui quasi ratione.','2014-06-18 01:35:00','2020-12-17 04:42:11','Quibusdam exerc'),(423,423,3,3,'Esse qui deserunt non consectetur possimus laborum beatae. Dolor dolorum magnam consequatur animi sunt unde molestiae alias. Dicta saepe quia ratione veniam dolore omnis omnis.','Atque et dolorem quisquam eos. Saepe et laudantium impedit inventore ut enim. Aut modi cupiditate dolorum expedita.','Sequi voluptas occaecati ut facere et earum deleniti. Dolore sunt excepturi velit amet quibusdam.','2014-12-12 14:46:00','2020-12-17 04:42:11','Esse qui deseru'),(424,424,4,4,'Temporibus quia quia odit laborum ut. Repellendus esse unde exercitationem aspernatur odit.','Est quidem et voluptas facilis ipsa veritatis. Ut ipsa vero omnis eius aut. Architecto in omnis velit.','Sint libero facere error. Magnam aperiam eveniet quam expedita aperiam. Quam nesciunt est et fuga omnis ipsa.','2016-02-23 12:23:00','2020-12-17 04:42:11','Temporibus quia'),(425,425,5,5,'Nam quia est ab praesentium. Adipisci a qui vitae est dolore voluptas rerum. Tempore harum facilis sed perspiciatis cupiditate voluptates in asperiores.','Ut aut reiciendis vel quia. Dolores tenetur ea tempora. Sed quia culpa ipsa voluptatum.','Debitis voluptatem dolore officiis. Vero sed reiciendis vel. Eaque ea et voluptatum et quia odit repellendus molestiae.','2011-07-18 10:46:00','2020-12-17 04:42:11','Nam quia est ab'),(426,426,6,6,'Optio odio illum ipsam harum ea dolorem. Natus dolor vel laboriosam quos sed. Ratione ea quaerat adipisci itaque voluptatem. Rem quidem molestiae corrupti.','Incidunt asperiores ut ut fuga non rerum architecto voluptatem. Quam necessitatibus iusto ea rerum voluptas.','Veniam natus natus facere assumenda. Itaque expedita omnis sed quo et voluptas sapiente ut. Esse hic eius est quis.','2018-08-26 07:46:00','2020-12-17 04:42:11','Optio odio illu'),(427,427,7,7,'Optio ut magni ex. Voluptatem incidunt aut omnis distinctio molestias numquam dolorum. Eum aut blanditiis quibusdam aut omnis expedita maiores.','Sint voluptate maiores sed. Ipsa quo qui aspernatur aut. Ipsam dolor voluptas sit soluta. Ad quas ducimus aperiam odit.','Esse cum quasi illo. Qui dolores reiciendis tempore et nihil. Doloribus provident commodi odit ullam.','2018-01-03 18:41:00','2020-12-17 04:42:11','Optio ut magni '),(428,428,1,8,'Molestias illum eaque dolores accusantium voluptatem dolore ipsam fuga. Quasi dolorum ad ullam. Ducimus maiores enim numquam ea exercitationem ut eaque quisquam. Quis debitis atque eum et cum.','Tenetur ut ut in illo ut eum ut. Soluta quasi natus ratione repudiandae aut. Modi animi ut nobis non porro.','Debitis asperiores ratione reiciendis dolorum fugiat. Dolorem qui voluptatibus minima eum velit nisi repellat.','2014-12-24 02:05:00','2020-12-17 04:42:11','Molestias illum'),(429,429,2,9,'Sit totam corporis fugit non minima aut. Beatae aliquid incidunt est ut commodi aut eaque. Est illum recusandae non nisi est odit vel.','Et id dolor iusto voluptas dolore totam consequatur. Aspernatur sed et repellat veniam enim perferendis.','Optio magni et voluptas occaecati. Quas magni fugit dolores doloremque voluptas odit sit earum.','2018-11-16 18:20:00','2020-12-17 04:42:11','Sit totam corpo'),(430,430,3,10,'Voluptate dolorum harum esse excepturi eveniet omnis. Repudiandae molestiae repellendus accusantium veritatis aut. Et quam voluptas ipsum. Quaerat culpa accusamus suscipit.','Qui sit id optio et ut autem. Excepturi est ipsam officiis qui.','Qui non mollitia corrupti. Enim et earum non itaque. Vel iure sed blanditiis non labore dolores voluptatem.','2010-11-18 22:55:00','2020-12-17 04:42:11','Voluptate dolor'),(431,431,4,11,'Iure minima consequatur reiciendis. Quo magnam voluptatem quae amet sit veniam. Porro quam natus aut dicta nam. Qui ea sed nulla suscipit voluptate.','Magni repellendus molestias autem eum harum. Quia cupiditate est consectetur quos iste sed.','Sit ipsam dicta doloremque molestiae at saepe sit. Esse dicta id veritatis et eum dolorem. Omnis ut et et consequuntur.','2016-10-30 22:06:00','2020-12-17 04:42:11','Iure minima con'),(432,432,5,12,'Numquam recusandae natus eligendi iusto. Corrupti soluta debitis voluptas voluptatem excepturi aperiam enim. Tempora enim hic excepturi sit.','Quis dolor et temporibus praesentium non et autem ut. Sit minima officiis ut et velit est ut deserunt.','Sed laudantium dolorem explicabo maiores. Ullam sunt et et. Delectus voluptas at nobis ea quidem. Ab optio ad sint id.','2013-11-14 05:36:00','2020-12-17 04:42:11','Numquam recusan'),(433,433,6,13,'Asperiores corrupti id et ipsum tempore et. Eius qui consectetur facere molestias ipsa voluptates. Quia ut repudiandae et ut aut doloribus.','Sint voluptatem quod aut porro. Voluptas rerum enim modi. Officia et facere neque non.','Est vitae aut nemo excepturi. Asperiores ut aut sunt. Expedita iure et eos iste eius a.','2010-01-04 20:19:00','2020-12-17 04:42:11','Asperiores corr'),(434,434,7,14,'Porro dolorem iure accusamus. Sint consequatur reiciendis ut quia minus. Voluptas et tempora harum quia. Dolore saepe voluptate qui consequatur doloribus.','Velit optio dolores et et. Saepe nemo aut eum et. Incidunt quis et nihil nostrum repudiandae.','Qui fuga dolores modi impedit. Ipsum officiis nostrum ut facilis. Quae rerum recusandae eum repellat.','2011-09-05 17:41:00','2020-12-17 04:42:11','Porro dolorem i'),(435,435,1,15,'Nulla qui amet odit odio eos. Debitis amet hic esse amet eligendi nam veritatis.','Voluptate commodi alias tempore et dicta aperiam. Distinctio ab sit modi voluptatem totam consequatur quas.','Adipisci et quibusdam et suscipit sequi. Qui omnis qui voluptatem non libero molestias.','2017-07-25 01:38:00','2020-12-17 04:42:11','Nulla qui amet '),(436,436,2,16,'Molestiae qui voluptates corrupti laudantium et asperiores non. Ea provident sed doloribus quia culpa voluptas. Et ratione harum consectetur ut qui aliquam. Veritatis explicabo dolore provident dolorem.','Omnis cupiditate tempore vero odit rem vel. Qui laudantium asperiores quia molestiae.','Quia placeat et laboriosam odio occaecati aut. Ea fugiat nemo cum omnis. Et corporis id excepturi perspiciatis.','2017-11-05 20:20:00','2020-12-17 04:42:11','Molestiae qui v'),(437,1,3,17,'Enim quia placeat quidem et earum. Cum quam dolores sed illum omnis.','Consequuntur pariatur culpa omnis. Et est maiores voluptas. Est voluptates consectetur sunt quae autem sit quae quo.','Laudantium ut impedit modi quia accusantium aut. Sit nulla ea omnis magni eos iure. Mollitia eveniet quod in ad fuga.','2014-04-21 21:17:00','2020-12-17 04:42:11','Enim quia place'),(438,2,4,18,'Consectetur sunt consequatur exercitationem voluptate et omnis adipisci voluptate. Commodi alias nostrum iste eos. Assumenda et deleniti quia dolorem distinctio. Ipsam voluptatem rerum id sint voluptatem perspiciatis.','Quibusdam tempora quibusdam a possimus dolorem dolor similique doloribus. Sed qui quam optio tempore consequatur culpa.','Eius quibusdam rerum mollitia molestiae. Perferendis laborum nesciunt sed. A fuga maiores qui.','2017-03-12 07:36:00','2020-12-17 04:42:11','Consectetur sun'),(439,3,5,19,'Quam ipsam adipisci est est voluptas error sit voluptate. Libero error beatae accusantium voluptatem qui veritatis voluptatem. Quo eligendi doloribus mollitia reprehenderit.','Dolor voluptatem est a cum. Aliquam autem consequatur eum nemo ea doloremque. Vero magni et sed quam quo dolor.','Asperiores a et architecto fuga sit. Dolorem nostrum id voluptate. Dolor aperiam aperiam saepe dolor.','2013-09-30 21:48:00','2020-12-17 04:42:11','Quam ipsam adip'),(440,4,6,20,'Nam odio vel et nulla quidem voluptatem. Asperiores blanditiis et quaerat voluptatem quis. Ea delectus facilis rerum ea et doloribus. Ea id quis labore iusto accusamus ut.','Eum cumque recusandae et ut id voluptas consequatur. Iste velit omnis sint nam. Sequi ab velit quia quia.','Non illum ut atque et velit sed. Sint eos soluta fugit quis et ipsam.','2012-09-28 12:25:00','2020-12-17 04:42:11','Nam odio vel et'),(441,5,7,21,'Modi modi enim accusantium dolorem dignissimos dolorem. Non neque nulla dolore.','Eaque incidunt eligendi doloribus non. Et et error sed itaque et accusamus.','Eum enim aut consectetur facilis est eius. Quas dolores tempora optio aut atque quo. Ut laborum ipsam facilis.','2013-11-14 18:00:00','2020-12-17 04:42:11','Modi modi enim '),(442,6,1,22,'Consequatur autem dolorem rerum est. Explicabo et et enim ea provident modi. Necessitatibus et non quis velit aut. Dolor saepe aliquid molestiae odit.','In repellat aspernatur dicta assumenda ipsum. Officiis officiis dolor et enim porro.','Sit quo illo sed vitae quas officiis aspernatur aliquid. Ut amet illum ut officia at accusamus praesentium.','2016-05-01 18:48:00','2020-12-17 04:42:11','Consequatur aut'),(443,7,2,23,'Sunt qui rerum in minima ex illum cumque laudantium. Perspiciatis in impedit sunt vero quis a dolorem eius. Fuga voluptas aut animi aut. Odio asperiores quo sed ad ea odio nihil.','Dolorem autem veniam facilis. Omnis praesentium expedita animi quia. Possimus ex voluptatem rerum inventore.','Ipsa perspiciatis id velit distinctio soluta incidunt eius. Quam ut perspiciatis molestias corporis nobis voluptate.','2017-12-19 00:27:00','2020-12-17 04:42:11','Sunt qui rerum '),(444,8,3,24,'Maxime eos quia et. Ut sunt aut voluptatem.','Voluptas assumenda possimus quis. Autem libero nulla iusto quia aut ut qui.','Ratione nostrum eligendi harum dolorem eos minima. Ad deserunt dolorem tenetur veniam quisquam vero voluptatibus.','2010-11-18 09:59:00','2020-12-17 04:42:11','Maxime eos quia'),(445,9,4,25,'Ut et aspernatur facilis expedita cumque facilis. Ducimus unde quam occaecati ea. Non possimus explicabo ut consequuntur et laborum dolorem dolores. Ut placeat sit consequatur nemo ipsa et minus quia.','Et error nisi autem natus nisi totam libero. Ut rem et dicta aut ex. Ut optio perspiciatis omnis est rerum nesciunt ut.','Error magni corporis quos labore. Autem ipsa aut inventore a quasi rem cum. Voluptatem qui recusandae at ea.','2011-03-09 15:01:00','2020-12-17 04:42:11','Ut et aspernatu'),(446,10,5,26,'Maxime hic molestias repudiandae expedita non voluptatem doloremque et. Assumenda odio et nobis laboriosam et. At enim quas facere voluptatem.','Atque cumque ducimus eveniet et consequatur aut quia. Ut hic veniam quia voluptatem sint. Et quidem nihil velit totam.','Eos et ipsam autem ex nam. Enim omnis earum saepe voluptas ullam. Quo officia corrupti aspernatur voluptatibus.','2014-04-19 00:03:00','2020-12-17 04:42:11','Maxime hic mole'),(447,11,6,27,'Eveniet perferendis in voluptatibus cumque adipisci libero. Dignissimos corporis animi consectetur molestiae natus. Quia eaque et ratione et aut voluptas pariatur minima.','Est in quos dolorem corporis ipsam et. Est et at reprehenderit et. Provident quibusdam voluptas vel culpa commodi.','Vero enim pariatur impedit adipisci. Esse fuga voluptas fugiat. Aut impedit voluptatibus dicta non aut.','2014-06-19 02:22:00','2020-12-17 04:42:11','Eveniet perfere'),(448,12,7,28,'Provident autem officia et optio voluptas quisquam. Modi sequi nesciunt aut optio. At temporibus sequi unde asperiores aperiam quos. In ullam et sed.','Ut explicabo corporis qui. Necessitatibus ducimus quis et placeat ea eaque molestias. Sed fuga nam nulla dolores rem.','Nemo blanditiis ut ipsam cum. Sit maiores fugit ea non veritatis est aliquam. Consequatur aut et ut autem quis nihil.','2017-10-23 23:43:00','2020-12-17 04:42:11','Provident autem'),(449,13,1,29,'Possimus et incidunt consequatur commodi. Expedita facere qui ullam. Deleniti amet commodi est doloremque.','Autem earum et ut. Alias doloremque commodi ullam id eum. Voluptatem et adipisci iste incidunt quae.','Sed inventore et fuga id. Exercitationem accusantium dolore et quis aut id. Sed sed quod qui voluptatem ab.','2013-12-14 20:15:00','2020-12-17 04:42:11','Possimus et inc'),(450,14,2,30,'Ut et corporis expedita iusto consequatur. Qui adipisci libero quod ut quisquam laudantium porro ab. Nemo et neque sunt temporibus maxime. Et mollitia sequi voluptas omnis ipsum totam.','Voluptate iusto perferendis enim aut nesciunt. Unde non repellendus itaque. Eos quaerat quasi numquam cumque maxime.','Ut voluptatem quibusdam fugiat dolor qui aut ad reiciendis. Odit minus sapiente mollitia architecto expedita omnis.','2012-04-28 08:15:00','2020-12-17 04:42:11','Ut et corporis ');
/*!40000 ALTER TABLE `products` ENABLE KEYS */;
UNLOCK TABLES;

--
-- Table structure for table `products_categories`
--

DROP TABLE IF EXISTS `products_categories`;
/*!40101 SET @saved_cs_client     = @@character_set_client */;
/*!50503 SET character_set_client = utf8mb4 */;
CREATE TABLE `products_categories` (
  `product_id` int unsigned NOT NULL COMMENT 'Идентификатор товара',
  `category_id` smallint unsigned NOT NULL COMMENT 'Идентификатор категории',
  PRIMARY KEY (`product_id`,`category_id`) COMMENT 'Составной первичный ключ по сочетанию товара и категории',
  KEY `products_categories__category_id_fk` (`category_id`),
  CONSTRAINT `products_categories__category_id_fk` FOREIGN KEY (`category_id`) REFERENCES `categories` (`id`) ON DELETE RESTRICT ON UPDATE CASCADE,
  CONSTRAINT `products_categories__product_id_fk` FOREIGN KEY (`product_id`) REFERENCES `products` (`id`) ON DELETE CASCADE ON UPDATE CASCADE
) ENGINE=InnoDB DEFAULT CHARSET=utf8 COMMENT='Связь товаров и категорий';
/*!40101 SET character_set_client = @saved_cs_client */;

--
-- Dumping data for table `products_categories`
--

LOCK TABLES `products_categories` WRITE;
/*!40000 ALTER TABLE `products_categories` DISABLE KEYS */;
INSERT INTO `products_categories` VALUES (115,1),(121,1),(148,1),(150,1),(209,1),(232,1),(295,1),(328,1),(335,1),(350,1),(372,1),(383,1),(403,1),(408,1),(65,2),(116,2),(125,2),(187,2),(201,2),(241,2),(304,2),(362,2),(432,2),(438,2),(137,3),(181,3),(247,3),(303,3),(313,3),(341,3),(342,3),(357,3),(368,3),(377,3),(396,3),(407,3),(420,3),(30,4),(49,4),(190,4),(205,4),(297,4),(301,4),(327,4),(344,4),(363,4),(370,4),(84,5),(123,5),(174,5),(185,5),(196,5),(257,5),(299,5),(379,5),(405,5),(441,5),(69,6),(79,6),(140,6),(164,6),(176,6),(211,6),(224,6),(249,6),(264,6),(272,6),(302,6),(310,6),(366,6),(445,6),(29,7),(57,7),(89,7),(96,7),(147,7),(169,7),(183,7),(195,7),(212,7),(226,7),(323,7),(351,7),(397,7),(14,8),(16,8),(59,8),(117,8),(188,8),(246,8),(267,8),(425,8),(439,8),(17,9),(83,9),(107,9),(112,9),(145,9),(154,9),(248,9),(285,9),(292,9),(332,9),(339,9),(414,9),(2,10),(28,10),(50,10),(51,10),(110,10),(155,10),(167,10),(197,10),(216,10),(251,10),(284,10),(375,10),(390,10),(430,10),(8,11),(32,11),(43,11),(87,11),(138,11),(144,11),(218,11),(255,11),(263,11),(283,11),(388,11),(37,12),(45,12),(75,12),(135,12),(158,12),(239,12),(359,12),(364,12),(419,12),(447,12),(80,13),(86,13),(104,13),(222,13),(382,13),(412,13),(450,13),(12,14),(105,14),(153,14),(198,14),(315,14),(389,14),(421,14),(424,14),(25,15),(91,15),(170,15),(192,15),(204,15),(213,15),(278,15),(282,15),(317,15),(353,15),(367,15),(410,15),(413,15),(444,15),(9,16),(20,16),(24,16),(39,16),(52,16),(55,16),(85,16),(93,16),(132,16),(175,16),(208,16),(242,16),(258,16),(330,16),(336,16),(347,16),(356,16),(400,16),(21,17),(76,17),(78,17),(92,17),(162,17),(178,17),(220,17),(229,17),(265,17),(269,17),(346,17),(404,17),(422,17),(22,18),(113,18),(146,18),(168,18),(171,18),(326,18),(374,18),(417,18),(449,18),(6,19),(119,19),(122,19),(177,19),(179,19),(186,19),(253,19),(290,19),(329,19),(345,19),(393,19),(23,20),(31,20),(71,20),(73,20),(126,20),(127,20),(184,20),(223,20),(231,20),(238,20),(244,20),(268,20),(279,20),(287,20),(291,20),(298,20),(307,20),(402,20),(435,20),(46,21),(88,21),(149,21),(214,21),(260,21),(270,21),(271,21),(276,21),(281,21),(305,21),(314,21),(331,21),(333,21),(355,21),(358,21),(398,21),(427,21),(5,22),(41,22),(141,22),(143,22),(189,22),(266,22),(289,22),(306,22),(349,22),(373,22),(1,24),(64,24),(68,24),(82,24),(99,24),(219,24),(228,24),(296,24),(321,24),(334,24),(340,24),(352,24),(394,24),(62,25),(94,25),(118,25),(142,25),(166,25),(193,25),(221,25),(233,25),(261,25),(273,25),(277,25),(312,25),(386,25),(418,25),(431,25),(433,25),(446,25),(38,26),(48,26),(128,26),(160,26),(165,26),(236,26),(250,26),(288,26),(294,26),(319,26),(343,26),(376,26),(378,26),(380,26),(391,26),(416,26),(440,26),(27,28),(40,28),(131,28),(136,28),(275,28),(286,28),(316,28),(365,28),(437,28),(33,30),(36,30),(44,30),(95,30),(133,30),(203,30),(240,30),(385,30),(54,32),(66,32),(70,32),(81,32),(108,32),(120,32),(180,32),(182,32),(194,32),(215,32),(262,32),(309,32),(320,32),(324,32),(381,32),(384,32),(399,32),(415,32),(428,32),(436,32),(3,36),(18,36),(34,36),(100,36),(139,36),(173,36),(230,36),(252,36),(411,36),(448,36),(77,42),(98,42),(111,42),(130,42),(237,42),(243,42),(300,42),(311,42),(322,42),(325,42),(371,42),(426,42),(13,46),(67,46),(74,46),(90,46),(102,46),(106,46),(129,46),(199,46),(280,46),(293,46),(35,47),(42,47),(60,47),(274,47),(308,47),(354,47),(409,47),(423,47),(434,47),(47,49),(58,49),(61,49),(159,49),(235,49),(256,49),(338,49),(10,56),(11,56),(26,56),(97,56),(114,56),(124,56),(134,56),(161,56),(200,56),(202,56),(207,56),(225,56),(234,56),(245,56),(254,56),(348,56),(360,56),(387,56),(395,56),(429,56),(443,56),(4,58),(72,58),(101,58),(152,58),(156,58),(157,58),(163,58),(172,58),(191,58),(206,58),(210,58),(259,58),(337,58),(369,58),(15,61),(19,61),(53,61),(56,61),(109,61),(217,61),(227,61),(318,61),(401,61),(7,68),(63,68),(103,68),(151,68),(361,68),(392,68),(406,68),(442,68);
/*!40000 ALTER TABLE `products_categories` ENABLE KEYS */;
UNLOCK TABLES;

--
-- Table structure for table `products_discounts`
--

DROP TABLE IF EXISTS `products_discounts`;
/*!40101 SET @saved_cs_client     = @@character_set_client */;
/*!50503 SET character_set_client = utf8mb4 */;
CREATE TABLE `products_discounts` (
  `target_id` int unsigned NOT NULL COMMENT 'Идентификатор целевой сущности скидки',
  `target_type` enum('products','categories') DEFAULT NULL COMMENT 'Таблица в которой храниться идентификатор целевой сущности скидки',
  `discount_id` smallint unsigned NOT NULL COMMENT 'Идентификатор скидки',
  `created_at` datetime NOT NULL DEFAULT CURRENT_TIMESTAMP COMMENT 'Дата создания записи',
  `updated_at` datetime NOT NULL DEFAULT CURRENT_TIMESTAMP ON UPDATE CURRENT_TIMESTAMP COMMENT 'Дата изменения записи',
  KEY `products_discounts__discounts_id_fk` (`discount_id`),
  CONSTRAINT `products_discounts__discounts_id_fk` FOREIGN KEY (`discount_id`) REFERENCES `discounts` (`id`) ON DELETE CASCADE ON UPDATE CASCADE
) ENGINE=InnoDB DEFAULT CHARSET=utf8 COMMENT='Связи скидок и товаров';
/*!40101 SET character_set_client = @saved_cs_client */;

--
-- Dumping data for table `products_discounts`
--

LOCK TABLES `products_discounts` WRITE;
/*!40000 ALTER TABLE `products_discounts` DISABLE KEYS */;
INSERT INTO `products_discounts` VALUES (383,'products',1,'2019-04-01 14:20:00','2020-12-16 05:01:50'),(39,'products',3,'2015-05-01 04:22:00','2020-12-16 05:01:50'),(392,'products',4,'2012-04-22 15:12:00','2020-12-16 05:01:50'),(47,'products',5,'2012-10-18 00:07:00','2020-12-16 05:01:50'),(405,'products',1,'2018-03-02 04:27:00','2020-12-16 05:01:50'),(88,'products',2,'2013-03-03 02:16:00','2020-12-16 05:01:50'),(122,'products',2,'2016-08-01 07:55:00','2020-12-16 05:01:50'),(343,'products',4,'2010-06-01 06:18:00','2020-12-16 05:01:50'),(1,'products',1,'2015-03-09 03:11:00','2020-12-16 05:01:50'),(324,'products',2,'2012-10-30 01:38:00','2020-12-16 05:01:50'),(270,'products',5,'2015-10-20 13:01:00','2020-12-16 05:01:50'),(374,'products',4,'2016-04-27 11:35:00','2020-12-16 05:01:50'),(163,'products',5,'2010-07-07 00:58:00','2020-12-16 05:01:50'),(142,'products',1,'2012-09-09 12:24:00','2020-12-16 05:01:50'),(32,'categories',3,'2014-04-30 05:49:00','2020-12-16 05:03:30'),(18,'categories',4,'2018-06-05 03:50:00','2020-12-16 05:03:30'),(220,'products',5,'2014-02-08 10:41:00','2020-12-16 05:01:50'),(5,'categories',1,'2012-03-01 01:44:00','2020-12-16 05:03:30'),(42,'categories',2,'2013-07-12 21:09:00','2020-12-16 05:03:30'),(5,'categories',3,'2012-02-29 04:32:00','2020-12-16 05:03:30'),(222,'products',4,'2011-05-05 07:07:00','2020-12-16 05:01:50'),(449,'products',5,'2014-03-24 20:15:00','2020-12-16 05:01:50'),(5,'categories',1,'2010-03-21 07:14:00','2020-12-16 05:03:30'),(24,'categories',2,'2013-08-06 22:32:00','2020-12-16 05:03:30'),(28,'categories',3,'2018-05-05 19:01:00','2020-12-16 05:03:30'),(30,'categories',4,'2013-12-08 03:29:00','2020-12-16 05:03:30'),(56,'categories',5,'2013-08-23 08:23:00','2020-12-16 05:03:30'),(232,'products',1,'2015-07-16 17:26:00','2020-12-16 05:01:50'),(259,'products',2,'2011-07-03 15:09:00','2020-12-16 05:01:50'),(36,'categories',3,'2016-05-29 07:27:00','2020-12-16 05:03:30'),(58,'categories',4,'2013-02-14 12:05:00','2020-12-16 05:03:30'),(56,'categories',5,'2015-05-21 14:07:00','2020-12-16 05:03:30'),(149,'products',1,'2013-07-01 09:38:00','2020-12-16 05:01:50'),(418,'products',2,'2012-03-08 17:22:00','2020-12-16 05:01:50'),(10,'categories',3,'2018-07-24 10:19:00','2020-12-16 05:03:30'),(295,'products',4,'2014-08-24 06:16:00','2020-12-16 05:01:50'),(1,'categories',5,'2018-08-29 09:14:00','2020-12-16 05:03:30'),(56,'categories',1,'2018-08-14 15:11:00','2020-12-16 05:03:30'),(12,'categories',2,'2018-02-14 00:17:00','2020-12-16 05:03:30'),(21,'categories',3,'2015-10-04 03:49:00','2020-12-16 05:03:30'),(12,'categories',4,'2014-06-01 18:16:00','2020-12-16 05:03:30'),(221,'products',5,'2012-09-08 03:15:00','2020-12-16 05:01:50');
/*!40000 ALTER TABLE `products_discounts` ENABLE KEYS */;
UNLOCK TABLES;

--
-- Table structure for table `products_media`
--

DROP TABLE IF EXISTS `products_media`;
/*!40101 SET @saved_cs_client     = @@character_set_client */;
/*!50503 SET character_set_client = utf8mb4 */;
CREATE TABLE `products_media` (
  `product_id` int unsigned NOT NULL COMMENT 'Идентификатор продукта',
  `media_id` int unsigned NOT NULL COMMENT 'Идентификатор медафайла',
  `created_at` datetime NOT NULL DEFAULT CURRENT_TIMESTAMP COMMENT 'Дата создания записи',
  `updated_at` datetime NOT NULL DEFAULT CURRENT_TIMESTAMP ON UPDATE CURRENT_TIMESTAMP COMMENT 'Дата изменения записи',
  PRIMARY KEY (`product_id`,`media_id`) COMMENT 'Составной первичный ключ по сочетанию товара и медиафайлов',
  KEY `products_media__media_id_fk` (`media_id`),
  CONSTRAINT `products_media__media_id_fk` FOREIGN KEY (`media_id`) REFERENCES `media` (`id`) ON DELETE RESTRICT ON UPDATE CASCADE,
  CONSTRAINT `products_media__product_id_fk` FOREIGN KEY (`product_id`) REFERENCES `products` (`id`) ON DELETE CASCADE ON UPDATE CASCADE
) ENGINE=InnoDB DEFAULT CHARSET=utf8 COMMENT='Медиафайлы товаров';
/*!40101 SET character_set_client = @saved_cs_client */;

--
-- Dumping data for table `products_media`
--

LOCK TABLES `products_media` WRITE;
/*!40000 ALTER TABLE `products_media` DISABLE KEYS */;
INSERT INTO `products_media` VALUES (1,1,'2014-11-29 03:11:00','2014-12-06 03:41:04'),(2,2,'2010-08-17 04:40:00','2010-08-30 00:03:44'),(3,3,'2017-05-15 02:27:00','2017-05-15 15:20:01'),(4,4,'2014-01-29 16:23:00','2014-02-04 23:23:29'),(5,5,'2017-05-03 04:05:00','2017-05-13 05:12:37'),(6,6,'2017-01-07 10:16:00','2017-01-20 20:38:03'),(7,7,'2017-05-21 20:46:00','2017-05-24 17:00:03'),(8,8,'2016-09-18 22:17:00','2016-09-20 19:29:52'),(9,9,'2017-05-27 10:39:00','2017-05-31 20:02:09'),(10,10,'2013-10-30 00:27:00','2013-11-10 18:38:18'),(11,11,'2016-09-11 21:41:00','2016-09-14 18:43:58'),(12,12,'2017-05-23 08:21:00','2017-05-25 21:36:51'),(13,13,'2010-12-15 21:52:00','2010-12-25 02:37:56'),(14,14,'2018-11-17 15:34:00','2018-11-22 22:42:22'),(15,15,'2011-07-25 21:39:00','2011-08-07 04:15:31'),(16,16,'2014-04-07 15:31:00','2014-04-21 07:25:45'),(17,17,'2011-07-09 10:34:00','2011-07-24 11:43:35'),(18,18,'2016-07-14 19:55:00','2016-07-17 10:34:58'),(19,19,'2016-04-13 21:41:00','2016-04-26 00:26:42'),(20,20,'2017-11-17 20:39:00','2017-11-22 01:19:07'),(21,21,'2013-11-13 07:29:00','2013-11-16 21:39:21'),(22,22,'2012-05-05 08:38:00','2012-05-08 13:47:01'),(23,23,'2015-05-03 20:35:00','2015-05-09 23:28:41'),(24,24,'2017-01-21 19:26:00','2017-01-25 15:34:54'),(25,25,'2012-09-19 05:10:00','2012-09-28 02:33:41'),(26,26,'2017-06-12 18:00:00','2017-06-12 18:02:55'),(27,27,'2017-03-12 17:36:00','2017-03-14 16:35:11'),(28,28,'2016-03-27 06:26:00','2016-04-09 02:30:04'),(29,29,'2011-03-28 08:38:00','2011-04-07 06:04:29'),(30,30,'2011-11-21 07:57:00','2011-11-27 19:26:21'),(31,31,'2011-02-28 02:33:00','2011-03-04 04:56:51'),(32,32,'2018-11-19 10:00:00','2018-11-21 04:26:03'),(33,33,'2014-04-25 01:49:00','2014-05-09 20:31:59'),(34,34,'2012-01-19 06:24:00','2012-01-22 04:45:16'),(35,35,'2014-03-15 18:57:00','2014-03-18 03:36:00'),(36,36,'2017-01-24 19:02:00','2017-01-26 03:31:38'),(37,37,'2012-06-10 06:29:00','2012-06-19 07:59:57'),(38,38,'2012-07-14 08:22:00','2012-07-19 23:18:25'),(39,39,'2015-01-21 04:22:00','2015-01-28 17:03:49'),(40,40,'2014-07-17 07:33:00','2014-07-23 01:06:15'),(41,41,'2010-04-23 05:55:00','2010-05-01 21:57:43'),(42,42,'2016-07-26 07:04:00','2016-07-28 15:17:56'),(43,43,'2015-01-03 08:31:00','2015-01-14 11:55:17'),(44,44,'2014-11-18 19:01:00','2014-11-21 09:39:58'),(45,45,'2012-03-14 16:42:00','2012-03-16 22:09:16'),(46,46,'2018-11-28 05:21:00','2018-12-02 20:46:11'),(47,47,'2012-07-10 00:07:00','2012-07-20 05:00:33'),(48,48,'2018-01-07 23:35:00','2018-01-14 22:11:21'),(49,49,'2010-02-20 18:35:00','2010-02-24 07:18:49'),(50,50,'2011-03-15 21:28:00','2011-03-23 06:36:11'),(51,51,'2012-10-22 21:03:00','2012-10-29 04:37:47'),(52,52,'2011-06-22 22:25:00','2011-07-02 08:19:40'),(53,53,'2015-11-10 18:01:00','2015-11-10 23:07:00'),(54,54,'2018-10-20 05:47:00','2018-10-23 09:42:29'),(55,55,'2018-07-03 22:53:00','2018-07-10 09:39:17'),(56,56,'2017-07-23 21:49:00','2017-08-06 13:57:19'),(57,57,'2018-04-18 17:31:00','2018-05-03 22:25:57'),(58,58,'2011-05-07 00:26:00','2011-05-10 01:30:06'),(59,59,'2013-03-13 16:50:00','2013-03-18 17:55:42'),(60,60,'2018-11-21 23:12:00','2018-12-02 18:43:11'),(61,61,'2014-11-25 04:33:00','2014-11-27 02:07:58'),(62,62,'2011-08-10 11:30:00','2011-08-16 23:40:04'),(63,63,'2018-11-09 05:57:00','2018-11-20 12:45:24'),(64,64,'2017-06-14 11:21:00','2017-06-20 08:17:24'),(65,65,'2016-07-07 21:34:00','2016-07-11 20:52:59'),(66,66,'2012-07-26 22:15:00','2012-08-01 06:37:51'),(67,67,'2010-10-29 20:49:00','2010-11-04 01:30:55'),(68,68,'2011-06-13 15:06:00','2011-06-20 11:12:58'),(69,69,'2010-04-10 01:53:00','2010-04-12 23:21:10'),(70,70,'2013-06-12 16:56:00','2013-06-19 21:17:13'),(71,71,'2017-08-01 13:31:00','2017-08-05 08:00:26'),(72,72,'2014-01-30 15:19:00','2014-02-13 20:46:20'),(73,73,'2013-12-18 13:02:00','2013-12-27 19:57:39'),(74,74,'2016-04-04 22:51:00','2016-04-13 06:19:10'),(75,75,'2013-01-16 16:20:00','2013-01-26 17:16:06'),(76,76,'2010-07-12 12:54:00','2010-07-25 09:09:19'),(77,77,'2011-12-16 15:35:00','2011-12-20 23:43:05'),(78,78,'2015-10-13 14:37:00','2015-10-22 16:09:16'),(79,79,'2012-06-07 11:46:00','2012-06-19 02:24:45'),(80,80,'2016-08-28 20:49:00','2016-09-01 00:38:15'),(81,81,'2011-11-23 11:34:00','2011-12-07 00:35:33'),(82,82,'2015-04-26 20:10:00','2015-05-11 18:41:15'),(83,83,'2016-10-20 19:08:00','2016-10-27 07:57:38'),(84,84,'2010-07-08 22:07:00','2010-07-09 22:46:54'),(85,85,'2010-03-10 11:13:00','2010-03-14 12:08:30'),(86,86,'2016-11-26 12:35:00','2016-11-30 12:15:31'),(87,87,'2011-02-21 03:03:00','2011-02-22 17:16:24'),(88,88,'2012-11-23 02:16:00','2012-12-04 18:40:40'),(89,89,'2017-10-11 14:46:00','2017-10-22 13:48:18'),(90,90,'2012-06-07 20:00:00','2012-06-12 01:37:22'),(91,91,'2018-09-15 18:33:00','2018-09-24 03:01:29'),(92,92,'2010-01-09 03:55:00','2010-01-16 11:36:51'),(93,93,'2014-01-15 16:45:00','2014-01-23 23:14:08'),(94,94,'2010-01-01 21:13:00','2010-01-03 20:00:03'),(95,95,'2012-02-14 15:24:00','2012-02-28 14:04:12'),(96,96,'2016-10-22 16:21:00','2016-10-27 01:13:28'),(97,97,'2012-03-13 06:37:00','2012-03-28 11:24:09'),(98,98,'2012-07-21 20:41:00','2012-07-26 15:08:53'),(99,99,'2014-08-31 09:27:00','2014-09-11 02:49:18'),(100,100,'2017-07-08 10:11:00','2017-07-21 11:31:33'),(101,101,'2016-06-23 21:23:00','2016-07-07 14:21:44'),(102,102,'2012-01-07 12:25:00','2012-01-20 02:03:23'),(103,103,'2016-03-26 17:05:00','2016-04-09 22:41:57'),(104,104,'2017-01-25 14:53:00','2017-02-05 00:41:18'),(105,105,'2016-11-03 17:55:00','2016-11-04 13:38:43'),(106,106,'2018-12-12 12:03:00','2018-12-18 20:12:11'),(107,107,'2012-09-27 05:43:00','2012-10-08 08:22:37'),(108,108,'2013-09-15 11:54:00','2013-09-20 02:35:15'),(109,109,'2016-09-09 05:45:00','2016-09-20 22:28:10'),(110,110,'2018-04-08 06:38:00','2018-04-19 06:54:43'),(111,111,'2018-08-02 22:22:00','2018-08-04 05:37:18'),(112,112,'2016-07-03 12:28:00','2016-07-08 23:56:57'),(113,113,'2015-12-11 02:34:00','2015-12-19 02:20:28'),(114,114,'2016-02-05 06:59:00','2016-02-12 00:52:04'),(115,115,'2010-11-25 15:41:00','2010-12-03 12:06:07'),(116,116,'2017-12-15 14:46:00','2017-12-25 09:29:40'),(117,117,'2013-01-24 14:43:00','2013-01-26 09:29:45'),(118,118,'2017-01-14 05:19:00','2017-01-23 09:35:20'),(119,119,'2012-02-16 07:25:00','2012-02-26 08:45:27'),(120,120,'2014-01-02 09:57:00','2014-01-12 01:26:52'),(121,121,'2011-12-05 12:03:00','2011-12-18 03:27:39'),(122,122,'2016-04-23 07:55:00','2016-05-08 09:50:17'),(123,123,'2015-08-28 10:41:00','2015-09-06 00:04:37'),(124,124,'2018-07-17 21:00:00','2018-07-18 20:47:03'),(125,125,'2010-08-21 11:23:00','2010-08-27 03:31:41'),(126,126,'2015-05-19 22:22:00','2015-05-25 02:21:00'),(127,127,'2010-09-16 14:47:00','2010-09-22 13:09:32'),(128,128,'2016-12-04 20:34:00','2016-12-17 04:29:31'),(129,129,'2017-03-20 13:12:00','2017-03-21 16:37:54'),(130,130,'2012-04-01 08:03:00','2012-04-14 03:08:02'),(131,131,'2017-06-19 13:10:00','2017-06-30 01:47:11'),(132,132,'2014-06-08 18:18:00','2014-06-15 02:55:07'),(133,133,'2015-05-28 16:00:00','2015-06-06 05:53:32'),(134,134,'2013-05-31 10:41:00','2013-06-06 21:24:19'),(135,135,'2016-01-10 13:45:00','2016-01-13 04:48:38'),(136,136,'2017-11-23 22:39:00','2017-12-06 12:35:42'),(137,137,'2011-04-03 13:59:00','2011-04-06 17:13:42'),(138,138,'2011-02-21 02:01:00','2011-02-21 20:53:02'),(139,139,'2018-10-17 18:14:00','2018-10-20 00:43:22'),(140,140,'2013-01-06 19:50:00','2013-01-16 12:12:31'),(141,141,'2011-05-07 16:32:00','2011-05-19 11:06:52'),(142,142,'2012-06-01 12:24:00','2012-06-05 01:17:11'),(143,143,'2017-12-27 00:52:00','2018-01-09 19:18:05'),(144,144,'2014-06-26 00:05:00','2014-07-08 05:54:39'),(145,145,'2012-04-05 20:39:00','2012-04-11 21:34:17'),(146,146,'2016-07-14 21:51:00','2016-07-15 07:01:49'),(147,147,'2015-11-29 19:39:00','2015-12-09 04:36:36'),(148,148,'2016-11-23 23:41:00','2016-12-08 19:00:39'),(149,149,'2013-03-23 09:38:00','2013-03-25 14:36:19'),(150,150,'2012-12-19 05:06:00','2012-12-26 21:05:17'),(151,151,'2012-07-03 21:19:00','2012-07-07 15:21:09'),(152,152,'2015-12-30 21:44:00','2016-01-05 06:33:38'),(153,153,'2015-07-12 00:09:00','2015-07-22 01:34:47'),(154,154,'2011-01-08 13:49:00','2011-01-21 20:48:24'),(155,155,'2010-02-13 11:06:00','2010-02-18 14:03:54'),(156,156,'2018-08-03 21:06:00','2018-08-12 03:49:22'),(157,157,'2012-06-29 11:41:00','2012-07-02 10:15:44'),(158,158,'2016-12-21 06:42:00','2017-01-04 04:58:07'),(159,159,'2018-08-06 01:10:00','2018-08-18 13:53:47'),(160,160,'2011-01-01 21:06:00','2011-01-13 02:16:08'),(161,161,'2010-09-20 14:58:00','2010-09-28 14:38:47'),(162,162,'2017-09-12 15:12:00','2017-09-18 15:38:02'),(163,163,'2010-03-29 00:58:00','2010-03-29 22:48:25'),(164,164,'2010-11-19 12:22:00','2010-11-21 01:24:53'),(165,165,'2013-05-14 16:27:00','2013-05-17 08:08:19'),(166,166,'2012-07-24 04:34:00','2012-08-03 22:31:28'),(167,167,'2018-07-09 21:56:00','2018-07-10 09:12:18'),(168,168,'2010-12-09 06:41:00','2010-12-21 15:53:11'),(169,169,'2014-05-31 01:09:00','2014-06-07 23:28:28'),(170,170,'2010-07-11 16:18:00','2010-07-15 13:34:14'),(171,171,'2018-01-10 20:56:00','2018-01-14 00:08:20'),(172,172,'2012-05-13 17:37:00','2012-05-26 03:57:31'),(173,173,'2018-07-10 09:58:00','2018-07-18 22:29:21'),(174,174,'2015-07-14 13:06:00','2015-07-27 19:45:50'),(175,175,'2010-02-13 10:44:00','2010-02-22 09:57:37'),(176,176,'2010-05-22 19:08:00','2010-05-31 22:23:17'),(177,177,'2014-02-02 10:26:00','2014-02-13 17:07:32'),(178,178,'2010-09-17 07:31:00','2010-10-01 08:34:46'),(179,179,'2018-08-24 02:15:00','2018-09-06 14:43:26'),(180,180,'2013-06-24 12:12:00','2013-07-07 02:44:15'),(181,181,'2018-05-25 11:13:00','2018-06-03 00:56:28'),(182,182,'2018-01-15 04:33:00','2018-01-29 10:34:44'),(183,183,'2014-11-29 06:52:00','2014-12-02 11:29:58'),(184,184,'2010-01-23 13:48:00','2010-02-07 09:19:32'),(185,185,'2014-05-04 15:23:00','2014-05-15 04:43:58'),(186,186,'2017-08-26 13:28:00','2017-08-28 08:09:05'),(187,187,'2015-02-08 14:44:00','2015-02-21 03:54:13'),(188,188,'2014-08-05 00:59:00','2014-08-14 18:39:53'),(189,189,'2010-09-17 07:43:00','2010-09-29 20:16:18'),(190,190,'2013-06-12 09:39:00','2013-06-27 13:50:40'),(191,191,'2017-09-04 06:14:00','2017-09-14 03:22:14'),(192,192,'2015-06-15 19:48:00','2015-06-28 11:03:50'),(193,193,'2018-11-15 07:56:00','2018-11-25 02:45:56'),(194,194,'2015-06-03 08:54:00','2015-06-04 14:09:44'),(195,195,'2010-07-26 21:29:00','2010-08-09 18:00:33'),(196,196,'2014-04-23 16:18:00','2014-04-28 01:22:51'),(197,197,'2012-08-24 07:29:00','2012-08-28 06:56:31'),(198,198,'2014-04-10 20:37:00','2014-04-23 00:18:45'),(199,199,'2013-04-03 13:22:00','2013-04-06 21:20:38'),(200,200,'2011-12-04 08:15:00','2011-12-19 12:23:55'),(201,201,'2013-12-13 21:42:00','2013-12-18 16:21:38'),(202,202,'2018-04-28 15:09:00','2018-05-12 15:16:36'),(203,203,'2010-10-28 16:57:00','2010-11-12 16:16:39'),(204,204,'2011-07-16 04:24:00','2011-07-20 17:42:59'),(205,205,'2016-08-05 15:59:00','2016-08-13 19:16:37'),(206,206,'2010-01-16 08:31:00','2010-01-22 18:38:23'),(207,207,'2016-06-20 13:34:00','2016-07-02 20:55:39'),(208,208,'2016-02-16 15:17:00','2016-03-02 10:37:04'),(209,209,'2018-08-13 12:03:00','2018-08-18 02:45:39'),(210,210,'2012-08-07 22:48:00','2012-08-20 13:09:02'),(211,211,'2017-01-15 19:16:00','2017-01-17 15:30:57'),(212,212,'2014-06-20 01:23:00','2014-06-28 00:50:51'),(213,213,'2011-01-27 16:03:00','2011-01-31 16:58:20'),(214,214,'2011-11-21 19:10:00','2011-11-24 21:49:10'),(215,215,'2016-10-13 08:27:00','2016-10-15 16:17:11'),(216,216,'2012-12-24 14:43:00','2013-01-07 21:46:25'),(217,217,'2014-11-19 05:10:00','2014-11-21 13:07:41'),(218,218,'2011-05-25 14:47:00','2011-06-06 02:00:02'),(219,219,'2018-03-22 10:21:00','2018-04-05 11:14:31'),(220,220,'2013-10-31 10:41:00','2013-11-03 06:29:50'),(221,221,'2012-05-31 03:15:00','2012-06-11 14:59:40'),(222,222,'2011-01-25 07:07:00','2011-01-27 18:20:00'),(223,223,'2015-07-25 17:24:00','2015-08-05 17:14:31'),(224,224,'2014-03-21 11:55:00','2014-04-02 11:00:30'),(225,225,'2013-08-31 17:29:00','2013-09-08 12:08:02'),(226,226,'2011-05-04 23:33:00','2011-05-07 02:40:08'),(227,227,'2014-10-03 16:43:00','2014-10-08 11:02:38'),(228,228,'2015-08-13 01:32:00','2015-08-27 21:17:57'),(229,229,'2010-04-18 07:15:00','2010-04-26 23:17:39'),(230,230,'2014-10-12 11:10:00','2014-10-25 18:16:06'),(231,231,'2017-02-24 17:55:00','2017-02-24 23:16:26'),(232,232,'2015-04-07 17:26:00','2015-04-10 20:49:08'),(233,233,'2011-02-22 03:28:00','2011-02-23 06:28:08'),(234,234,'2010-08-30 01:40:00','2010-09-13 05:16:59'),(235,235,'2013-06-20 00:17:00','2013-06-26 18:50:06'),(236,236,'2015-07-31 17:45:00','2015-08-12 16:30:25'),(237,237,'2012-11-06 02:37:00','2012-11-15 03:03:42'),(238,238,'2012-07-18 20:17:00','2012-07-30 11:45:17'),(239,239,'2015-02-19 07:57:00','2015-02-23 11:01:15'),(240,240,'2012-05-06 14:37:00','2012-05-11 02:32:41'),(241,241,'2018-02-15 10:50:00','2018-02-18 08:30:46'),(242,242,'2010-06-19 18:01:00','2010-06-30 19:36:15'),(243,243,'2016-05-20 05:47:00','2016-06-02 13:17:51'),(244,244,'2011-10-04 09:15:00','2011-10-10 01:04:27'),(245,245,'2014-11-12 18:02:00','2014-11-15 04:38:53'),(246,246,'2013-01-07 00:54:00','2013-01-13 18:12:32'),(247,247,'2013-07-23 12:04:00','2013-08-05 07:13:30'),(248,248,'2018-09-22 05:11:00','2018-10-05 08:50:03'),(249,249,'2014-08-27 03:04:00','2014-08-28 09:30:55'),(250,250,'2012-02-08 10:39:00','2012-02-22 03:16:17'),(251,251,'2013-02-25 01:45:00','2013-03-08 00:28:56'),(252,252,'2010-01-01 17:52:00','2010-01-16 02:58:56'),(253,253,'2011-09-05 01:19:00','2011-09-16 03:52:26'),(254,254,'2016-11-15 09:08:00','2016-11-21 19:09:15'),(255,255,'2018-03-17 13:44:00','2018-04-01 00:50:48'),(256,256,'2012-03-07 20:21:00','2012-03-10 13:23:32'),(257,257,'2010-07-01 00:06:00','2010-07-12 09:43:16'),(258,258,'2012-12-12 20:52:00','2012-12-19 08:37:06'),(259,259,'2011-03-25 15:09:00','2011-03-29 07:46:23'),(260,260,'2017-01-11 06:52:00','2017-01-18 00:12:28'),(261,261,'2014-12-20 23:03:00','2015-01-05 01:42:41'),(262,262,'2010-04-01 20:07:00','2010-04-03 21:43:57'),(263,263,'2014-10-08 07:06:00','2014-10-09 04:48:46'),(264,264,'2011-04-09 03:50:00','2011-04-19 23:41:42'),(265,265,'2011-05-26 15:12:00','2011-06-05 20:03:28'),(266,266,'2010-03-03 16:30:00','2010-03-11 03:22:58'),(267,267,'2018-04-29 09:07:00','2018-05-12 13:53:02'),(268,268,'2015-05-25 11:08:00','2015-06-09 14:08:15'),(269,269,'2017-09-08 00:06:00','2017-09-08 16:41:20'),(270,270,'2015-07-12 13:01:00','2015-07-18 02:42:41'),(271,271,'2016-05-07 03:21:00','2016-05-10 14:55:53'),(272,272,'2014-12-21 07:14:00','2015-01-01 17:54:58'),(273,273,'2015-06-30 18:29:00','2015-07-06 11:25:08'),(274,274,'2017-01-01 11:40:00','2017-01-09 01:35:56'),(275,275,'2018-01-11 09:14:00','2018-01-12 00:06:07'),(276,276,'2014-05-22 22:17:00','2014-06-06 13:55:48'),(277,277,'2017-05-04 07:29:00','2017-05-06 10:26:41'),(278,278,'2018-03-28 21:00:00','2018-04-10 11:42:06'),(279,279,'2016-09-21 02:43:00','2016-09-25 23:00:24'),(280,280,'2017-03-05 02:24:00','2017-03-11 09:44:04'),(281,281,'2017-07-28 08:39:00','2017-07-30 10:34:43'),(282,282,'2017-09-28 04:40:00','2017-09-28 10:15:29'),(283,283,'2017-11-29 04:52:00','2017-12-04 14:31:08'),(284,284,'2011-05-01 12:34:00','2011-05-04 19:00:21'),(285,285,'2012-07-19 23:16:00','2012-07-30 01:29:45'),(286,286,'2010-11-24 14:28:00','2010-12-04 11:52:31'),(287,287,'2012-01-29 23:59:00','2012-01-31 21:51:02'),(288,288,'2015-01-31 05:56:00','2015-02-04 18:53:50'),(289,289,'2012-12-19 07:34:00','2012-12-31 10:32:09'),(290,290,'2010-12-24 07:24:00','2010-12-28 17:50:20'),(291,291,'2012-09-11 02:23:00','2012-09-17 10:10:17'),(292,292,'2013-12-17 02:34:00','2013-12-25 03:28:19'),(293,293,'2014-09-08 17:32:00','2014-09-16 06:11:34'),(294,294,'2015-07-07 13:17:00','2015-07-17 05:08:42'),(295,295,'2014-05-16 06:16:00','2014-05-26 21:54:51'),(296,296,'2017-02-10 01:34:00','2017-02-21 05:14:03'),(297,297,'2010-04-11 04:18:00','2010-04-18 08:38:05'),(298,298,'2017-10-28 13:49:00','2017-10-31 22:20:39'),(299,299,'2016-01-15 05:45:00','2016-01-25 16:20:39'),(300,300,'2017-02-21 04:27:00','2017-02-22 03:39:27'),(301,301,'2018-10-11 06:07:00','2018-10-25 16:59:05'),(302,302,'2012-05-02 07:47:00','2012-05-06 12:46:45'),(303,303,'2015-05-31 08:19:00','2015-06-03 11:25:30'),(304,304,'2013-03-01 23:49:00','2013-03-06 06:25:26'),(305,305,'2017-09-18 05:38:00','2017-09-28 00:12:33'),(306,306,'2014-02-09 07:02:00','2014-02-18 21:53:33'),(307,307,'2012-03-30 08:33:00','2012-04-10 19:53:11'),(308,308,'2018-04-08 13:58:00','2018-04-23 06:20:32'),(309,309,'2011-12-07 08:22:00','2011-12-17 15:31:43'),(310,310,'2013-01-31 01:08:00','2013-02-03 05:35:31'),(311,311,'2013-11-15 15:08:00','2013-11-22 03:28:38'),(312,312,'2017-12-25 07:57:00','2018-01-07 23:34:01'),(313,313,'2013-05-03 01:31:00','2013-05-15 21:54:28'),(314,314,'2012-06-01 21:30:00','2012-06-03 19:42:02'),(315,315,'2012-12-07 22:43:00','2012-12-13 20:33:42'),(316,316,'2010-01-18 17:19:00','2010-01-25 13:52:09'),(317,317,'2015-12-17 19:35:00','2015-12-26 00:18:17'),(318,318,'2010-12-04 12:23:00','2010-12-10 21:02:15'),(319,319,'2014-09-16 17:57:00','2014-09-30 18:30:23'),(320,320,'2011-12-18 13:42:00','2011-12-25 01:18:35'),(321,321,'2014-10-20 03:02:00','2014-10-31 20:08:30'),(322,322,'2011-06-30 05:24:00','2011-07-06 02:59:18'),(323,323,'2011-02-27 07:07:00','2011-02-27 15:30:08'),(324,324,'2012-07-22 01:38:00','2012-07-31 13:29:33'),(325,325,'2016-06-20 10:19:00','2016-06-23 17:47:52'),(326,326,'2016-08-10 23:36:00','2016-08-18 11:36:15'),(327,327,'2011-05-06 08:14:00','2011-05-13 22:25:53'),(328,328,'2015-05-28 10:56:00','2015-06-04 04:04:25'),(329,329,'2017-06-21 10:42:00','2017-07-04 21:27:03'),(330,330,'2011-01-29 12:58:00','2011-02-13 13:14:19'),(331,331,'2017-11-09 23:45:00','2017-11-10 07:20:54'),(332,332,'2014-11-25 09:01:00','2014-12-08 08:38:30'),(333,333,'2011-05-02 11:55:00','2011-05-06 06:22:08'),(334,334,'2010-09-12 12:21:00','2010-09-13 10:42:37'),(335,335,'2012-08-18 14:25:00','2012-08-20 17:44:48'),(336,336,'2014-06-08 09:21:00','2014-06-16 15:33:44'),(337,337,'2010-08-02 13:35:00','2010-08-15 01:29:30'),(338,338,'2010-12-05 17:21:00','2010-12-20 21:33:17'),(339,339,'2012-08-17 19:10:00','2012-08-19 15:20:21'),(340,340,'2018-02-15 22:54:00','2018-02-16 11:44:05'),(341,341,'2015-10-18 05:12:00','2015-10-25 04:35:04'),(342,342,'2015-11-28 02:14:00','2015-12-11 08:32:02'),(343,343,'2010-02-21 06:18:00','2010-03-06 03:13:19'),(344,344,'2014-01-23 08:41:00','2014-01-30 13:30:09'),(345,345,'2012-04-12 12:36:00','2012-04-23 08:47:26'),(346,346,'2010-10-05 14:28:00','2010-10-11 16:38:38'),(347,347,'2010-07-25 20:52:00','2010-08-02 08:58:07'),(348,348,'2018-02-12 16:19:00','2018-02-20 03:30:42'),(349,349,'2018-06-29 13:27:00','2018-07-03 05:31:09'),(350,350,'2012-12-15 04:00:00','2012-12-24 05:26:46'),(351,351,'2011-02-21 15:42:00','2011-02-23 00:08:52'),(352,352,'2012-04-12 20:31:00','2012-04-18 07:31:54'),(353,353,'2011-04-04 22:40:00','2011-04-17 17:53:01'),(354,354,'2014-02-28 05:13:00','2014-03-04 07:25:26'),(355,355,'2011-10-05 16:18:00','2011-10-10 18:24:53'),(356,356,'2011-09-15 00:35:00','2011-09-16 11:26:00'),(357,357,'2016-10-15 18:36:00','2016-10-23 21:21:32'),(358,358,'2013-11-21 21:33:00','2013-12-04 15:12:34'),(359,359,'2015-01-23 22:38:00','2015-02-01 02:53:30'),(360,360,'2010-10-15 22:11:00','2010-10-25 03:05:39'),(361,361,'2014-08-03 01:32:00','2014-08-04 00:16:52'),(362,362,'2017-05-27 14:55:00','2017-06-09 14:24:58'),(363,363,'2010-06-01 15:22:00','2010-06-11 14:14:57'),(364,364,'2010-11-06 03:31:00','2010-11-20 19:58:20'),(365,365,'2015-05-02 12:09:00','2015-05-06 14:38:37'),(366,366,'2015-03-29 19:24:00','2015-04-04 11:42:23'),(367,367,'2012-04-28 20:11:00','2012-05-02 17:00:04'),(368,368,'2015-02-13 21:42:00','2015-02-19 01:24:19'),(369,369,'2017-05-04 05:32:00','2017-05-05 22:06:54'),(370,370,'2011-03-05 07:00:00','2011-03-14 23:41:30'),(371,371,'2010-05-25 14:09:00','2010-05-30 07:51:04'),(372,372,'2012-02-29 20:41:00','2012-03-09 09:42:51'),(373,373,'2018-08-23 01:13:00','2018-09-05 00:23:36'),(374,374,'2016-01-18 11:35:00','2016-02-02 14:32:05'),(375,375,'2011-07-16 20:42:00','2011-07-25 07:05:38'),(376,376,'2018-03-26 05:25:00','2018-03-30 03:23:36'),(377,377,'2012-05-20 16:05:00','2012-05-21 00:52:39'),(378,378,'2015-01-21 00:26:00','2015-02-04 19:23:05'),(379,379,'2014-04-13 17:24:00','2014-04-21 21:50:28'),(380,380,'2015-03-02 18:28:00','2015-03-10 18:55:52'),(381,381,'2014-07-23 17:15:00','2014-08-07 17:06:13'),(382,382,'2018-02-28 04:47:00','2018-03-01 06:00:44'),(383,383,'2018-12-22 14:20:00','2018-12-28 08:39:24'),(384,384,'2012-01-03 09:41:00','2012-01-06 04:09:43'),(385,385,'2013-08-21 23:35:00','2013-08-30 11:02:34'),(386,386,'2014-12-11 14:16:00','2014-12-25 21:33:46'),(387,387,'2013-10-20 15:08:00','2013-11-02 09:16:54'),(388,388,'2018-07-03 15:54:00','2018-07-13 03:44:26'),(389,389,'2016-10-16 06:53:00','2016-10-30 01:35:10'),(390,390,'2018-06-19 17:24:00','2018-06-30 14:49:59'),(391,391,'2016-09-11 05:14:00','2016-09-15 22:21:54'),(392,392,'2012-01-13 15:12:00','2012-01-15 13:13:04'),(393,393,'2015-02-20 00:46:00','2015-03-01 19:56:41'),(394,394,'2013-10-24 11:57:00','2013-11-04 18:27:40'),(395,395,'2014-03-29 15:02:00','2014-04-07 14:47:44'),(396,396,'2013-01-31 19:30:00','2013-02-13 07:36:58'),(397,397,'2013-07-21 01:26:00','2013-07-23 09:29:58'),(398,398,'2010-05-13 20:54:00','2010-05-25 12:17:42'),(399,399,'2016-06-02 10:12:00','2016-06-13 14:43:50'),(400,400,'2017-08-01 13:11:00','2017-08-03 19:38:10'),(401,401,'2011-03-17 01:54:00','2011-03-21 05:59:07'),(402,402,'2016-07-24 07:04:00','2016-07-27 08:59:11'),(403,403,'2013-09-01 17:20:00','2013-09-03 00:09:10'),(404,404,'2012-08-08 22:27:00','2012-08-13 23:38:22'),(405,405,'2017-11-22 04:27:00','2017-11-25 12:46:23'),(406,406,'2017-02-04 06:54:00','2017-02-18 03:27:01'),(407,407,'2012-10-25 12:16:00','2012-10-31 11:31:28'),(408,408,'2011-02-25 17:11:00','2011-03-05 15:53:24'),(409,409,'2017-06-01 07:04:00','2017-06-05 16:37:16'),(410,410,'2018-05-19 04:55:00','2018-05-28 05:11:36'),(411,411,'2016-07-10 04:26:00','2016-07-21 03:39:44'),(412,412,'2012-04-17 13:30:00','2012-04-28 21:50:34'),(413,413,'2017-09-19 21:43:00','2017-09-24 17:36:12'),(414,414,'2016-11-06 18:19:00','2016-11-21 21:51:17'),(415,415,'2017-03-01 17:50:00','2017-03-16 00:56:22'),(416,416,'2017-12-12 17:06:00','2017-12-20 07:00:09'),(417,417,'2017-01-11 17:17:00','2017-01-21 18:40:31'),(418,418,'2011-11-29 17:22:00','2011-12-05 14:19:01'),(419,419,'2013-02-06 00:39:00','2013-02-19 12:08:10'),(420,420,'2016-02-11 17:08:00','2016-02-17 19:03:40'),(421,421,'2016-12-15 09:00:00','2016-12-20 15:30:05'),(422,422,'2014-06-18 01:35:00','2014-06-18 20:41:40'),(423,423,'2014-12-12 14:46:00','2014-12-12 18:44:38'),(424,424,'2016-02-23 12:23:00','2016-02-28 19:40:38'),(425,425,'2011-07-18 10:46:00','2011-07-29 23:38:53'),(426,426,'2018-08-26 07:46:00','2018-08-28 17:18:48'),(427,427,'2018-01-03 18:41:00','2018-01-07 01:50:14'),(428,428,'2014-12-24 02:05:00','2015-01-01 13:10:47'),(429,429,'2018-11-16 18:20:00','2018-11-17 07:02:44'),(430,430,'2010-11-18 22:55:00','2010-11-21 09:00:16'),(431,431,'2016-10-30 22:06:00','2016-11-04 02:23:52'),(432,432,'2013-11-14 05:36:00','2013-11-23 23:22:36'),(433,433,'2010-01-04 20:19:00','2010-01-19 03:44:00'),(434,434,'2011-09-05 17:41:00','2011-09-07 21:25:52'),(435,435,'2017-07-25 01:38:00','2017-08-01 11:12:39'),(436,436,'2017-11-05 20:20:00','2017-11-08 05:33:28'),(437,437,'2014-04-21 21:17:00','2014-04-22 06:52:02'),(438,438,'2017-03-12 07:36:00','2017-03-21 22:10:32'),(439,439,'2013-09-30 21:48:00','2013-10-06 23:00:44'),(440,440,'2012-09-28 12:25:00','2012-10-03 05:22:44'),(441,441,'2013-11-14 18:00:00','2013-11-27 03:50:23'),(442,442,'2016-05-01 18:48:00','2016-05-07 18:37:03'),(443,443,'2017-12-19 00:27:00','2018-01-01 14:12:19'),(444,444,'2010-11-18 09:59:00','2010-11-28 11:19:35'),(445,445,'2011-03-09 15:01:00','2011-03-15 23:39:29'),(446,446,'2014-04-19 00:03:00','2014-04-21 11:41:23'),(447,447,'2014-06-19 02:22:00','2014-06-24 23:59:40'),(448,448,'2017-10-23 23:43:00','2017-11-02 12:16:05'),(449,449,'2013-12-14 20:15:00','2013-12-19 12:48:56'),(450,450,'2012-04-28 08:15:00','2012-05-09 10:33:56');
/*!40000 ALTER TABLE `products_media` ENABLE KEYS */;
UNLOCK TABLES;

--
-- Table structure for table `shipping_company`
--

DROP TABLE IF EXISTS `shipping_company`;
/*!40101 SET @saved_cs_client     = @@character_set_client */;
/*!50503 SET character_set_client = utf8mb4 */;
CREATE TABLE `shipping_company` (
  `id` smallint unsigned NOT NULL AUTO_INCREMENT,
  `name` varchar(255) NOT NULL,
  PRIMARY KEY (`id`),
  UNIQUE KEY `name` (`name`)
) ENGINE=InnoDB AUTO_INCREMENT=13 DEFAULT CHARSET=utf8 COMMENT='Компания перевозчик';
/*!40101 SET character_set_client = @saved_cs_client */;

--
-- Dumping data for table `shipping_company`
--

LOCK TABLES `shipping_company` WRITE;
/*!40000 ALTER TABLE `shipping_company` DISABLE KEYS */;
INSERT INTO `shipping_company` VALUES (10,'Bashirian Ltd'),(6,'Breitenberg-Lesch'),(4,'Cruickshank Group'),(1,'Eichmann Inc'),(9,'Jakubowski, Swaniawski and Bogan'),(5,'Kunde-Huel'),(8,'Labadie, Krajcik and Carter'),(12,'Lowe, Gutmann and Oberbrunner'),(3,'Pollich-Purdy'),(7,'Reichert Group'),(11,'Schimmel PLC'),(2,'Turcotte-Buckridge');
/*!40000 ALTER TABLE `shipping_company` ENABLE KEYS */;
UNLOCK TABLES;

--
-- Table structure for table `sizes`
--

DROP TABLE IF EXISTS `sizes`;
/*!40101 SET @saved_cs_client     = @@character_set_client */;
/*!50503 SET character_set_client = utf8mb4 */;
CREATE TABLE `sizes` (
  `id` smallint unsigned NOT NULL AUTO_INCREMENT COMMENT 'Идентификатор размера',
  `size_type_id` tinyint unsigned NOT NULL COMMENT 'Идентификатор системы обозначения размеров',
  `name` varchar(255) NOT NULL,
  PRIMARY KEY (`id`),
  KEY `sizes__size_type_id_fk` (`size_type_id`),
  CONSTRAINT `sizes__size_type_id_fk` FOREIGN KEY (`size_type_id`) REFERENCES `sizes_types` (`id`) ON DELETE RESTRICT ON UPDATE CASCADE
) ENGINE=InnoDB AUTO_INCREMENT=51 DEFAULT CHARSET=utf8 COMMENT='Размеры';
/*!40101 SET character_set_client = @saved_cs_client */;

--
-- Dumping data for table `sizes`
--

LOCK TABLES `sizes` WRITE;
/*!40000 ALTER TABLE `sizes` DISABLE KEYS */;
INSERT INTO `sizes` VALUES (1,1,'40'),(2,1,'42'),(3,1,'44'),(4,1,'46'),(5,1,'48'),(6,1,'50'),(7,1,'52'),(8,1,'54'),(9,1,'56'),(10,1,'58'),(11,2,'XS'),(12,2,'S'),(13,2,'M'),(14,2,'L'),(15,2,'XL'),(16,2,'XXL'),(17,2,'XXXL'),(18,3,'44'),(19,3,'46'),(20,3,'48'),(21,3,'50'),(22,3,'52'),(23,3,'54'),(24,3,'54-56'),(25,3,'58'),(26,3,'58-60'),(27,4,'XS'),(28,4,'S'),(29,4,'M'),(30,4,'L'),(31,4,'L-XL'),(32,4,'XL'),(33,4,'XXL'),(34,4,'3XL'),(35,5,'50'),(36,5,'56'),(37,5,'62'),(38,5,'68'),(39,5,'74'),(40,5,'80'),(41,5,'86'),(42,5,'92'),(43,5,'98'),(44,5,'104'),(45,5,'110'),(46,5,'116'),(47,5,'122'),(48,5,'128'),(49,5,'134'),(50,5,'140');
/*!40000 ALTER TABLE `sizes` ENABLE KEYS */;
UNLOCK TABLES;

--
-- Table structure for table `sizes_types`
--

DROP TABLE IF EXISTS `sizes_types`;
/*!40101 SET @saved_cs_client     = @@character_set_client */;
/*!50503 SET character_set_client = utf8mb4 */;
CREATE TABLE `sizes_types` (
  `id` tinyint unsigned NOT NULL AUTO_INCREMENT,
  `name` varchar(255) NOT NULL,
  PRIMARY KEY (`id`),
  UNIQUE KEY `name` (`name`)
) ENGINE=InnoDB AUTO_INCREMENT=6 DEFAULT CHARSET=utf8 COMMENT='Системы обозначения размеров';
/*!40101 SET character_set_client = @saved_cs_client */;

--
-- Dumping data for table `sizes_types`
--

LOCK TABLES `sizes_types` WRITE;
/*!40000 ALTER TABLE `sizes_types` DISABLE KEYS */;
INSERT INTO `sizes_types` VALUES (5,'CHILD'),(2,'FEMALE_INTL'),(1,'FEMALE_RU'),(4,'MALE_INTL'),(3,'MALE_RU');
/*!40000 ALTER TABLE `sizes_types` ENABLE KEYS */;
UNLOCK TABLES;

--
-- Temporary view structure for view `user_delivery_address`
--

DROP TABLE IF EXISTS `user_delivery_address`;
/*!50001 DROP VIEW IF EXISTS `user_delivery_address`*/;
SET @saved_cs_client     = @@character_set_client;
/*!50503 SET character_set_client = utf8mb4 */;
/*!50001 CREATE VIEW `user_delivery_address` AS SELECT 
 1 AS `user`,
 1 AS `address`,
 1 AS `recipient_user`*/;
SET character_set_client = @saved_cs_client;

--
-- Table structure for table `users`
--

DROP TABLE IF EXISTS `users`;
/*!40101 SET @saved_cs_client     = @@character_set_client */;
/*!50503 SET character_set_client = utf8mb4 */;
CREATE TABLE `users` (
  `id` int unsigned NOT NULL AUTO_INCREMENT COMMENT 'Идентификатор пользователя',
  `name` varchar(100) NOT NULL COMMENT 'Имя',
  `patronymic` varchar(100) DEFAULT NULL COMMENT 'Отчество',
  `surname` varchar(100) NOT NULL COMMENT 'Фамилия',
  `gender` enum('M','F') DEFAULT NULL COMMENT 'Пол',
  `phone_number` varchar(15) NOT NULL COMMENT 'Номер телефона',
  `email` varchar(100) NOT NULL COMMENT 'Адрес электронной почты',
  `birthday` datetime DEFAULT NULL COMMENT 'Дата рождения',
  `is_private_person` tinyint(1) NOT NULL DEFAULT '1' COMMENT 'Признак физического лица',
  `is_newsletter` tinyint(1) NOT NULL DEFAULT '0' COMMENT 'Признак подписки на рассылку',
  `created_at` datetime NOT NULL DEFAULT CURRENT_TIMESTAMP COMMENT 'Дата создания записи',
  `updated_at` datetime NOT NULL DEFAULT CURRENT_TIMESTAMP ON UPDATE CURRENT_TIMESTAMP COMMENT 'Дата изменения записи',
  PRIMARY KEY (`id`),
  UNIQUE KEY `phone_number` (`phone_number`),
  UNIQUE KEY `email` (`email`)
) ENGINE=InnoDB AUTO_INCREMENT=104 DEFAULT CHARSET=utf8 COMMENT='Профили пользователей';
/*!40101 SET character_set_client = @saved_cs_client */;

--
-- Dumping data for table `users`
--

LOCK TABLES `users` WRITE;
/*!40000 ALTER TABLE `users` DISABLE KEYS */;
INSERT INTO `users` VALUES (1,'Alisa','Dan','Kunkel','F','+79247795516','dkunkel0@netvibes.com','1979-03-15 08:55:57',1,0,'2020-05-30 04:13:19','2020-12-15 03:25:17'),(2,'Sansone','Sinclair','Fesby','M','+79559748466','sfesby1@examiner.com','1975-02-24 04:49:01',1,0,'2016-05-15 13:11:55','2020-12-15 03:25:17'),(3,'Robbert','Urson','Olyff','M','+79055355812','uolyff2@gravatar.com','1981-05-05 17:48:09',1,1,'2014-09-24 00:19:17','2020-12-15 03:25:17'),(4,'Shaun','Jacobo','Bucktharp','F','+79597533691','jbucktharp3@craigslist.org','1976-07-18 20:42:04',0,0,'2018-12-16 02:30:29','2020-12-15 03:25:17'),(5,'Sharleen','Wyndham','Crone','F','+79821601053','wcrone4@dyndns.org','1982-03-27 20:56:18',1,0,'2017-12-17 13:15:17','2020-12-15 03:25:17'),(6,'Neall','Clim','Howley','M','+79315404220','chowley5@ucsd.edu','1981-08-22 06:34:25',1,0,'2017-03-28 17:26:41','2020-12-15 03:25:17'),(7,'Dell','Dar','Sprigings','M','+79112217972','dsprigings6@istockphoto.com','1986-12-25 03:35:30',1,0,'2011-01-30 15:52:40','2020-12-15 03:25:17'),(8,'Suki','Weider','Shutler','F','+79614877232','wshutler7@statcounter.com','1982-04-15 17:15:48',0,0,'2018-10-06 20:11:32','2020-12-15 03:25:17'),(9,'Calvin','Cad','Elson','M','+79737732274','celson8@blog.com','1974-11-23 08:03:17',1,0,'2016-04-17 22:36:53','2020-12-15 03:25:17'),(10,'Lyndsey','Gary','Hakking','F','+79844029706','ghakking9@exblog.jp','1987-03-26 12:51:53',1,0,'2011-01-21 23:42:01','2020-12-15 03:25:17'),(11,'Aldin','Max','Leathlay','M','+79006951737','mleathlaya@sina.com.cn','1976-04-23 08:36:56',1,0,'2018-03-21 05:04:42','2020-12-15 03:25:17'),(12,'Kailey','Quint','Wickerson','F','+79502669599','qwickersonb@opera.com','1984-08-27 00:32:00',0,0,'2013-07-27 08:30:15','2020-12-15 03:25:17'),(13,'Karissa','Jard','Barbery','F','+79492492816','jbarberyc@friendfeed.com','1992-06-18 16:15:38',1,0,'2018-03-31 10:47:37','2020-12-15 03:25:17'),(14,'Minta','Thorsten','Gillott','F','+79954455312','tgillottd@arizona.edu','1990-11-10 06:31:04',0,0,'2014-06-23 07:58:41','2020-12-15 03:25:17'),(15,'Franciska','Bernhard','Rocks','F','+79294798144','brockse@google.ca','1995-06-18 12:18:57',0,0,'2015-12-02 01:57:44','2020-12-15 03:25:17'),(16,'Rodge','Arin','Andrzejowski','M','+79610624816','aandrzejowskif@blogtalkradio.com','1976-01-01 17:32:29',0,0,'2018-01-26 10:04:13','2020-12-15 03:25:17'),(17,'Gustav','Hillel','Scarrisbrick','M','+79168729677','hscarrisbrickg@nbcnews.com','1992-08-10 13:33:02',1,0,'2012-05-09 12:45:55','2020-12-15 03:25:17'),(18,'Joey','Wilbert','Kaplan','M','+79011773968','wkaplanh@aboutads.info','1971-11-18 17:30:19',1,0,'2017-01-05 01:34:15','2020-12-15 03:25:17'),(19,'Martica','Prent','Gahan','F','+79552680840','pgahani@barnesandnoble.com','1978-08-24 17:53:36',1,0,'2015-09-11 17:19:13','2020-12-15 03:25:17'),(20,'Jaquelin','Graham','Burd','F','+79728082328','gburdj@google.com','1977-08-27 22:50:14',1,0,'2017-09-25 16:36:49','2020-12-15 03:25:17'),(21,'Brunhilde','Bil','Cornelisse','F','+79982369149','bcornelissek@ftc.gov','1983-04-24 23:54:04',1,0,'2014-09-04 12:01:24','2020-12-15 03:25:17'),(22,'Griffin','Keir','Kuhnhardt','M','+79727598793','kkuhnhardtl@mediafire.com','1987-06-28 12:49:08',1,0,'2017-06-26 18:54:34','2020-12-15 03:25:17'),(23,'Barron','Ted','Keigher','M','+79690886547','tkeigherm@ucoz.ru','1979-01-23 05:12:17',1,0,'2013-07-18 16:07:17','2020-12-15 03:25:17'),(24,'Elston','Kennie','Annis','M','+79271636386','kannisn@apple.com','1985-08-21 22:17:13',1,0,'2017-02-13 06:07:54','2020-12-15 03:25:17'),(25,'Sigismundo','Rockey','O\'Nolan','M','+79285522320','ronolano@globo.com','1978-02-27 09:20:29',1,0,'2013-07-20 20:08:53','2020-12-15 03:25:17'),(26,'Calv','Yulma','Marchington','M','+79612702472','ymarchingtonp@de.vu','1991-09-10 15:37:29',1,0,'2013-12-16 18:27:35','2020-12-15 03:25:17'),(27,'Gratia','Lorne','Pettingall','F','+79206945431','lpettingallq@tripadvisor.com','1987-11-01 09:46:35',1,0,'2017-01-13 10:35:02','2020-12-15 03:25:17'),(28,'Winni','Fredek','McTrustrie','F','+79196619769','fmctrustrier@flickr.com','1975-03-27 21:59:14',0,0,'2011-09-03 21:13:54','2020-12-15 03:25:17'),(29,'Elnora','Chan','Dron','F','+79362262583','cdrons@discuz.net','1984-08-22 13:09:50',0,0,'2013-06-06 09:22:13','2020-12-15 03:25:17'),(30,'Sibylle','Arvin','Burdess','F','+79221453638','aburdesst@msn.com','1993-07-08 02:41:12',0,0,'2013-02-17 04:08:05','2020-12-15 03:25:17'),(31,'Zollie','Clive','Trowill','M','+79020480473','ctrowillu@boston.com','1986-06-08 15:26:54',1,0,'2012-06-01 11:02:25','2020-12-15 03:25:17'),(32,'Lisabeth','Ossie','Breeder','F','+79438041480','obreederv@wired.com','1986-05-06 13:10:13',1,0,'2016-05-07 15:22:51','2020-12-15 03:25:17'),(33,'Marisa','Tuckie','Miller','F','+79128766012','tmillerw@altervista.org','1990-12-14 05:29:57',1,0,'2015-08-04 10:14:38','2020-12-15 03:25:17'),(34,'Reuven','Horatio','Povey','M','+79329705649','hpoveyx@miibeian.gov.cn','1973-11-01 14:01:51',1,0,'2019-04-05 04:41:04','2020-12-15 03:25:17'),(35,'Fabian','Skippy','Shade','M','+79262230243','sshadey@is.gd','1974-04-11 07:38:37',1,1,'2018-03-07 06:05:58','2020-12-15 03:25:17'),(36,'Philly','Mikel','D\'Ambrosi','F','+79322034297','mdambrosiz@booking.com','1988-04-05 05:32:01',1,0,'2017-05-05 19:01:12','2020-12-15 03:25:17'),(37,'Gaspar','Iain','Beckson','M','+79823480787','ibeckson10@earthlink.net','1985-12-07 05:15:48',0,0,'2014-06-08 22:04:14','2020-12-15 03:25:17'),(38,'Ladonna','Ber','Wapples','F','+79151301073','bwapples11@unicef.org','1981-09-16 04:04:28',1,0,'2020-05-14 19:02:19','2020-12-15 03:25:17'),(39,'Redd','Shermy','Habeshaw','M','+79286063036','shabeshaw12@sun.com','1973-02-09 02:25:45',1,0,'2013-09-19 16:56:50','2020-12-15 03:25:17'),(40,'Tommy','Ernie','Pesak','M','+79976411993','epesak13@smh.com.au','1988-12-22 04:18:17',1,0,'2020-07-23 19:41:28','2020-12-15 03:25:17'),(41,'Vladamir','Barth','Dabnor','M','+79023870885','bdabnor14@nasa.gov','1993-08-31 21:52:12',1,1,'2019-02-17 23:39:31','2020-12-15 03:25:17'),(42,'Elisabetta','Laurence','Beet','F','+79190118480','lbeet15@comsenz.com','1980-10-06 03:00:44',0,0,'2013-01-30 05:44:34','2020-12-15 03:25:17'),(43,'Kassie','Gayler','Cruce','F','+79878979773','gcruce16@mtv.com','1973-08-07 12:12:22',1,1,'2011-07-06 04:29:58','2020-12-15 03:25:17'),(44,'Jinny','Arty','Canero','F','+79824543457','acanero17@engadget.com','1993-03-08 08:35:39',1,0,'2014-07-04 06:35:14','2020-12-15 03:25:17'),(45,'Lavinie','Gregory','Ubach','F','+79485777998','gubach18@nymag.com','1987-08-01 01:51:52',1,0,'2012-01-15 13:57:32','2020-12-15 03:25:17'),(46,'Arnie','Nefen','Dust','M','+79955259648','ndust19@samsung.com','1986-05-09 08:46:37',1,0,'2018-01-27 05:57:00','2020-12-15 03:25:17'),(47,'Heindrick','Monro','O\'Riordan','M','+79318964278','moriordan1a@ft.com','1986-05-04 07:41:48',0,0,'2013-08-28 04:37:31','2020-12-15 03:25:17'),(48,'Malissia','Goddard','Vivers','F','+79729042475','gvivers1b@theglobeandmail.com','1980-03-15 19:09:43',0,0,'2013-07-28 13:00:12','2020-12-15 03:25:17'),(49,'Greta','Kristos','Learie','F','+79688319572','klearie1c@about.me','1979-07-11 00:41:22',1,1,'2017-02-18 13:37:04','2020-12-15 03:25:17'),(50,'Nancie','Reynold','Brian','F','+79254470466','rbrian1d@networksolutions.com','1976-04-16 20:33:19',1,1,'2014-04-21 13:24:19','2020-12-15 03:25:17'),(51,'Delia','Brucie','Goullee','F','+79207393645','bgoullee1e@stanford.edu','1985-01-30 16:20:32',1,1,'2017-11-25 19:06:07','2020-12-15 03:25:17'),(52,'Nadya','Frank','O\'Dare','F','+79273556856','fodare1f@sourceforge.net','1971-05-09 01:32:18',1,0,'2011-11-23 02:39:21','2020-12-15 03:25:17'),(53,'Faythe','Tadd','Bettles','F','+79745603376','tbettles1g@blogspot.com','1991-11-03 14:25:50',1,0,'2011-03-04 02:09:47','2020-12-15 03:25:17'),(54,'Bronson','Christoph','Gauche','M','+79907346343','cgauche1h@simplemachines.org','1983-11-10 00:47:14',1,0,'2019-05-25 11:39:44','2020-12-15 03:25:17'),(55,'Lisette','Erick','Kinghorn','F','+79299921616','ekinghorn1i@desdev.cn','1982-06-06 11:35:56',1,0,'2019-04-19 13:53:51','2020-12-15 03:25:17'),(56,'Celine','Benito','Andrews','F','+79777569084','bandrews1j@delicious.com','1976-07-26 15:40:37',0,0,'2019-06-05 02:21:51','2020-12-15 03:25:17'),(57,'Marmaduke','Carlin','Bendixen','M','+79988080603','cbendixen1k@sakura.ne.jp','1993-05-23 00:13:37',0,1,'2016-11-10 00:54:47','2020-12-15 03:25:17'),(58,'Hy','Kort','Jeannaud','M','+79607695793','kjeannaud1l@wsj.com','1990-01-23 23:08:52',1,0,'2020-07-23 05:50:40','2020-12-15 03:25:17'),(59,'Briny','Frans','McCaskill','F','+79074237188','fmccaskill1m@tuttocitta.it','1992-04-20 18:18:21',1,0,'2014-09-01 08:42:44','2020-12-15 03:25:17'),(60,'Alix','Fitz','ducarme','F','+79548098593','fducarme1n@1688.com','1992-11-24 17:24:24',1,0,'2010-12-30 14:29:20','2020-12-15 03:25:17'),(61,'Corabelle','Victoir','Henrych','F','+79517781429','vhenrych1o@sina.com.cn','1972-01-15 19:32:29',0,0,'2011-08-23 12:33:25','2020-12-15 03:25:17'),(62,'Ruthe','Horten','Lain','F','+79944611396','hlain1p@lycos.com','1973-10-30 23:58:04',1,0,'2017-12-15 03:21:22','2020-12-15 03:25:17'),(63,'Winifield','Geno','Stump','M','+79169712723','gstump1q@seattletimes.com','1987-02-24 05:34:25',1,0,'2013-03-03 17:30:12','2020-12-15 03:25:17'),(64,'Dav','Galvan','Rosengarten','M','+79014729461','grosengarten1r@redcross.org','1995-09-25 09:27:07',0,0,'2011-10-02 13:36:47','2020-12-15 03:25:17'),(65,'Nataline','Giacomo','Azema','F','+79564509164','gazema1s@comsenz.com','1976-06-17 17:19:23',1,0,'2017-04-25 22:30:42','2020-12-15 03:25:17'),(66,'Edwin','Elwood','De Rechter','M','+79778357469','ederechter1t@flickr.com','1984-06-13 05:05:48',1,0,'2018-01-04 13:07:07','2020-12-15 03:25:17'),(67,'Giffy','Broderick','Linturn','M','+79198259885','blinturn1u@squarespace.com','1971-10-28 22:28:57',1,0,'2011-11-11 00:37:38','2020-12-15 03:25:17'),(68,'Burtie','Antonio','Picot','M','+79656227046','apicot1v@homestead.com','1994-01-03 11:37:07',1,1,'2018-04-20 19:54:34','2020-12-15 03:25:17'),(69,'Claudetta','Jeramie','Southern','F','+79686355608','jsouthern1w@dagondesign.com','1994-07-03 10:39:24',1,0,'2015-07-02 07:47:36','2020-12-15 03:25:17'),(70,'Kristal','Lon','Gatland','F','+79463096933','lgatland1x@goo.ne.jp','1990-05-14 05:06:12',1,0,'2020-09-24 14:21:36','2020-12-15 03:25:17'),(71,'Pennie','Esteban','Goodband','M','+79256417871','egoodband1y@state.tx.us','1994-01-10 14:30:36',1,1,'2013-03-16 17:39:08','2020-12-15 03:25:17'),(72,'Jens','Farlie','Lourens','M','+79892798586','flourens1z@washingtonpost.com','1991-06-25 04:15:03',0,0,'2015-03-06 18:47:51','2020-12-15 03:25:17'),(73,'Arline','Darbee','Unwins','F','+79694739347','dunwins20@comsenz.com','1994-04-04 13:08:29',1,0,'2017-01-03 10:08:11','2020-12-15 03:25:17'),(74,'Tiertza','Immanuel','Wittrington','F','+79795301009','iwittrington21@tripadvisor.com','1975-07-15 19:07:06',1,0,'2020-08-06 17:36:19','2020-12-15 03:25:17'),(75,'Rodolfo','Vito','Buntin','M','+79892287034','vbuntin22@aol.com','1985-03-11 13:19:44',0,0,'2019-12-24 09:56:07','2020-12-15 03:25:17'),(76,'Calley','Caddric','MacMarcuis','F','+79075532172','cmacmarcuis23@symantec.com','1980-05-06 21:13:27',1,0,'2015-01-04 11:07:56','2020-12-15 03:25:17'),(77,'Rogerio','Harper','Birdfield','M','+79700799790','hbirdfield24@house.gov','1990-04-08 12:46:51',0,0,'2020-01-21 08:38:26','2020-12-15 03:25:17'),(78,'Emerson','Benedick','Shorto','M','+79277402465','bshorto25@statcounter.com','1971-05-17 11:41:14',1,0,'2018-11-16 10:55:21','2020-12-15 03:25:17'),(79,'Ambrosio','Tod','Demonge','M','+79284612984','tdemonge26@fastcompany.com','1974-08-03 23:55:53',1,0,'2018-08-30 16:29:22','2020-12-15 03:25:17'),(80,'Cord','Laughton','Crudgington','M','+79590857556','lcrudgington27@bing.com','1975-11-25 14:26:22',1,1,'2015-03-11 20:50:01','2020-12-15 03:25:17'),(81,'Noe','Franz','Legendre','M','+79100448858','flegendre28@zdnet.com','1972-09-15 23:15:34',1,0,'2013-09-20 09:26:42','2020-12-15 03:25:17'),(82,'Ugo','Torin','Purves','M','+79729671654','tpurves29@uol.com.br','1992-03-17 19:21:11',1,0,'2019-12-14 00:31:28','2020-12-15 03:25:17'),(83,'Sybyl','Jeremiah','Altimas','F','+79347011727','jaltimas2a@wix.com','1989-04-09 16:25:28',1,0,'2018-09-25 03:48:34','2020-12-15 03:25:17'),(84,'Orv','Kin','Halsey','M','+79546043702','khalsey2b@hhs.gov','1975-06-02 04:21:29',1,1,'2011-12-12 16:28:08','2020-12-15 03:25:17'),(85,'Aguste','Giacobo','Channer','M','+79689183361','gchanner2c@cnn.com','1993-06-15 07:26:07',1,0,'2014-07-01 10:27:29','2020-12-15 03:25:17'),(86,'Elisabeth','Hamilton','Bligh','F','+79807785728','hbligh2d@ameblo.jp','1971-10-29 08:53:53',1,0,'2019-08-18 08:25:52','2020-12-15 03:25:17'),(87,'Maren','Rocky','Lund','F','+79971378588','rlund2e@tinyurl.com','1985-01-21 15:18:31',0,0,'2019-11-17 09:57:17','2020-12-15 03:25:17'),(88,'Mei','Palmer','Graffham','F','+79433535788','pgraffham2f@technorati.com','1976-08-12 13:16:25',1,1,'2014-11-04 23:06:32','2020-12-15 03:25:17'),(89,'Pace','Kirby','Anscombe','M','+79253543205','kanscombe2g@sbwire.com','1972-12-22 15:50:14',1,0,'2015-12-03 20:01:15','2020-12-15 03:25:17'),(90,'Edik','Chic','Force','M','+79967108692','cforce2h@google.co.jp','1994-04-07 06:01:54',1,0,'2015-03-15 08:14:25','2020-12-15 03:25:17'),(91,'Lorrie','Miller','O\'Lagen','F','+79074913876','molagen2i@unicef.org','1973-07-26 00:10:17',1,0,'2014-01-05 11:54:23','2020-12-15 03:25:17'),(92,'Bartholomeus','Allin','Limpenny','M','+79473243336','alimpenny2j@tripadvisor.com','1980-06-15 22:36:07',1,0,'2012-12-11 03:51:41','2020-12-15 03:25:17'),(93,'Gerianne','Nikola','Pirson','F','+79141475081','npirson2k@instagram.com','1987-03-09 21:44:20',1,0,'2012-01-22 02:14:10','2020-12-15 03:25:17'),(94,'Cristina','Clayson','Bricket','F','+79287645427','cbricket2l@netlog.com','1984-12-21 05:50:33',0,0,'2018-03-06 21:03:43','2020-12-15 03:25:17'),(95,'Arnaldo','Emmett','Abazi','M','+79013801923','eabazi2m@flickr.com','1985-10-29 10:04:19',1,0,'2012-01-04 06:44:43','2020-12-15 03:25:17'),(96,'Northrop','Raimund','Ruslen','M','+79206073365','rruslen2n@toplist.cz','1995-02-04 02:50:58',1,0,'2015-06-12 17:23:25','2020-12-15 03:25:17'),(97,'Constanta','Rolfe','McGrotty','F','+79988961088','rmcgrotty2o@canalblog.com','1989-07-01 21:53:50',1,0,'2019-07-28 21:02:19','2020-12-15 03:25:17'),(98,'Lauretta','Eduardo','Lethieulier','F','+79326585377','elethieulier2p@smugmug.com','1993-06-28 13:51:35',1,1,'2020-12-13 02:29:12','2020-12-15 03:25:17'),(99,'Cleopatra','Saxe','Shills','F','+79666043650','sshills2q@nhs.uk','1985-08-12 21:06:14',1,0,'2014-08-16 16:04:51','2020-12-15 03:25:17'),(100,'Andy','Field','Emmanueli','F','+79350462150','femmanueli2r@fc2.com','1982-03-31 09:01:27',0,0,'2018-04-25 20:26:13','2020-12-15 03:25:17'),(101,'Mendel','Jone','Steffans','M','+79754179831','jsteffans2s@soundcloud.com','1981-05-21 20:21:33',1,0,'2011-07-03 01:44:53','2020-12-15 03:25:17'),(102,'Ariela','Donavon','Soro','F','+79719512737','dsoro2t@apache.org','1993-10-26 21:50:27',1,0,'2016-01-14 10:48:50','2020-12-15 03:25:17'),(103,'Alejandra','Godfry','Bowle','F','+79335024222','gbowle2u@devhub.com','1986-03-06 18:43:34',1,0,'2015-11-20 14:00:04','2020-12-15 03:25:17');
/*!40000 ALTER TABLE `users` ENABLE KEYS */;
UNLOCK TABLES;

--
-- Table structure for table `users_addresses`
--

DROP TABLE IF EXISTS `users_addresses`;
/*!40101 SET @saved_cs_client     = @@character_set_client */;
/*!50503 SET character_set_client = utf8mb4 */;
CREATE TABLE `users_addresses` (
  `user_id` int unsigned NOT NULL COMMENT 'Идентификатор пользователя',
  `address_id` int unsigned NOT NULL COMMENT 'Идентификатор адреса',
  `is_default` tinyint(1) NOT NULL DEFAULT '0' COMMENT 'Признак того, адрес установлена по умолчанию для пользователя',
  `created_at` datetime NOT NULL DEFAULT CURRENT_TIMESTAMP COMMENT 'Дата создания записи',
  `updated_at` datetime NOT NULL DEFAULT CURRENT_TIMESTAMP ON UPDATE CURRENT_TIMESTAMP COMMENT 'Дата изменения записи',
  PRIMARY KEY (`user_id`,`address_id`) COMMENT 'Составной первичный ключ по пользователю и адресу',
  KEY `users_addresses__address_id_fk` (`address_id`),
  CONSTRAINT `users_addresses__address_id_fk` FOREIGN KEY (`address_id`) REFERENCES `addresses` (`id`) ON DELETE CASCADE ON UPDATE CASCADE,
  CONSTRAINT `users_addresses__user_id_fk` FOREIGN KEY (`user_id`) REFERENCES `users` (`id`) ON DELETE CASCADE ON UPDATE CASCADE
) ENGINE=InnoDB DEFAULT CHARSET=utf8 COMMENT='Связи пользователей и адресов доставки';
/*!40101 SET character_set_client = @saved_cs_client */;

--
-- Dumping data for table `users_addresses`
--

LOCK TABLES `users_addresses` WRITE;
/*!40000 ALTER TABLE `users_addresses` DISABLE KEYS */;
INSERT INTO `users_addresses` VALUES (1,1,1,'2001-03-10 10:26:03','1993-08-21 19:26:26'),(2,2,1,'1986-06-10 14:24:32','1972-06-04 11:26:29'),(3,3,0,'2000-03-28 07:59:54','1975-12-10 09:08:50'),(4,4,1,'1994-02-05 02:00:04','2019-06-03 23:03:51'),(5,5,0,'2005-03-19 04:13:25','1979-03-07 07:54:40'),(6,6,1,'2011-02-20 06:40:55','1994-04-07 23:10:56'),(7,7,1,'1990-07-19 03:37:30','2006-06-06 10:58:21'),(8,8,1,'2019-12-21 20:35:13','1982-11-06 10:15:21'),(9,9,0,'2007-02-14 18:40:20','1975-11-04 19:37:47'),(10,10,1,'2001-11-03 12:16:55','1987-10-01 23:47:36'),(11,11,1,'1984-06-29 22:11:44','2002-03-08 16:10:33'),(12,12,1,'1980-10-03 15:22:09','2016-09-28 07:01:39'),(13,13,1,'1972-01-30 21:01:07','2015-11-28 07:34:26'),(14,14,1,'1973-03-01 10:52:31','2016-02-07 21:17:32'),(15,15,1,'2011-01-14 05:33:47','1998-01-24 04:42:49'),(16,16,1,'2008-03-23 19:25:52','2015-05-25 15:13:55'),(17,17,1,'1980-04-23 02:30:25','1990-09-25 20:22:46'),(18,18,1,'1976-02-10 12:46:35','2010-03-29 19:26:22'),(19,19,0,'2006-12-16 11:37:09','2003-01-26 00:28:17'),(20,20,1,'1975-03-03 13:55:08','1972-09-05 11:56:56'),(21,21,0,'2003-04-29 23:04:49','1975-09-01 02:47:58'),(22,22,0,'1981-03-18 15:38:19','2002-06-29 21:14:43'),(23,23,1,'1981-08-21 00:10:49','1984-09-03 16:24:28'),(24,24,0,'1979-03-14 00:19:20','1972-09-08 03:33:08'),(25,25,0,'2006-07-26 01:39:55','1983-02-22 21:17:19'),(26,26,0,'2019-11-25 15:04:27','2017-09-19 20:54:10'),(27,27,1,'2015-06-23 00:19:27','1996-02-23 04:53:44'),(28,28,1,'1978-03-01 00:22:55','1990-12-06 16:24:34'),(29,29,1,'2003-04-23 12:21:04','2008-11-26 06:51:40'),(30,30,0,'2020-12-04 10:01:24','2010-01-08 15:48:15'),(31,31,0,'1977-11-02 02:23:31','2003-07-18 17:49:46'),(32,32,1,'1972-04-15 01:59:55','2016-06-17 12:21:13'),(33,33,1,'1997-08-05 06:03:15','2019-02-08 15:57:43'),(34,34,0,'1979-08-04 15:25:55','2002-07-03 20:15:32'),(35,35,0,'1974-03-08 09:57:12','2005-08-18 05:43:18'),(36,36,1,'2020-05-15 23:39:59','2001-12-29 16:21:22'),(37,37,0,'1993-08-21 21:54:42','1980-05-23 08:45:32'),(38,38,1,'2001-12-10 16:29:23','1996-07-21 05:49:58'),(39,39,0,'2020-10-01 22:00:52','2019-06-12 22:36:08'),(40,40,1,'1990-01-05 08:35:13','1980-10-06 03:25:30'),(41,41,1,'2012-02-18 01:43:11','2006-10-21 22:23:26'),(42,42,1,'1996-02-19 12:06:04','2012-08-12 20:11:40'),(43,43,1,'1991-10-01 05:54:14','1979-04-09 02:20:38'),(44,44,1,'1987-02-11 10:24:35','1983-06-22 10:54:48'),(45,45,0,'1991-06-10 06:42:29','1987-10-07 15:58:49'),(46,46,0,'1985-05-03 11:08:15','1978-07-14 10:01:18'),(47,47,1,'1990-11-26 09:58:13','2005-06-21 13:35:32'),(48,48,1,'1997-07-06 20:07:19','1998-02-25 18:41:08'),(49,49,1,'2016-08-19 13:18:54','1997-05-22 05:12:04'),(50,50,1,'1993-05-13 08:01:08','2013-12-12 14:56:43'),(51,51,0,'1976-04-23 09:17:10','1983-12-13 02:44:01'),(52,52,1,'2007-09-12 23:44:43','2018-12-20 17:40:03'),(53,53,0,'2018-10-14 09:30:06','1985-06-27 12:59:45'),(54,54,0,'1972-12-26 19:46:28','1979-03-30 08:05:52'),(55,55,1,'1987-05-15 19:50:24','2020-05-17 04:33:03'),(56,56,1,'1997-05-31 13:18:58','2001-09-10 23:27:03'),(57,57,1,'1995-09-24 11:25:26','2000-06-02 02:16:19'),(58,58,1,'1973-06-25 08:34:26','2020-02-16 12:54:39'),(59,59,1,'1985-07-12 17:12:43','1978-10-19 00:56:11'),(60,60,0,'1979-07-04 21:26:41','1994-03-07 22:12:20'),(61,61,1,'2009-11-22 13:40:43','2008-02-18 09:02:37'),(62,62,0,'1987-03-24 22:51:12','1981-07-31 06:04:33'),(63,63,0,'2014-10-16 03:04:42','2010-05-25 14:57:14'),(64,64,0,'2011-02-20 15:17:22','2006-01-28 01:50:58'),(65,1,1,'1973-11-20 20:12:50','1990-03-10 06:06:26'),(65,65,1,'1978-02-10 06:34:50','2011-05-21 19:16:36'),(66,2,1,'2006-06-02 18:12:49','2006-03-03 10:24:09'),(66,66,0,'1984-09-09 19:48:55','2008-11-21 00:51:34'),(67,3,0,'1972-01-23 01:15:50','2011-04-04 11:23:22'),(67,67,0,'1980-12-15 06:52:11','2011-03-22 08:46:44'),(68,4,1,'2015-07-28 16:03:30','1996-07-15 18:40:52'),(68,68,0,'2013-08-13 09:49:53','1976-03-10 21:12:53'),(69,5,0,'2011-10-25 11:16:13','2005-11-14 05:41:56'),(69,69,0,'1988-02-18 05:38:34','1986-05-18 18:59:21'),(70,6,0,'2008-04-17 02:15:05','1972-11-07 21:22:37'),(70,70,0,'1971-11-13 02:40:48','1982-02-08 02:32:47'),(71,7,1,'1975-09-08 21:50:39','1989-12-30 18:45:02'),(71,71,1,'1995-10-10 06:06:26','1994-03-23 08:45:07'),(72,8,0,'2009-01-27 11:54:38','1982-11-16 13:01:07'),(72,72,1,'1974-01-31 00:24:15','1974-06-13 13:52:48'),(73,9,0,'2006-02-12 11:06:42','2015-10-16 14:15:00'),(73,73,0,'2002-05-18 11:51:33','1984-12-26 03:58:36'),(74,10,0,'1970-11-22 03:44:36','2000-07-11 16:36:06'),(74,74,0,'2014-09-10 07:30:08','1989-05-15 07:12:43'),(75,11,1,'2002-11-29 07:32:22','1970-04-02 12:49:37'),(75,75,0,'1982-05-25 00:18:18','1985-03-15 03:44:40'),(76,76,1,'2004-01-11 04:51:59','1996-07-17 04:23:43'),(77,77,0,'2020-06-11 07:57:59','1990-05-16 14:44:40'),(78,78,1,'1979-09-06 12:16:14','2010-01-25 20:25:57'),(79,79,1,'1992-01-13 05:53:36','2015-07-05 04:17:02'),(80,80,0,'2013-01-25 11:14:50','2016-06-07 10:08:11'),(81,81,1,'1982-07-19 21:40:50','1988-11-06 20:00:55'),(82,82,0,'1986-09-06 07:47:20','2002-12-24 02:40:06'),(83,83,0,'1972-12-26 14:37:34','1994-09-13 14:32:18'),(84,84,0,'2001-05-26 16:38:08','2001-03-12 07:34:33'),(85,85,0,'2002-03-28 07:14:14','1985-08-11 03:45:00'),(86,86,0,'1972-04-28 08:11:30','1988-08-13 06:09:18'),(87,87,1,'2006-09-26 15:16:17','2015-07-03 08:39:19'),(88,88,0,'1971-01-30 00:17:37','1995-05-17 14:57:09'),(89,89,0,'2001-09-04 06:03:06','2010-09-17 11:29:29'),(90,90,0,'2013-02-04 18:30:12','2003-11-14 20:35:21'),(91,91,1,'2019-03-21 23:03:34','2009-06-24 18:48:33'),(92,92,1,'1992-11-07 20:56:39','1979-05-24 23:00:07'),(93,93,0,'1981-05-01 13:53:51','2000-01-01 13:40:59'),(94,94,1,'1979-07-04 19:49:15','2014-03-07 00:11:40'),(95,95,0,'1974-09-17 16:06:21','1997-01-08 21:55:00'),(96,96,1,'2001-10-19 23:12:34','1977-09-30 15:59:52'),(97,97,0,'1989-06-20 18:15:04','1977-05-03 18:25:06'),(98,98,0,'1978-12-12 14:08:10','1999-03-20 10:22:52'),(99,99,0,'2001-08-29 00:09:55','1976-08-29 10:22:47'),(100,100,0,'2012-02-17 07:23:23','1991-06-14 18:34:02'),(101,101,1,'2011-08-07 07:34:55','2003-11-28 00:10:14'),(102,102,0,'1970-10-03 14:06:50','2019-10-07 18:21:12'),(103,103,1,'1974-12-24 08:19:23','1980-10-19 14:38:56');
/*!40000 ALTER TABLE `users_addresses` ENABLE KEYS */;
UNLOCK TABLES;

--
-- Table structure for table `users_field_activity`
--

DROP TABLE IF EXISTS `users_field_activity`;
/*!40101 SET @saved_cs_client     = @@character_set_client */;
/*!50503 SET character_set_client = utf8mb4 */;
CREATE TABLE `users_field_activity` (
  `user_id` int unsigned NOT NULL COMMENT 'Идентификатор пользователя',
  `field_activity_id` tinyint unsigned NOT NULL COMMENT 'Идентификатор сферы деятельности',
  PRIMARY KEY (`user_id`,`field_activity_id`) COMMENT 'Составной первичный ключ по пользователю и сфере деятельности',
  KEY `users_field_activity_id_fk` (`field_activity_id`),
  CONSTRAINT `users_field_activity__user_id_fk` FOREIGN KEY (`user_id`) REFERENCES `users` (`id`) ON DELETE CASCADE ON UPDATE CASCADE,
  CONSTRAINT `users_field_activity_id_fk` FOREIGN KEY (`field_activity_id`) REFERENCES `field_activity` (`id`) ON DELETE RESTRICT ON UPDATE CASCADE
) ENGINE=InnoDB DEFAULT CHARSET=utf8 COMMENT='Связи пользователей и их сфер деятелности';
/*!40101 SET character_set_client = @saved_cs_client */;

--
-- Dumping data for table `users_field_activity`
--

LOCK TABLES `users_field_activity` WRITE;
/*!40000 ALTER TABLE `users_field_activity` DISABLE KEYS */;
INSERT INTO `users_field_activity` VALUES (1,1),(11,1),(12,1),(23,1),(34,1),(45,1),(56,1),(67,1),(78,1),(89,1),(100,1),(1,2),(2,2),(12,2),(13,2),(24,2),(35,2),(46,2),(57,2),(68,2),(79,2),(90,2),(101,2),(2,3),(3,3),(13,3),(14,3),(25,3),(36,3),(47,3),(58,3),(69,3),(80,3),(91,3),(102,3),(3,4),(4,4),(14,4),(15,4),(26,4),(37,4),(48,4),(59,4),(70,4),(81,4),(92,4),(103,4),(4,5),(5,5),(15,5),(16,5),(27,5),(38,5),(49,5),(60,5),(71,5),(82,5),(93,5);
/*!40000 ALTER TABLE `users_field_activity` ENABLE KEYS */;
UNLOCK TABLES;

--
-- Table structure for table `vendors_code`
--

DROP TABLE IF EXISTS `vendors_code`;
/*!40101 SET @saved_cs_client     = @@character_set_client */;
/*!50503 SET character_set_client = utf8mb4 */;
CREATE TABLE `vendors_code` (
  `id` int unsigned NOT NULL AUTO_INCREMENT,
  `name` varchar(100) NOT NULL COMMENT 'Атрикул товара',
  PRIMARY KEY (`id`),
  UNIQUE KEY `name` (`name`)
) ENGINE=InnoDB AUTO_INCREMENT=437 DEFAULT CHARSET=utf8 COMMENT='Атрикул товара';
/*!40101 SET character_set_client = @saved_cs_client */;

--
-- Dumping data for table `vendors_code`
--

LOCK TABLES `vendors_code` WRITE;
/*!40000 ALTER TABLE `vendors_code` DISABLE KEYS */;
INSERT INTO `vendors_code` VALUES (75,'00124-6321'),(317,'00600-6694'),(385,'00631'),(251,'00666'),(191,'00817'),(165,'01039'),(109,'01039-2907'),(62,'01388'),(351,'01525-5179'),(357,'01720'),(152,'02001'),(63,'02099'),(273,'02151'),(110,'02217'),(162,'02219'),(235,'02273'),(2,'02409'),(425,'02452-7871'),(149,'02831'),(229,'02919-7198'),(380,'02945-9451'),(29,'02960'),(253,'03035-7667'),(319,'03047-4353'),(49,'03047-7408'),(125,'03450'),(166,'03792'),(25,'03843'),(224,'04094'),(413,'04164-3553'),(366,'04813'),(209,'05120'),(85,'05132-4286'),(187,'05244'),(326,'05459-5300'),(142,'05861-1730'),(176,'06080-2805'),(256,'06304-7422'),(381,'06763-7697'),(360,'06978'),(316,'07262-5071'),(384,'07520'),(6,'07545-9677'),(114,'07728-8297'),(429,'07849-7730'),(58,'07921-7955'),(147,'08106-2234'),(263,'08211-4170'),(88,'08316-2136'),(362,'08718-3048'),(396,'09133-0947'),(301,'09138-5586'),(358,'09337-5972'),(133,'09398'),(322,'09561-4333'),(420,'09620'),(5,'10268'),(33,'10378-2475'),(43,'10402-1002'),(158,'11080'),(303,'11271'),(115,'11318'),(415,'11689'),(193,'12380'),(308,'12712'),(27,'13224'),(32,'13471-5749'),(214,'13488-6299'),(153,'13585'),(433,'13899'),(70,'14076-0419'),(77,'14215-0692'),(311,'14338'),(353,'15275'),(232,'16232-2923'),(299,'17030-7312'),(46,'17232-5414'),(54,'17484'),(409,'17510-4767'),(410,'17705-3243'),(10,'17897'),(223,'18792'),(170,'18836'),(371,'18962-2431'),(309,'19782'),(15,'19991'),(217,'20179-3707'),(127,'20447-1434'),(20,'20519'),(262,'21074-4566'),(255,'21496-8897'),(339,'22672-8193'),(14,'22844'),(144,'23107'),(378,'23707'),(87,'24031-2515'),(45,'24455-3483'),(100,'24478'),(169,'24552-4282'),(403,'24579-6014'),(254,'24606-2236'),(185,'24705-6500'),(399,'24845-3928'),(203,'25236'),(71,'25239'),(119,'25298'),(283,'25465-5129'),(297,'25609'),(148,'25658'),(47,'26209'),(102,'26881-0138'),(190,'27016-6403'),(192,'27064-5753'),(394,'27263-8691'),(207,'27495-3279'),(124,'27682'),(248,'27870-3340'),(195,'27980'),(341,'28118-1748'),(404,'28154'),(240,'28409'),(356,'28966'),(302,'29045-4943'),(50,'29076'),(172,'29336'),(345,'29338-5153'),(368,'29351'),(80,'29761'),(324,'29787'),(336,'30151-2272'),(252,'30207-8773'),(383,'30229-6714'),(186,'30246-9107'),(348,'30347'),(274,'30491-5752'),(249,'30552'),(174,'30869'),(239,'30898-5096'),(131,'30933'),(244,'31217'),(325,'31297-1197'),(37,'31459-6185'),(361,'31535-8404'),(436,'31666'),(379,'31730-1591'),(83,'32064-5520'),(143,'32079-8709'),(163,'32261'),(211,'32838-0570'),(17,'33596'),(295,'34072-4299'),(167,'34109'),(200,'34338-9781'),(107,'34727'),(19,'34856'),(344,'34890-3549'),(180,'35159'),(266,'35539'),(307,'35550'),(227,'36378'),(426,'36712'),(42,'36877-7006'),(168,'36963'),(208,'37223-7107'),(7,'37226-3739'),(23,'37594'),(278,'38697'),(66,'39300'),(64,'39400-6490'),(51,'39436-2714'),(156,'39682'),(310,'40006-5597'),(282,'40151-2551'),(332,'40666-9089'),(312,'40695'),(103,'40904-6598'),(12,'41091'),(24,'41157'),(291,'41223-7878'),(184,'41373-1703'),(228,'41839-9390'),(111,'41854-9402'),(363,'42976-7536'),(199,'43031-9730'),(234,'43451-4661'),(120,'43685-7302'),(177,'44180'),(365,'44658-9535'),(391,'45135'),(89,'45172'),(241,'45458'),(434,'45792-4553'),(275,'45858'),(435,'46410'),(96,'46552'),(55,'46594'),(314,'46836'),(231,'46881'),(370,'47038'),(130,'47269'),(81,'47360'),(393,'47492'),(9,'47716'),(428,'48274-6836'),(230,'48304-4443'),(424,'48345-4967'),(333,'48486'),(330,'48549-7403'),(292,'48587-1604'),(128,'48662'),(150,'48901-0958'),(392,'48944'),(289,'48952'),(382,'49143-6179'),(78,'49241-7710'),(60,'49291-1635'),(395,'50048'),(69,'51186-5555'),(346,'51421'),(138,'51658-7488'),(417,'52057'),(212,'52967-2416'),(183,'53255-3795'),(57,'53389-1671'),(225,'53902-4849'),(304,'53953-7170'),(390,'54132-4453'),(431,'54363'),(294,'54460-5287'),(38,'54814'),(218,'55013-7541'),(313,'55367'),(300,'55494-1202'),(94,'55519'),(194,'55915'),(93,'55964-6886'),(84,'56298'),(387,'56303-4667'),(276,'56315-2223'),(21,'56564-4863'),(196,'56662'),(210,'57183-9016'),(182,'57313-3539'),(116,'57376'),(181,'57453'),(400,'57518'),(269,'57939-6938'),(329,'58139'),(355,'58439'),(340,'58537-8449'),(118,'59071-8511'),(11,'59173'),(97,'59693-0261'),(271,'59891'),(342,'60185'),(407,'60329-5216'),(315,'60615'),(245,'61689'),(129,'61902'),(298,'62802-4446'),(354,'63031'),(160,'63566'),(293,'64217-8134'),(202,'64643'),(197,'64818'),(205,'64822'),(350,'64851'),(323,'65147'),(112,'65333'),(377,'65609'),(296,'65735-9462'),(343,'65900'),(68,'65979'),(159,'66039'),(173,'66196-5319'),(321,'66227'),(226,'66771'),(281,'66790'),(412,'67118'),(388,'67525'),(106,'67636'),(41,'68130'),(8,'68160'),(265,'68237'),(364,'68985'),(290,'69095-0764'),(52,'69241-3303'),(222,'69437-5132'),(264,'69697-4535'),(372,'69703'),(137,'70155'),(26,'70172-8543'),(16,'70868-8511'),(285,'70965'),(373,'71001-7202'),(259,'71471-3314'),(34,'71862-0319'),(220,'71892'),(376,'71898-8106'),(305,'71957'),(213,'71963-6533'),(288,'72073-3716'),(335,'72474'),(320,'72612-9249'),(140,'72620-1482'),(82,'72940'),(56,'73101'),(154,'73766-6040'),(257,'73952-4444'),(318,'74085'),(123,'74274'),(352,'74510'),(132,'74767-1627'),(76,'74772'),(237,'74831'),(242,'74880-5410'),(67,'74920-0799'),(48,'74937'),(105,'75561'),(155,'75577-0869'),(161,'75671-3582'),(198,'75753-2094'),(287,'75770'),(272,'75772'),(359,'75830'),(164,'76172'),(117,'76289-7508'),(135,'76663-3511'),(90,'77191-5121'),(122,'77499-1060'),(279,'77639-1950'),(219,'77672-8440'),(126,'77804'),(267,'78062-0092'),(328,'78068-8077'),(331,'78415-0800'),(39,'78572'),(416,'78626-1397'),(337,'78669-4644'),(30,'79011'),(221,'79771-5689'),(349,'79955'),(4,'80134'),(73,'80158'),(236,'80414-4582'),(397,'80803-9185'),(1,'80857-8506'),(28,'81054-9962'),(98,'81471-4163'),(146,'81489-6730'),(430,'81530'),(405,'81693-7424'),(134,'82418-5691'),(286,'82931'),(79,'83063'),(74,'83077'),(258,'83334'),(246,'83617-6413'),(101,'83883-8424'),(408,'83991-7669'),(91,'84116'),(268,'84191'),(44,'84352'),(206,'84385'),(247,'84434'),(59,'84499'),(121,'84821-6314'),(95,'84856-0606'),(171,'84957-3251'),(215,'85015'),(22,'85393-3703'),(369,'85606-3928'),(260,'85671'),(141,'85785'),(422,'85963-5089'),(40,'86012'),(375,'86465'),(86,'86874'),(406,'87120-7413'),(432,'87312'),(347,'87675'),(243,'88155-5544'),(402,'88526'),(136,'88724-1615'),(367,'88747'),(72,'88957-9819'),(238,'89056-7164'),(179,'89189-2040'),(108,'89214'),(175,'89238'),(178,'89265'),(401,'89520'),(61,'89569'),(389,'89604-6273'),(418,'89803-6223'),(145,'89913'),(427,'90013-3172'),(53,'90190-1835'),(36,'90292'),(201,'90472-5725'),(421,'90699'),(398,'90760'),(189,'90967'),(65,'91010'),(157,'91015-7583'),(3,'91137'),(277,'91199'),(113,'91330'),(338,'91380'),(31,'91396-2080'),(151,'91451'),(18,'91458'),(92,'91538-4500'),(327,'92055-0797'),(386,'92511'),(374,'92572'),(233,'92701'),(216,'93182-5467'),(280,'93389'),(204,'93622'),(188,'93799-8510'),(13,'94204-5901'),(261,'94879-6715'),(334,'95903-8061'),(35,'96292'),(99,'96333-9881'),(284,'96489-4572'),(270,'96641-4046'),(250,'97476-4096'),(104,'97500'),(414,'97815-1821'),(411,'98591'),(306,'98658-5090'),(139,'99042-3822'),(423,'99107'),(419,'99322');
/*!40000 ALTER TABLE `vendors_code` ENABLE KEYS */;
UNLOCK TABLES;

--
-- Final view structure for view `order_information_detailed`
--

/*!50001 DROP VIEW IF EXISTS `order_information_detailed`*/;
/*!50001 SET @saved_cs_client          = @@character_set_client */;
/*!50001 SET @saved_cs_results         = @@character_set_results */;
/*!50001 SET @saved_col_connection     = @@collation_connection */;
/*!50001 SET character_set_client      = utf8mb4 */;
/*!50001 SET character_set_results     = utf8mb4 */;
/*!50001 SET collation_connection      = utf8mb4_0900_ai_ci */;
/*!50001 CREATE ALGORITHM=UNDEFINED */
/*!50013 DEFINER=`root`@`localhost` SQL SECURITY DEFINER */
/*!50001 VIEW `order_information_detailed` AS select `orders`.`id` AS `orders_id`,`media`.`file_path` AS `file_path`,`products`.`name` AS `name`,`sizes`.`name` AS `size`,`vendors_code`.`name` AS `vendor`,`colors`.`name` AS `colors`,`orders_products`.`product_count` AS `count`,`orders_products`.`product_shipped_count` AS `shipped_count`,`prices`.`price` AS `price_for_one`,(select (`prices`.`price` * `orders_products`.`product_shipped_count`)) AS `prices_for_all`,`orders_products`.`comment` AS `comment` from ((((((((`orders` join `orders_products` on((`orders`.`id` = `orders_products`.`order_id`))) join `products` on((`orders_products`.`product_id` = `products`.`id`))) join `prices` on(((`orders_products`.`product_id` = `prices`.`product_id`) and (`orders_products`.`size_id` = `prices`.`size_id`)))) join `sizes` on((`prices`.`size_id` = `sizes`.`id`))) join `vendors_code` on((`products`.`vendor_code_id` = `vendors_code`.`id`))) join `colors` on((`products`.`color_id` = `colors`.`id`))) join `products_media` on((`products`.`id` = `products_media`.`product_id`))) join `media` on((`products_media`.`media_id` = `media`.`id`))) */;
/*!50001 SET character_set_client      = @saved_cs_client */;
/*!50001 SET character_set_results     = @saved_cs_results */;
/*!50001 SET collation_connection      = @saved_col_connection */;

--
-- Final view structure for view `orders_information`
--

/*!50001 DROP VIEW IF EXISTS `orders_information`*/;
/*!50001 SET @saved_cs_client          = @@character_set_client */;
/*!50001 SET @saved_cs_results         = @@character_set_results */;
/*!50001 SET @saved_col_connection     = @@collation_connection */;
/*!50001 SET character_set_client      = utf8mb4 */;
/*!50001 SET character_set_results     = utf8mb4 */;
/*!50001 SET collation_connection      = utf8mb4_0900_ai_ci */;
/*!50001 CREATE ALGORITHM=UNDEFINED */
/*!50013 DEFINER=`root`@`localhost` SQL SECURITY DEFINER */
/*!50001 VIEW `orders_information` AS select `orders`.`id` AS `order_id`,`orders_type`.`name` AS `type`,`orders`.`created_at` AS `created_at`,(`orders`.`created_at` + interval 3 day) AS `payment_before`,`orders`.`total_cost` AS `total_cost`,`orders_status`.`name` AS `status`,`orders`.`check_url` AS `check_url`,`shipping_company`.`name` AS `shipping_company`,`orders`.`track_number` AS `track_number` from (((`orders` join `orders_type` on((`orders`.`order_type_id` = `orders_type`.`id`))) join `orders_status` on((`orders`.`current_status_id` = `orders_status`.`id`))) join `shipping_company` on((`orders`.`shipping_company_id` = `shipping_company`.`id`))) order by `orders`.`user_id`,`orders`.`id` */;
/*!50001 SET character_set_client      = @saved_cs_client */;
/*!50001 SET character_set_results     = @saved_cs_results */;
/*!50001 SET collation_connection      = @saved_col_connection */;

--
-- Final view structure for view `user_delivery_address`
--

/*!50001 DROP VIEW IF EXISTS `user_delivery_address`*/;
/*!50001 SET @saved_cs_client          = @@character_set_client */;
/*!50001 SET @saved_cs_results         = @@character_set_results */;
/*!50001 SET @saved_col_connection     = @@collation_connection */;
/*!50001 SET character_set_client      = utf8mb4 */;
/*!50001 SET character_set_results     = utf8mb4 */;
/*!50001 SET collation_connection      = utf8mb4_0900_ai_ci */;
/*!50001 CREATE ALGORITHM=UNDEFINED */
/*!50013 DEFINER=`root`@`localhost` SQL SECURITY DEFINER */
/*!50001 VIEW `user_delivery_address` AS select concat_ws(' ',`users`.`name`,`users`.`patronymic`,`users`.`surname`) AS `user`,`addresses`.`address` AS `address`,concat_ws(' ',`addresses`.`name`,`addresses`.`patronymic`,`addresses`.`surname`) AS `recipient_user` from ((`users` left join `users_addresses` on((`users`.`id` = `users_addresses`.`user_id`))) left join `addresses` on((`users_addresses`.`address_id` = `addresses`.`id`))) order by left(`users`.`name`,4) */;
/*!50001 SET character_set_client      = @saved_cs_client */;
/*!50001 SET character_set_results     = @saved_cs_results */;
/*!50001 SET collation_connection      = @saved_col_connection */;
/*!40103 SET TIME_ZONE=@OLD_TIME_ZONE */;

/*!40101 SET SQL_MODE=@OLD_SQL_MODE */;
/*!40014 SET FOREIGN_KEY_CHECKS=@OLD_FOREIGN_KEY_CHECKS */;
/*!40014 SET UNIQUE_CHECKS=@OLD_UNIQUE_CHECKS */;
/*!40101 SET CHARACTER_SET_CLIENT=@OLD_CHARACTER_SET_CLIENT */;
/*!40101 SET CHARACTER_SET_RESULTS=@OLD_CHARACTER_SET_RESULTS */;
/*!40101 SET COLLATION_CONNECTION=@OLD_COLLATION_CONNECTION */;
/*!40111 SET SQL_NOTES=@OLD_SQL_NOTES */;

-- Dump completed on 2020-12-19  6:25:43
